method,HLA_Name,beta,roc_auc,roc_auc_sd,n_seeds,n_folds,pos_count,neg_count,HLA_Type
BLOSUM62,H2-IAbB_H2-IAbA,H2-IAbB,0.476279459402424,0.0131638639752408,3.0,5.0,1533,509,H2
BLOSUM62,H2-IAg7B_H2-IAg7A,H2-IAg7B,0.5439997903399113,0.035310469248175,3.0,5.0,483,79,H2
BLOSUM62,H2-IAdB_H2-IAdA,H2-IAdB,0.5638720583069898,0.0356437933106467,3.0,5.0,104,146,H2
BLOSUM62,H2-IAuB_H2-IAuA,H2-IAuB,0.3191358024691358,0.0347602672229656,3.0,5.0,12,9,H2
BLOSUM62,H2-IEdB_H2-IEdA,H2-IEdB,0.5196547793518972,0.0192316368320783,3.0,5.0,23,89,H2
BLOSUM62,H2-IEkB_H2-IEkA,H2-IEkB,0.5482801751094434,0.0356967827172495,3.0,5.0,41,13,H2
BLOSUM62,H2-IAsB_H2-IAsA,H2-IAsB,0.4254901960784313,0.0472499183768663,3.0,5.0,17,8,H2
BLOSUM62,H2-IAkB_H2-IAkA,H2-IAkB,0.363076923076923,0.0598370568525981,3.0,5.0,20,13,H2
Chai-1,H2-IAbB_H2-IAbA,H2-IAbB,0.6301359610507281,0.0317450884644765,3.0,5.0,1533,509,H2
Chai-1,H2-IAg7B_H2-IAg7A,H2-IAg7B,0.6720680346987447,0.0182850845238479,3.0,5.0,483,79,H2
Chai-1,H2-IAdB_H2-IAdA,H2-IAdB,0.6540525114155251,0.0032971083557,3.0,5.0,104,146,H2
Chai-1,H2-IAuB_H2-IAuA,H2-IAuB,0.2216049382716049,0.0396025060057912,3.0,5.0,12,9,H2
Chai-1,H2-IEdB_H2-IEdA,H2-IEdB,0.6060576453346361,0.0104076500376335,3.0,5.0,23,89,H2
Chai-1,H2-IEkB_H2-IEkA,H2-IEkB,0.634021263289556,0.0184374731927381,3.0,5.0,41,13,H2
Chai-1,H2-IAsB_H2-IAsA,H2-IAsB,0.8303921568627451,0.0111351144035299,3.0,5.0,17,8,H2
Chai-1,H2-IAkB_H2-IAkA,H2-IAkB,0.5202564102564103,0.0178311165648346,3.0,5.0,20,13,H2
ESMC 300M,H2-IAbB_H2-IAbA,H2-IAbB,0.6907131515307633,0.013476941378186,3.0,5.0,1533,509,H2
ESMC 300M,H2-IAg7B_H2-IAg7A,H2-IAg7B,0.7293864821657886,0.025059192326869,3.0,5.0,483,79,H2
ESMC 300M,H2-IAdB_H2-IAdA,H2-IAdB,0.6672374429223744,0.0170130261549759,3.0,5.0,104,146,H2
ESMC 300M,H2-IAuB_H2-IAuA,H2-IAuB,0.4209876543209876,0.0486559170344162,3.0,5.0,12,9,H2
ESMC 300M,H2-IEdB_H2-IEdA,H2-IEdB,0.6265429083211204,0.0342985887501536,3.0,5.0,23,89,H2
ESMC 300M,H2-IEkB_H2-IEkA,H2-IEkB,0.4767979987492182,0.0343628239283966,3.0,5.0,41,13,H2
ESMC 300M,H2-IAsB_H2-IAsA,H2-IAsB,0.5862745098039216,0.0301500476758466,3.0,5.0,17,8,H2
ESMC 300M,H2-IAkB_H2-IAkA,H2-IAkB,0.4882051282051282,0.0660926968426685,3.0,5.0,20,13,H2
ESM3 Small,H2-IAbB_H2-IAbA,H2-IAbB,0.7190827766008754,0.0168653670078714,3.0,5.0,1533,509,H2
ESM3 Small,H2-IAg7B_H2-IAg7A,H2-IAg7B,0.7092643551641901,0.0306060560180517,3.0,5.0,483,79,H2
ESM3 Small,H2-IAdB_H2-IAdA,H2-IAdB,0.6306023884791009,0.0084868494081526,3.0,5.0,104,146,H2
ESM3 Small,H2-IAuB_H2-IAuA,H2-IAuB,0.2450617283950617,0.0658471578268408,3.0,5.0,12,9,H2
ESM3 Small,H2-IEdB_H2-IEdA,H2-IEdB,0.5356130923302395,0.0619436152582775,3.0,5.0,23,89,H2
ESM3 Small,H2-IEkB_H2-IEkA,H2-IEkB,0.5372107567229519,0.0069426837205143,3.0,5.0,41,13,H2
ESM3 Small,H2-IAsB_H2-IAsA,H2-IAsB,0.6965686274509805,0.0272091942870155,3.0,5.0,17,8,H2
ESM3 Small,H2-IAkB_H2-IAkA,H2-IAkB,0.5664102564102563,0.0916009267586167,3.0,5.0,20,13,H2
DeepNeo,H2-IAbB_H2-IAbA,H2-IAbB,0.5774052273258344,0.0527316851813892,3.0,5.0,1533,509,H2
DeepNeo,H2-IAg7B_H2-IAg7A,H2-IAg7B,0.2570520044378052,0.0095272825516758,3.0,5.0,483,79,H2
DeepNeo,H2-IAdB_H2-IAdA,H2-IAdB,0.4556243414120127,0.0356501482461456,3.0,5.0,104,146,H2
DeepNeo,H2-IAuB_H2-IAuA,H2-IAuB,0.8222222222222223,0.0345954475782767,3.0,5.0,12,9,H2
DeepNeo,H2-IEdB_H2-IEdA,H2-IEdB,0.6318189219996743,0.0163058313096307,3.0,5.0,23,89,H2
DeepNeo,H2-IEkB_H2-IEkA,H2-IEkB,0.3792370231394621,0.0294178440557002,3.0,5.0,41,13,H2
DeepNeo,H2-IAsB_H2-IAsA,H2-IAsB,0.4083333333333334,0.1018251832083275,3.0,5.0,17,8,H2
DeepNeo,H2-IAkB_H2-IAkA,H2-IAkB,0.3946153846153846,0.0850513245672922,3.0,5.0,20,13,H2
NetMHCIIpan-4.3,H2-IAbB_H2-IAbA,H2-IAbB,0.914375551873197,,,,1533,509,H2
NetMHCIIpan-4.3,H2-IAdB_H2-IAdA,H2-IAdB,0.7471022128556375,,,,104,146,H2
NetMHCIIpan-4.3,H2-IAuB_H2-IAuA,H2-IAuB,0.324074074074074,,,,12,9,H2
NetMHCIIpan-4.3,H2-IEdB_H2-IEdA,H2-IEdB,0.6787982413287738,,,,23,89,H2
NetMHCIIpan-4.3,H2-IEkB_H2-IEkA,H2-IEkB,0.7373358348968105,,,,41,13,H2
NetMHCIIpan-4.3,H2-IAsB_H2-IAsA,H2-IAsB,0.7058823529411765,,,,17,8,H2
NetMHCIIpan-4.3,H2-IAkB_H2-IAkA,H2-IAkB,0.582995951417004,,,,19,13,H2
MixMHC2pred-2.0,H2-IAbB_H2-IAbA,H2-IAbB,0.9021878848694792,,,,1533,509,H2
MixMHC2pred-2.0,H2-IAg7B_H2-IAg7A,H2-IAg7B,0.9072516183138088,,,,483,79,H2
MixMHC2pred-2.0,H2-IAdB_H2-IAdA,H2-IAdB,0.704326923076923,,,,104,146,H2
MixMHC2pred-2.0,H2-IAuB_H2-IAuA,H2-IAuB,0.875,,,,12,9,H2
MixMHC2pred-2.0,H2-IEdB_H2-IEdA,H2-IEdB,0.6692721055202736,,,,23,89,H2
MixMHC2pred-2.0,H2-IEkB_H2-IEkA,H2-IEkB,0.6303939962476548,,,,41,13,H2
MixMHC2pred-2.0,H2-IAsB_H2-IAsA,H2-IAsB,0.5661764705882353,,,,17,8,H2
MixMHC2pred-2.0,H2-IAkB_H2-IAkA,H2-IAkB,0.6680161943319838,,,,19,13,H2
