method,molecule,roc_auc,roc_auc_sd,pr_auc,pr_auc_sd,f1,f1_sd,accuracy,accuracy_sd,mcc,mcc_sd,n_seeds,n,beta,HLA_Type
BLOSUM62,H2-IAbB_H2-IAbA,0.6038202974850174,0.0249500724445702,0.822988973156393,0.0113935637335849,0.7749313631204123,0.0328050402794443,0.6697682011100229,0.0320629474890442,0.0829753471029786,0.023939942263551,3.0,,H2-IAbB,H2
BLOSUM62,H2-IAdB_H2-IAdA,0.585504478398314,0.0145961820191958,0.4850230402807476,0.0217100327922656,0.5738599479977986,0.0114785655756998,0.4784,0.004454211490264,0.0740187121014234,0.0313836210026716,3.0,,H2-IAdB,H2
BLOSUM62,H2-IEdB_H2-IEdA,0.5288715192965315,0.0372902867048942,0.2579013964116807,0.0161206805528553,0.3393655764518959,0.0042475660297368,0.2345238095238095,0.0203080025109904,-0.0106247774394891,0.0617693671290536,3.0,,H2-IEdB,H2
BLOSUM62,HLA-DPB1~01:01_HLA-DPA1~02:01,0.815386052958201,0.0518985182218434,0.9064538283673887,0.0294380867231072,0.8350283609114696,0.0096785393903962,0.7242488362251375,0.0196300354131028,0.1982514175868611,0.0708160719229453,3.0,,HLA-DPB1~01:01,DP
BLOSUM62,HLA-DPB1~02:01_HLA-DPA1~01:03,0.8890753616516766,0.0227370186065548,0.9576368789982304,0.0097990057131594,0.8867988187740607,0.007626654110415,0.808266879319511,0.0154962325018033,0.3756551061181932,0.0747344108954029,3.0,,HLA-DPB1~02:01,DP
BLOSUM62,HLA-DPB1~04:01_HLA-DPA1~01:03,0.8536382544103992,0.0422781063025539,0.9490755110859426,0.0168946652088865,0.9045567927661388,0.0101647186021947,0.842830848518314,0.0147914813070548,0.4781514799026462,0.0715680107818933,3.0,,HLA-DPB1~04:01,DP
BLOSUM62,HLA-DPB1~04:02_HLA-DPA1~03:01,0.8068461223756871,0.0077108059963453,0.5583468900942458,0.0150535396119327,0.5447931555771891,0.0086844611204115,0.6353825136612022,0.0351148041638885,0.3682772726276884,0.009804088379662,3.0,,HLA-DPB1~04:02,DP
BLOSUM62,HLA-DPB1~05:01_HLA-DPA1~02:01,0.7122632129774987,0.0075784475442803,0.3578321037442859,0.0091832821717061,0.4270088757436787,0.0061567974936397,0.5755464480874317,0.0195954933647466,0.2476957627865494,0.0133992842684529,3.0,,HLA-DPB1~05:01,DP
BLOSUM62,HLA-DPB1~05:01_HLA-DPA1~02:02,0.7573197655979426,0.0095482114834268,0.8664376512283479,0.0085143892027567,0.5909863238609679,0.0526287778306943,0.5949584068565666,0.0302289233034355,0.3172109385333622,0.0194789435221335,3.0,,HLA-DPB1~05:01,DP
BLOSUM62,HLA-DQB1~02:01_HLA-DQA1~05:01,0.7763992402972343,0.024068179730314,0.8322675512485137,0.0205603485010766,0.7584242708181873,0.0113009296653139,0.6853801169590644,0.0248703773841928,0.3467712351032741,0.0571238706435795,3.0,,HLA-DQB1~02:01,DQ
BLOSUM62,HLA-DQB1~03:01_HLA-DQA1~02:01,0.7150626198216221,0.0343573354279385,0.7336883423339192,0.039437212776472,0.6898001424631781,0.0157870838677118,0.6050279329608939,0.0537801994511069,0.2324573011356852,0.098758347109666,3.0,,HLA-DQB1~03:01,DQ
BLOSUM62,HLA-DQB1~03:01_HLA-DQA1~03:01,0.7686274509803922,0.0256639046799386,0.7374519810189395,0.0349474181700861,0.6719940914534969,0.0298146394091979,0.6789473684210526,0.0493026157768295,0.3835861638286006,0.0713193300551436,3.0,,HLA-DQB1~03:01,DQ
BLOSUM62,HLA-DQB1~03:01_HLA-DQA1~05:01,0.6947449272007847,0.0258115382695683,0.7555090531831885,0.0297428622609255,0.7449295266496208,0.0005329065211108,0.5953379953379954,0.0020112779048339,0.0346993297457369,0.0168632484888589,3.0,,HLA-DQB1~03:01,DQ
BLOSUM62,HLA-DQB1~03:02_HLA-DQA1~03:01,0.6584865552478737,0.0421736027106171,0.6036638553301246,0.0502594816992388,0.5651940712214895,0.0374217305217584,0.5921702303481045,0.0187401821063733,0.2050042224668,0.0496857914983686,3.0,,HLA-DQB1~03:02,DQ
BLOSUM62,HLA-DQB1~03:02_HLA-DQA1~05:01,0.753696575577179,0.0144247312454775,0.6286027338388391,0.0198276836930465,0.6162616292723911,0.00186483557592,0.6673059360730594,0.0178110289318355,0.350561665100013,0.0172790244329741,3.0,,HLA-DQB1~03:02,DQ
BLOSUM62,HLA-DQB1~03:03_HLA-DQA1~02:01,0.7810662324423792,0.0200963112850377,0.7493643063506609,0.0302408256253264,0.6611100624884765,0.016506527352489,0.6985955056179775,0.0101162601715556,0.3957270629329357,0.023979871349751,3.0,,HLA-DQB1~03:03,DQ
BLOSUM62,HLA-DQB1~03:03_HLA-DQA1~05:01,0.7981954156954156,0.0014084924062322,0.7574481815035509,0.0045522964706371,0.6593775773337812,0.0225171969749906,0.7108998732572878,0.0012222624538646,0.4243783272276155,0.0024903317922718,3.0,,HLA-DQB1~03:03,DQ
BLOSUM62,HLA-DQB1~04:02_HLA-DQA1~02:01,0.7724789828792419,0.0118260890529032,0.7189359674456872,0.0125102922269806,0.6649323700659869,0.0224659319515468,0.6746438746438747,0.0200505849685616,0.3796632062157807,0.0350909110488416,3.0,,HLA-DQB1~04:02,DQ
BLOSUM62,HLA-DQB1~04:02_HLA-DQA1~03:03,0.6747674615254523,0.0256918011161934,0.4832557803658996,0.0304698798040197,0.4976807750306071,0.0137358721658084,0.5936748893105629,0.0263813990109383,0.217062635353416,0.0339645304944972,3.0,,HLA-DQB1~04:02,DQ
BLOSUM62,HLA-DQB1~04:02_HLA-DQA1~05:01,0.7456560692161983,0.0098744212773518,0.7771442476623246,0.003565020759063,0.5813208816721361,0.0312104513422935,0.634059022738268,0.0189577705281486,0.3338615484822809,0.0260210541959276,3.0,,HLA-DQB1~04:02,DQ
BLOSUM62,HLA-DQB1~04:02_HLA-DQA1~06:01,0.7744289131494518,0.0078954404534213,0.6103054933607869,0.0126833768192175,0.5799249618487107,0.0136812362405005,0.6444444444444445,0.023864571285917,0.3481422106249544,0.0270927400366981,3.0,,HLA-DQB1~04:02,DQ
BLOSUM62,HLA-DQB1~05:01_HLA-DQA1~01:01,0.630694275274056,0.0672299365472219,0.3368974302454151,0.0632100371774639,0.4044022540443493,0.0545253845042919,0.5646511627906977,0.0230404915517542,0.1534884281151974,0.085433286742993,3.0,,HLA-DQB1~05:01,DQ
BLOSUM62,HLA-DQB1~05:01_HLA-DQA1~01:02,0.636455566905005,0.0267193999970794,0.6980716631717231,0.0271715261513337,0.4218247572257805,0.0536974142373464,0.502234382124943,0.0146734496388623,0.1262664026033956,0.0289411463787919,3.0,,HLA-DQB1~05:01,DQ
BLOSUM62,HLA-DQB1~05:02_HLA-DQA1~01:02,0.6411419753086419,0.0240991678333636,0.4850596908245609,0.0252598383626255,0.4477767778694051,0.0071102253125678,0.6059523809523809,0.0176174387939866,0.1641276711423712,0.0038315101242877,3.0,,HLA-DQB1~05:02,DQ
BLOSUM62,HLA-DQB1~05:03_HLA-DQA1~01:04,0.6085698005698005,0.0223885774214843,0.3836176955825982,0.0281719120517179,0.312647447593158,0.073871867470972,0.6550898203592815,0.0335970302733067,0.1151897804062516,0.0572555705021725,3.0,,HLA-DQB1~05:03,DQ
BLOSUM62,HLA-DQB1~06:02_HLA-DQA1~01:02,0.5719717739687341,0.0078018460757495,0.4297444498819685,0.0045984315255196,0.4046827785971593,0.0645385531705142,0.57089072543618,0.0201729902449876,0.0925050875003463,0.0135593562627261,3.0,,HLA-DQB1~06:02,DQ
BLOSUM62,HLA-DQB1~06:03_HLA-DQA1~01:03,0.7409381330839957,0.00244821377238,0.4377983217640415,0.0070788491292438,0.3903557163392676,0.0152356516389394,0.7568773234200744,0.010488279538785,0.2557210402712198,0.0129042239957922,3.0,,HLA-DQB1~06:03,DQ
BLOSUM62,HLA-DRB1~01:01_HLA-DRA~01:01,0.6581167477185441,0.0229162051698903,0.8313094594806519,0.0156284575751444,0.8533131921008624,0.0039962286926806,0.7544649838916518,0.0063166896599461,0.1806572566366917,0.0226797149007669,3.0,,HLA-DRB1~01:01,DR
BLOSUM62,HLA-DRB1~03:01_HLA-DRA~01:01,0.6886207248743377,0.0160014442440131,0.6568123095199595,0.0167319422078769,0.6612561839505845,0.0203080422846036,0.6245419479267117,0.0045099368028824,0.26801290952481,0.0089983817585954,3.0,,HLA-DRB1~03:01,DR
BLOSUM62,HLA-DRB1~04:04_HLA-DRA~01:01,0.5920303388906182,0.0105998147481023,0.4142513843712079,0.0085010165314833,0.5524309079380766,0.0017067417609262,0.4383289231015956,0.0038284610640649,0.1502105986332399,0.006844912910472,3.0,,HLA-DRB1~04:04,DR
BLOSUM62,HLA-DRB1~04:05_HLA-DRA~01:01,0.700273360340152,0.011653861187614,0.7707256425166262,0.00980157413567,0.7807786208026056,0.0308370597029905,0.6933428947053902,0.023002950311132,0.3040434490146396,0.0252732912599401,3.0,,HLA-DRB1~04:05,DR
BLOSUM62,HLA-DRB1~07:01_HLA-DRA~01:01,0.7207616013775748,0.0178253182647755,0.5386552480190171,0.0231499005059314,0.5403969388957642,0.0196906245063362,0.6008497922211328,0.0518661915979666,0.2779092395754448,0.0312844714220634,3.0,,HLA-DRB1~07:01,DR
BLOSUM62,HLA-DRB1~08:01_HLA-DRA~01:01,0.7179353942240541,0.0088169148917176,0.8799402394737738,0.0023619417215612,0.486309614281101,0.0477064490756048,0.4644003777148253,0.0274988585270687,0.1986201014553982,0.0157200539394038,3.0,,HLA-DRB1~08:01,DR
BLOSUM62,HLA-DRB1~08:02_HLA-DRA~01:01,0.6889258557424792,0.0027126665124951,0.6166485704899216,0.0011777802117648,0.6259785248209105,0.01224106653507,0.6163593380614657,0.0084938105240229,0.2621055676184891,0.0100430479063407,3.0,,HLA-DRB1~08:02,DR
BLOSUM62,HLA-DRB1~09:01_HLA-DRA~01:01,0.7385225385001921,0.0146197075345666,0.7629777243118893,0.0137723499612966,0.6637509395669995,0.037590135588505,0.658392101551481,0.0114482419718641,0.3399105521895467,0.0120551730743633,3.0,,HLA-DRB1~09:01,DR
BLOSUM62,HLA-DRB1~11:01_HLA-DRA~01:01,0.8060416102454392,0.0109123558746624,0.807343363652585,0.0094711648210964,0.7692871414606105,0.0101924280449575,0.7165618448637318,0.0319885486310846,0.4453930794342939,0.0462934251227474,3.0,,HLA-DRB1~11:01,DR
BLOSUM62,HLA-DRB1~12:01_HLA-DRA~01:01,0.7259566344371997,0.014780124747776,0.6859119749667143,0.0167380473522891,0.7208294800505443,0.0031098813942647,0.6494287432351172,0.0221237804707912,0.3386105266862021,0.0306618332964403,3.0,,HLA-DRB1~12:01,DR
BLOSUM62,HLA-DRB1~13:01_HLA-DRA~01:01,0.864992601170945,0.0080301766568563,0.9201376747654454,0.0093571934873333,0.8394095892462771,0.016690702822071,0.7903471634208298,0.013223249596132,0.5413738933405458,0.0159069227214697,3.0,,HLA-DRB1~13:01,DR
BLOSUM62,HLA-DRB1~13:02_HLA-DRA~01:01,0.7071421791216942,0.0067467922891442,0.6509819121628019,0.0093565836282021,0.6501093783784063,0.0336069028871329,0.6458790806616893,0.0103991936501093,0.3070411103489041,0.0191295212227487,3.0,,HLA-DRB1~13:02,DR
BLOSUM62,HLA-DRB1~14:54_HLA-DRA~01:01,0.8098082460644092,0.019083057007165,0.9188532969551249,0.0110617120292692,0.8771650484977899,0.0013638184752779,0.7965014577259475,0.0047728004500714,0.3595449164250838,0.0388403038675788,3.0,,HLA-DRB1~14:54,DR
BLOSUM62,HLA-DRB1~15:01_HLA-DRA~01:01,0.7306822214861612,0.0048520310052447,0.4922394454059893,0.005963079743275,0.4457630382175836,0.024135882933479,0.7195149547422274,0.0058111428883123,0.2800853284441134,0.0108592981930439,3.0,,HLA-DRB1~15:01,DR
BLOSUM62,HLA-DRB1~16:02_HLA-DRA~01:01,0.6395061728395062,0.0370779908365889,0.850740834769416,0.0073840309244736,0.8296932042220284,0.0265345684905146,0.7261904761904762,0.035408212276231,0.1208334544653352,0.0683995270589495,3.0,,HLA-DRB1~16:02,DR
BLOSUM62,HLA-DRB3~01:01_HLA-DRA~01:01,0.6494171567145844,0.0023799947556202,0.495994081256168,0.001165366296398,0.572333291270744,0.0096891339225791,0.6,0.0040563001197613,0.2262723764515956,0.0038772215362297,3.0,,HLA-DRB3~01:01,DR
BLOSUM62,HLA-DRB3~02:02_HLA-DRA~01:01,0.6997124822202632,0.0039419372080613,0.688413223490374,0.0027654422360885,0.5944770653472956,0.0258590023021159,0.6188053949903661,0.0098678344064238,0.2546451405486938,0.0142093305509964,3.0,,HLA-DRB3~02:02,DR
BLOSUM62,HLA-DRB3~03:01_HLA-DRA~01:01,0.7289201771888215,0.0120326097514744,0.8224784004261437,0.0060554076148311,0.739330588129956,0.0375248052919862,0.6775173611111112,0.0281350451454346,0.3190547076634224,0.0275790570864638,3.0,,HLA-DRB3~03:01,DR
BLOSUM62,HLA-DRB4~01:01_HLA-DRA~01:01,0.7239516952191783,0.0065252918583151,0.6941194142289979,0.0004820913342347,0.689767395082901,0.0062063332843977,0.5822343489464908,0.0134195300036078,0.2561317164747323,0.0291657463064422,3.0,,HLA-DRB4~01:01,DR
BLOSUM62,HLA-DRB5~01:01_HLA-DRA~01:01,0.747779271693136,0.013202802737977,0.8269143191838682,0.0094099021385842,0.7952940181073173,0.0131933544578628,0.7199732031773376,0.008804899155256,0.3648489121454559,0.0135220809983177,3.0,,HLA-DRB5~01:01,DR
Chai-1,H2-IAbB_H2-IAbA,0.7015477440000409,0.0579509859460784,0.876172170020809,0.0253637717646729,0.8035202845084278,0.0271454932156433,0.7079333986287953,0.0372806068328754,0.2250638408673582,0.0939787168325464,3.0,,H2-IAbB,H2
Chai-1,H2-IAdB_H2-IAdA,0.666706181945908,0.0065597126804653,0.5627192731643325,0.0058736073829394,0.6021914831894449,0.0100627304829878,0.6128,0.0139484766193301,0.2538447892177355,0.023059044288903,3.0,,H2-IAdB,H2
Chai-1,H2-IEdB_H2-IEdA,0.6112359550561798,0.00640464156974,0.257639096160394,0.0098404662227414,0.3785647441050553,0.0086545038497809,0.4410714285714285,0.0223749358681101,0.1508350516652503,0.0245354472698891,3.0,,H2-IEdB,H2
Chai-1,HLA-DPB1~01:01_HLA-DPA1~02:01,0.9441375334077464,0.0087601103054625,0.9773410993810656,0.0037752830828339,0.8836233750065662,0.0044866803592689,0.8197771194808858,0.0090215451088286,0.544576493749238,0.0282970074451613,3.0,,HLA-DPB1~01:01,DP
Chai-1,HLA-DPB1~02:01_HLA-DPA1~01:03,0.9175208638238304,0.0413187940165375,0.969464744631993,0.0179104147800128,0.9063408502717292,0.0150196426027853,0.8423179160021265,0.0266086518438282,0.4868143391658188,0.1017934670039172,3.0,,HLA-DPB1~02:01,DP
Chai-1,HLA-DPB1~04:01_HLA-DPA1~01:03,0.9719782729805012,0.0034872065360733,0.9920912313861252,0.000956425810858,0.9502743519166692,0.0129894962575457,0.9223265230995766,0.0178487225091736,0.7764417504778046,0.0321049014824738,3.0,,HLA-DPB1~04:01,DP
Chai-1,HLA-DPB1~04:02_HLA-DPA1~03:01,0.8480679910179584,0.0029349459777651,0.6349211013065068,0.0057054308316371,0.6251466339191247,0.0213757547874628,0.7914617486338797,0.0085535382277907,0.4881501611189122,0.0274968492007984,3.0,,HLA-DPB1~04:02,DP
Chai-1,HLA-DPB1~05:01_HLA-DPA1~02:01,0.8507818768533054,0.0054907369045817,0.583619181542317,0.0153363154285593,0.5738468266495035,0.0033542943542885,0.7843579234972676,0.0153296403231035,0.4594635774127773,0.0075649734457608,3.0,,HLA-DPB1~05:01,DP
Chai-1,HLA-DPB1~05:01_HLA-DPA1~02:02,0.8278997597924139,0.0050301874774244,0.9040508215799318,0.0027351356601676,0.8218616222716753,0.0191964867584106,0.7625745735652467,0.0116821810879928,0.4708290120323566,0.0154200867078292,3.0,,HLA-DPB1~05:01,DP
Chai-1,HLA-DQB1~02:01_HLA-DQA1~05:01,0.8409127593220117,0.0088891594155454,0.8958583979465434,0.0063943631240645,0.7797362109094771,0.0073284606754041,0.7169956140350878,0.0192748687160172,0.416169605041565,0.042766214504725,3.0,,HLA-DQB1~02:01,DQ
Chai-1,HLA-DQB1~03:01_HLA-DQA1~02:01,0.7601983829290656,0.0248237848469322,0.7820924752159891,0.0255791149104547,0.7221951189111732,0.0114929576469493,0.6581936685288641,0.0184998322102772,0.3334651311947427,0.035284608868484,3.0,,HLA-DQB1~03:01,DQ
Chai-1,HLA-DQB1~03:01_HLA-DQA1~03:01,0.7997198879551822,0.0201364325503932,0.7858718692033939,0.0291627473460668,0.6985006614259356,0.0185564623484505,0.7219298245614034,0.0308392909320121,0.4451331009333667,0.0543541682850885,3.0,,HLA-DQB1~03:01,DQ
Chai-1,HLA-DQB1~03:01_HLA-DQA1~05:01,0.7676776444135833,0.0056285768464352,0.8260559666272377,0.002422358724313,0.7541771578428463,0.0006508486332193,0.6219780219780219,0.0031145768767472,0.1582870832171875,0.0190275748319307,3.0,,HLA-DQB1~03:01,DQ
Chai-1,HLA-DQB1~03:02_HLA-DQA1~03:01,0.7156746295172344,0.0150137719762526,0.6579691370532857,0.0186890028266007,0.5963008722052155,0.0248334079811125,0.6548290465860965,0.0106651592581299,0.3043422897356611,0.0205334111441876,3.0,,HLA-DQB1~03:02,DQ
Chai-1,HLA-DQB1~03:02_HLA-DQA1~05:01,0.7708513639515147,0.0110219365054572,0.6420524385825885,0.0153502547540929,0.6487430222106961,0.0130524998879825,0.6873972602739725,0.0186160301143661,0.3966813958471399,0.0233690296010464,3.0,,HLA-DQB1~03:02,DQ
Chai-1,HLA-DQB1~03:03_HLA-DQA1~02:01,0.8840271654950554,0.0055594407534916,0.8678324714806273,0.0068746160147859,0.7465909451687508,0.0107457037269103,0.7870786516853933,0.0070560992624047,0.5796720994151522,0.0112559244670355,3.0,,HLA-DQB1~03:03,DQ
Chai-1,HLA-DQB1~03:03_HLA-DQA1~05:01,0.8419201631701632,0.0060388335774232,0.8147689575410606,0.0072767410044725,0.7385092672872475,0.0071822648065195,0.744359949302915,0.0111785347839402,0.5018688254370766,0.0110020165648267,3.0,,HLA-DQB1~03:03,DQ
Chai-1,HLA-DQB1~04:02_HLA-DQA1~02:01,0.8482507171686154,0.0038666516310681,0.8110210428178889,0.0073529414550905,0.7291000560379706,0.0178080730851542,0.7709401709401709,0.0072691457676199,0.5374605255314271,0.0144270849593856,3.0,,HLA-DQB1~04:02,DQ
Chai-1,HLA-DQB1~04:02_HLA-DQA1~03:03,0.7441896386493038,0.0129511755808339,0.542752636824221,0.0203225990966284,0.5487363975762268,0.0083806621185802,0.5440860215053763,0.0281713925989572,0.2859112499680482,0.0199950732777907,3.0,,HLA-DQB1~04:02,DQ
Chai-1,HLA-DQB1~04:02_HLA-DQA1~05:01,0.8412270971632054,0.0053264666816499,0.8720697373283063,0.005783183770084,0.7199947173407194,0.0401928742163986,0.7340106434446056,0.0200906339582013,0.5066485396836498,0.0167400415234826,3.0,,HLA-DQB1~04:02,DQ
Chai-1,HLA-DQB1~04:02_HLA-DQA1~06:01,0.8468183518688569,0.0063103044609189,0.6932620483983584,0.0055273612966111,0.6444402976047535,0.005006637697579,0.6960000000000001,0.0065097171392895,0.464301361483578,0.0084115103050374,3.0,,HLA-DQB1~04:02,DQ
Chai-1,HLA-DQB1~05:01_HLA-DQA1~01:01,0.717313563575564,0.0106484121458765,0.4687960705144133,0.0116819477760869,0.4619349583282318,0.0049006709201922,0.6492403100775194,0.0558078549639792,0.2558449390208472,0.0205226472659678,3.0,,HLA-DQB1~05:01,DQ
Chai-1,HLA-DQB1~05:01_HLA-DQA1~01:02,0.6895529189911213,0.0073717957229424,0.7607758341610698,0.0071287093760543,0.6007120937452326,0.0374322172561287,0.5969904240766074,0.0160072256922681,0.243130555505194,0.0086394231070863,3.0,,HLA-DQB1~05:01,DQ
Chai-1,HLA-DQB1~05:02_HLA-DQA1~01:02,0.7255246913580247,0.0152635549209506,0.6158024726296806,0.0162221587478202,0.5858720121347801,0.0037382850828344,0.6373015873015873,0.0280794278894198,0.3094956670984012,0.0281018687864857,3.0,,HLA-DQB1~05:02,DQ
Chai-1,HLA-DQB1~05:03_HLA-DQA1~01:04,0.6688091168091169,0.0182692849168654,0.491004062911921,0.0189940133564772,0.4759151609179841,0.0048757470119554,0.5824351297405189,0.0246116768731311,0.1895562203863539,0.0177679184471,3.0,,HLA-DQB1~05:03,DQ
Chai-1,HLA-DQB1~06:02_HLA-DQA1~01:02,0.6723696267153422,0.0081842925895607,0.5299380830802031,0.0202468056324816,0.4476364737770366,0.0164720160539039,0.650719314355678,0.0130337722493758,0.2122490346980838,0.0242493791874769,3.0,,HLA-DQB1~06:02,DQ
Chai-1,HLA-DQB1~06:03_HLA-DQA1~01:03,0.8387408446314478,0.0174557187811995,0.6082831034939385,0.0188987629390929,0.5836497444107921,0.0305676942137308,0.7479553903345725,0.0241721460327269,0.444160310384167,0.0451458815412655,3.0,,HLA-DQB1~06:03,DQ
Chai-1,HLA-DRB1~01:01_HLA-DRA~01:01,0.7587949422873844,0.0017746220508035,0.8886058699283729,0.0026799009485376,0.8567826184820256,0.0053263778051978,0.7769541146664164,0.0050070995276425,0.3609636687455549,0.0022069586252216,3.0,,HLA-DRB1~01:01,DR
Chai-1,HLA-DRB1~03:01_HLA-DRA~01:01,0.7512380258044997,0.0188067021647178,0.7389213408834147,0.0196216303931096,0.6838741667439265,0.0120612525328706,0.6779974284795885,0.0173401639416882,0.360791641673619,0.0346894446061798,3.0,,HLA-DRB1~03:01,DR
Chai-1,HLA-DRB1~04:04_HLA-DRA~01:01,0.6949742389485646,0.008654362730342,0.538885878531968,0.0181225777705191,0.5807445902579608,0.0054499274696078,0.5251597038462567,0.0216649915859336,0.2419109504518333,0.0164610491878965,3.0,,HLA-DRB1~04:04,DR
Chai-1,HLA-DRB1~04:05_HLA-DRA~01:01,0.8257419435237575,0.0106836966141951,0.8831469462274345,0.0078899090347554,0.8002257888299557,0.0235992641602803,0.7553961993546073,0.0201368062693039,0.4898620180041379,0.0256092984895129,3.0,,HLA-DRB1~04:05,DR
Chai-1,HLA-DRB1~07:01_HLA-DRA~01:01,0.7472517336303585,0.0070831296259427,0.5662800099654507,0.0129790179683304,0.5698518414857322,0.0064661075497972,0.6644721482934117,0.0230569156953578,0.3379389336440812,0.0169321332152532,3.0,,HLA-DRB1~07:01,DR
Chai-1,HLA-DRB1~08:01_HLA-DRA~01:01,0.8475077165798816,0.0078750716263736,0.9451260420550156,0.0029030103523306,0.8462198185171728,0.0072230522687858,0.7800188857412653,0.0080718815872511,0.4789719324116406,0.0117581491374559,3.0,,HLA-DRB1~08:01,DR
Chai-1,HLA-DRB1~08:02_HLA-DRA~01:01,0.744439843678427,0.0021727849093149,0.666757483295199,0.0049649180959751,0.6782391958751126,0.0076248239237419,0.6805358550039401,0.00351835746889,0.3755020397728972,0.0076101863473618,3.0,,HLA-DRB1~08:02,DR
Chai-1,HLA-DRB1~09:01_HLA-DRA~01:01,0.8143181274992927,0.0074952081993197,0.8227831557178537,0.0088481562452121,0.7822209968845012,0.0170158958200457,0.7484015044663845,0.0067466733497744,0.4921740559655942,0.012324375191301,3.0,,HLA-DRB1~09:01,DR
Chai-1,HLA-DRB1~11:01_HLA-DRA~01:01,0.8663015551329322,0.0049448816985351,0.8734385822235907,0.004262006668067,0.8024873533331479,0.0044786255861514,0.7735415311212318,0.0090489726223623,0.5530790248608799,0.0171489270132839,3.0,,HLA-DRB1~11:01,DR
Chai-1,HLA-DRB1~12:01_HLA-DRA~01:01,0.8026480061815752,0.001404478179227,0.8031362858031845,0.0018955183176312,0.7333241930442335,0.0192760780848426,0.7223090799759472,0.0041730250325669,0.4508299694058972,0.007199686894783,3.0,,HLA-DRB1~12:01,DR
Chai-1,HLA-DRB1~13:01_HLA-DRA~01:01,0.898573634433507,0.0086248840960797,0.944729898784756,0.0059383964265017,0.8649444051848288,0.0062739902539861,0.8233135760654813,0.007761116641843,0.6121074218846242,0.0170107594579173,3.0,,HLA-DRB1~13:01,DR
Chai-1,HLA-DRB1~13:02_HLA-DRA~01:01,0.7371173031148145,0.0058025458546087,0.6915588336766115,0.0065771978724518,0.6850160054661781,0.0073922725120643,0.6703850095154443,0.0043068951961588,0.356480566247471,0.0088971267327454,3.0,,HLA-DRB1~13:02,DR
Chai-1,HLA-DRB1~14:54_HLA-DRA~01:01,0.9042466348831208,0.0112881068437514,0.9648125265740988,0.0051448084706835,0.9011550252366756,0.0055954704330888,0.8489795918367347,0.0109621680483603,0.5869240735356663,0.0463388488930895,3.0,,HLA-DRB1~14:54,DR
Chai-1,HLA-DRB1~15:01_HLA-DRA~01:01,0.7473936329823948,0.0071709004609002,0.5213653596680842,0.0134173250766214,0.5407439502342654,0.0059246391128265,0.6329791420700511,0.0047501713402377,0.3208041930127617,0.0094337869895037,3.0,,HLA-DRB1~15:01,DR
Chai-1,HLA-DRB1~16:02_HLA-DRA~01:01,0.7648148148148147,0.0180541643872888,0.9146090309795284,0.0064302922259347,0.8569527865185319,0.0160615351952367,0.7714285714285715,0.0207511986376199,0.2969134621748389,0.0455243282369472,3.0,,HLA-DRB1~16:02,DR
Chai-1,HLA-DRB3~01:01_HLA-DRA~01:01,0.7611797207654822,0.0063994207673319,0.6837168463947654,0.0127915832625729,0.6381009954161517,0.0065162513815621,0.6699826614651062,0.0147674933899713,0.3613860684753027,0.0132523299739283,3.0,,HLA-DRB3~01:01,DR
Chai-1,HLA-DRB3~02:02_HLA-DRA~01:01,0.8544538514180645,0.0132669806302087,0.8633259745811892,0.0115415894018609,0.7950786202018231,0.0103366973777425,0.754296724470135,0.0073920167602498,0.5210353844474466,0.0198028798062316,3.0,,HLA-DRB3~02:02,DR
Chai-1,HLA-DRB3~03:01_HLA-DRA~01:01,0.7721442106187805,0.0118313532368421,0.8557621474351985,0.0098708515685457,0.7519026931928402,0.0227075569503871,0.6977430555555556,0.0139227560176609,0.3772927563518777,0.0064762861381027,3.0,,HLA-DRB3~03:01,DR
Chai-1,HLA-DRB4~01:01_HLA-DRA~01:01,0.7836743082567795,0.0088020921057978,0.7657948030371601,0.0091705573619505,0.726506076012829,0.0041429100242094,0.6911929664999242,0.0031114265530265,0.4060396425398108,0.0077412061720008,3.0,,HLA-DRB4~01:01,DR
Chai-1,HLA-DRB5~01:01_HLA-DRA~01:01,0.8498788151441632,0.0040166852470826,0.9078057209235604,0.0016532275701581,0.8411194921526177,0.0063919427759663,0.7863527610297636,0.0069226771693923,0.5186774817071877,0.0130148218753872,3.0,,HLA-DRB5~01:01,DR
DeepNeo,H2-IAbB,0.5927481886170693,0.0637462412973696,0.8036416614514367,0.0349693052811855,0.8034651226185726,0.017502351783758,0.6913483512895854,0.0264998034555625,0.0753767008181291,0.0881800639117498,3.0,,H2-IAbB,H2
DeepNeo,H2-IAdB,0.4790173867228661,0.0492165037015453,0.4062484912947672,0.0532301718711874,0.1644700311510832,0.2568913594547434,0.5392,0.0776618310368741,-0.0156214745167365,0.0544875327700659,3.0,,H2-IAdB,H2
DeepNeo,H2-IEdB,0.6089236280736037,0.0072303128693677,0.2833111763110834,0.0150654688535918,0.3617392121023604,0.0148800950155159,0.6178571428571429,0.031389992555798,0.1475468323001364,0.0238173355895979,3.0,,H2-IEdB,H2
DeepNeo,HLA-DPB1~01:01,0.9300725641367956,0.004757069152742,0.96976646075235,0.0020792204507026,0.8404242807858138,0.0017063443639587,0.7331943286071727,0.0035658979693798,0.2611327277933506,0.0159544827652386,3.0,,HLA-DPB1~01:01,DP
DeepNeo,HLA-DPB1~02:01,0.9496510848912222,0.0040137877757483,0.9833148347258396,0.0016102383439089,0.9307012332742096,0.0019115855576188,0.8962196577795464,0.0031714856896413,0.7258700130305491,0.0126091763300656,3.0,,HLA-DPB1~02:01,DP
DeepNeo,HLA-DPB1~04:01,0.9420356172839508,0.002163245392229,0.9831653075521648,0.0006722878027629,0.821659482619506,0.0325291794862297,0.7591919191919191,0.036257392725079,0.5484595772245827,0.0359749657891817,3.0,,HLA-DPB1~04:01,DP
DeepNeo,HLA-DPB1~04:02,0.9402243843646332,0.0022856931354417,0.9689317540484472,0.0008642347811393,0.9137737935386748,0.0039068567899776,0.8797936371453138,0.0054442531791149,0.7179011064101024,0.0123401606912396,3.0,,HLA-DPB1~04:02,DP
DeepNeo,HLA-DPB1~05:01,0.8317680879692774,0.0055404038601269,0.8696502656362569,0.0047837298226903,0.7829967060648313,0.0060689184331479,0.6906370070778564,0.0132805290894953,0.3815119294827971,0.0253134273390692,3.0,,HLA-DPB1~05:01,DP
DeepNeo,HLA-DQB1~02:01,0.7995141121654319,0.0096571992925799,0.8569025390502557,0.0092460300167754,0.7676300827625083,0.0020055966154188,0.6854280510018214,0.0017153016199626,0.3480031308284799,0.0027485311379583,3.0,,HLA-DQB1~02:01,DQ
DeepNeo,HLA-DQB1~03:01,0.7606047810513109,0.0055205447127378,0.9088610093571076,0.0029618637898612,0.6339179461476885,0.0425208189894063,0.5763902028802691,0.0320010046675907,0.3046680431002339,0.012069103436414,3.0,,HLA-DQB1~03:01,DQ
DeepNeo,HLA-DQB1~03:02,0.7120944690264331,0.0086344840898093,0.627730150756972,0.0111715220162599,0.6205093670449762,0.0040325432274469,0.5407463312368973,0.0149941609263652,0.2371165018911437,0.0147140837323018,3.0,,HLA-DQB1~03:02,DQ
DeepNeo,HLA-DQB1~03:03,0.8336199493682179,0.0078218179681498,0.8493585381826229,0.0075083494506434,0.6320079433406954,0.0270810403857664,0.7004306632213609,0.0160338641468638,0.4626536691204232,0.0260072530421265,3.0,,HLA-DQB1~03:03,DQ
DeepNeo,HLA-DQB1~04:02,0.6940015572727808,0.0079498881188845,0.7641227351076337,0.0086977380110739,0.7495679389889611,0.0045383004719682,0.6440187313750533,0.0029383454962515,0.2142527611185344,0.0093493123189007,3.0,,HLA-DQB1~04:02,DQ
DeepNeo,HLA-DQB1~05:01,0.6368521679384994,0.013725014100141,0.521065153468626,0.0111213589864842,0.2666240538385296,0.0303196510498387,0.6262151829601311,0.003017198758478,0.1477152787131722,0.0120472164494334,3.0,,HLA-DQB1~05:01,DQ
DeepNeo,HLA-DQB1~05:02,0.7234871483505363,0.0004188261907827,0.6050498469262579,0.0144272928279676,0.5771106960946145,0.0089657637916419,0.6915187376725838,0.0149849466770986,0.3435906165355732,0.0122930763463672,3.0,,HLA-DQB1~05:02,DQ
DeepNeo,HLA-DQB1~05:03,0.6946364424625294,0.0100213257940642,0.589721721114192,0.0207310090833147,0.56677568792542,0.0096921866492515,0.5935483870967743,0.028509835663576,0.2335724835122517,0.034518095854961,3.0,,HLA-DQB1~05:03,DQ
DeepNeo,HLA-DQB1~06:02,0.51836154384571,0.0038738612138541,0.3882865979043524,0.005854376923978,0.2342920898717556,0.0482434904495159,0.594601152562936,0.0172746301148238,0.0230677492810742,0.0136829617190883,3.0,,HLA-DQB1~06:02,DQ
DeepNeo,HLA-DQB1~06:03,0.7940793682306487,0.0038665771452577,0.5644761282290255,0.0184517689020347,0.5733210770635732,0.0073406515471869,0.7197619047619047,0.0250136017420291,0.4002135740374137,0.0128747400499919,3.0,,HLA-DQB1~06:03,DQ
DeepNeo,HLA-DRB1~01:01,0.7789626664566281,0.0049333434692137,0.9103873043265884,0.0011953889295426,0.8641253232917888,0.0028179910386384,0.7746645397391386,0.0031074560568252,0.2787552892684539,0.0095973359778223,3.0,,HLA-DRB1~01:01,DR
DeepNeo,HLA-DRB1~03:01,0.7266214449379188,0.0054177504550243,0.7106528679670383,0.0098324176144742,0.1802073569114901,0.0657160431464878,0.5404853744776599,0.0147520760910221,0.1629640084117995,0.0260927789547963,3.0,,HLA-DRB1~03:01,DR
DeepNeo,HLA-DRB1~04:04,0.7170186384127047,0.0040239887847514,0.5737978578676001,0.0031675794039363,0.5548685289145832,0.0011247569381781,0.4311656376125945,0.0031622318330672,0.1624383751287877,0.0044653578811717,3.0,,HLA-DRB1~04:04,DR
DeepNeo,HLA-DRB1~04:05,0.8202160917487845,0.0060404006088072,0.8746092189449769,0.0056257411922254,0.8136074755885149,0.0019001058966984,0.7637384964742441,0.0007667749459708,0.4919338584665688,0.0038893176041932,3.0,,HLA-DRB1~04:05,DR
DeepNeo,HLA-DRB1~07:01,0.6961188140051972,0.0062421078113246,0.4912229982742168,0.0082873979508256,0.5111660884718779,0.0061217325371841,0.4283092870149881,0.0263193593268445,0.185102361009942,0.0156729022707732,3.0,,HLA-DRB1~07:01,DR
DeepNeo,HLA-DRB1~08:01,0.796347364904066,0.007280432333188,0.9204789925526192,0.0028140059802131,0.7885384081546073,0.015165436001457,0.7109348441926345,0.0170887053519185,0.3806790767398287,0.0194246557878126,3.0,,HLA-DRB1~08:01,DR
DeepNeo,HLA-DRB1~08:02,0.7288538246228176,0.0014189958769944,0.6576283533976264,0.0021882500630532,0.5460340425766289,0.0039306207328118,0.6537115839243498,0.0009313340710918,0.291031907974281,0.0020338446348113,3.0,,HLA-DRB1~08:02,DR
DeepNeo,HLA-DRB1~09:01,0.7811237875659266,0.0027337742365161,0.7952867662044177,0.0049333821604239,0.5055452207968115,0.0465652418414018,0.5986835919134932,0.0205067501558532,0.3116107378636261,0.0233315069303206,3.0,,HLA-DRB1~09:01,DR
DeepNeo,HLA-DRB1~11:01,0.8484509252576968,0.0063259156125392,0.856400562129784,0.0053651186618131,0.7816079541372011,0.0144420285238135,0.716923299356611,0.0313751561036078,0.4659595525793863,0.0452930139688274,3.0,,HLA-DRB1~11:01,DR
DeepNeo,HLA-DRB1~12:01,0.8072552957711968,0.0011396040794892,0.801143747237015,0.0025997845555198,0.7510353527945451,0.0034928344697737,0.6880336740829825,0.0082729445685723,0.4186666101542091,0.0117187420881617,3.0,,HLA-DRB1~12:01,DR
DeepNeo,HLA-DRB1~13:01,0.8274793583392309,0.0015243244522981,0.8957305316169503,0.0023932877454355,0.8318917932642352,0.0014720995978153,0.7755009878633926,0.0009326961130035,0.4947845132017481,0.0061799235178719,3.0,,HLA-DRB1~13:01,DR
DeepNeo,HLA-DRB1~13:02,0.7397045987080159,0.0043601770681831,0.683028832876532,0.0069784260108486,0.6988195815817521,0.0038229493518347,0.6366856975552628,0.0135260947430403,0.3404125644812284,0.0145641036015238,3.0,,HLA-DRB1~13:02,DR
DeepNeo,HLA-DRB1~14:54,0.896973092647678,0.0042049036102599,0.9637871937483192,0.0014244946482555,0.8620481358489364,0.007047307897047,0.8066083576287658,0.0086573595534772,0.5612467479842915,0.0146487811591335,3.0,,HLA-DRB1~14:54,DR
DeepNeo,HLA-DRB1~15:01,0.7291778248766477,0.0062710635611666,0.5056797233934245,0.0089719610109268,0.4298645184166099,0.0275067580297914,0.7389462809917355,0.0009500281546299,0.283883249576025,0.0167661406689203,3.0,,HLA-DRB1~15:01,DR
DeepNeo,HLA-DRB1~16:02,0.7807195216049383,0.0135618176840255,0.9207417335580096,0.006596930996469,0.871113105512601,0.0036523092189878,0.7804761904761905,0.0059476171413318,0.2175043419359493,0.0286263034682091,3.0,,HLA-DRB1~16:02,DR
DeepNeo,HLA-DRB3~01:01,0.7110217624285401,0.0111652851597423,0.6083061748664399,0.0198061743043597,0.6206949573118251,0.0053947069857761,0.6065669700910273,0.0256139719936204,0.2911914517819371,0.0209905295340257,3.0,,HLA-DRB3~01:01,DR
DeepNeo,HLA-DRB3~02:02,0.8010893307263677,0.0057035594075621,0.8060267804417581,0.0065128704254405,0.6054668223393381,0.0661842071777625,0.6692614001284521,0.03109196998901,0.3920823866327922,0.0379898375964621,3.0,,HLA-DRB3~02:02,DR
DeepNeo,HLA-DRB3~03:01,0.7524150133644544,0.0085499013045957,0.8409964855316551,0.0115689081754842,0.807909613374525,0.0048112741463872,0.7183159722222222,0.0013107351450122,0.3258164161030865,0.0118029260651533,3.0,,HLA-DRB3~03:01,DR
DeepNeo,HLA-DRB4~01:01,0.7407300891059064,0.0045056942671637,0.710807537768082,0.0044780182229952,0.6991148145012823,0.000608038598231,0.609428528118842,0.0013922646661458,0.296124322861024,0.0014401791490905,3.0,,HLA-DRB4~01:01,DR
DeepNeo,HLA-DRB5~01:01,0.8105122141578383,0.004427150431167,0.8800497920570862,0.0027887464077286,0.8067951423108844,0.000879768242783,0.6895970906306824,0.0015634474385424,0.2386183839372743,0.0076547217378208,3.0,,HLA-DRB5~01:01,DR
ESM3 Small,H2-IAbB_H2-IAbA,0.7349528021595195,0.0503376267844327,0.8980561982497641,0.0220915691845266,0.755199256398894,0.0385566317225725,0.6733920992491021,0.0439991012843386,0.292900461661263,0.0716712630976616,3.0,,H2-IAbB,H2
ESM3 Small,H2-IAdB_H2-IAdA,0.625728837372673,0.0119638545864699,0.5254000163054907,0.0139101139762919,0.5656359211165588,0.0070510854819977,0.5709333333333333,0.0124279255442464,0.1744977892089449,0.0153123434741746,3.0,,H2-IAdB,H2
ESM3 Small,H2-IEdB_H2-IEdA,0.4946751343429409,0.0421620594112026,0.2040343727169379,0.0043023815230173,0.2996920313151806,0.0456892091232705,0.4851190476190476,0.0299517752985931,0.0176327011422036,0.0734949057727696,3.0,,H2-IEdB,H2
ESM3 Small,HLA-DPB1~01:01_HLA-DPA1~02:01,0.9596873517775336,0.0101852844026706,0.983230553198186,0.0038440372435944,0.912902518858714,0.0163720245066723,0.8762589928057555,0.0329412156146321,0.7102879649464402,0.1006212129902302,3.0,,HLA-DPB1~01:01,DP
ESM3 Small,HLA-DPB1~02:01_HLA-DPA1~01:03,0.9303406394716768,0.021361157126569,0.9759738962465312,0.0083138226182661,0.8955093880765452,0.0057054989535294,0.8229133439659755,0.011992605887617,0.423976886601447,0.0777246734653036,3.0,,HLA-DPB1~02:01,DP
ESM3 Small,HLA-DPB1~04:01_HLA-DPA1~01:03,0.9702303621169917,0.0018238021420903,0.9915504946832016,0.0006277603952601,0.9478792427388684,0.0076468860069907,0.9194919933738266,0.0104918771161143,0.7756728853623605,0.0174318611290855,3.0,,HLA-DPB1~04:01,DP
ESM3 Small,HLA-DPB1~04:02_HLA-DPA1~03:01,0.8431271277275177,0.001674265391712,0.6278534976817767,0.0065435460619781,0.6233336864029136,0.0060722825994939,0.7923497267759564,0.0063502552144134,0.4876588012704171,0.0061634956414514,3.0,,HLA-DPB1~04:02,DP
ESM3 Small,HLA-DPB1~05:01_HLA-DPA1~02:01,0.8100889586603873,0.0200353412114897,0.524654770929296,0.0417978083991627,0.5245113464619725,0.0235636645110359,0.735928961748634,0.0405801521172215,0.3905051275053248,0.0344022934579195,3.0,,HLA-DPB1~05:01,DP
ESM3 Small,HLA-DPB1~05:01_HLA-DPA1~02:02,0.845395048559868,0.0073254578816852,0.9181186067818442,0.0040032817782253,0.7984731061613878,0.0230855796763576,0.7527938828669859,0.0194788482700337,0.5000565234616831,0.0173894371057349,3.0,,HLA-DPB1~05:01,DP
ESM3 Small,HLA-DQB1~02:01_HLA-DQA1~05:01,0.8420728282352092,0.0021489125143124,0.8967583978627394,0.0024230955042418,0.7814546290400672,0.0030651015397183,0.7130482456140351,0.0085715883031549,0.4068167787018552,0.0166050507171877,3.0,,HLA-DQB1~02:01,DQ
ESM3 Small,HLA-DQB1~03:01_HLA-DQA1~02:01,0.7442704426106527,0.0213766027893639,0.7553001093111741,0.0192449003666028,0.7187414156466376,0.0084566630047492,0.6615456238361266,0.0218883461043134,0.3362155790471045,0.040120858637584,3.0,,HLA-DQB1~03:01,DQ
ESM3 Small,HLA-DQB1~03:01_HLA-DQA1~03:01,0.8489729225023342,0.0304763749857104,0.8385719725961148,0.0265401687308062,0.7281278482257263,0.0378429118808469,0.7508771929824561,0.0395904705136729,0.5102941137697398,0.0761132342157132,3.0,,HLA-DQB1~03:01,DQ
ESM3 Small,HLA-DQB1~03:01_HLA-DQA1~05:01,0.7622233519602332,0.0068290198183494,0.8196437629981936,0.0087244829521668,0.7528556327570777,0.0086725902757786,0.6387612387612388,0.0392641707935959,0.1872062980786689,0.1371039577962657,3.0,,HLA-DQB1~03:01,DQ
ESM3 Small,HLA-DQB1~03:02_HLA-DQA1~03:01,0.6785229844725995,0.0210997191758282,0.6346301756034018,0.0171446947337738,0.5702493179675883,0.0270624094288815,0.6155562441896498,0.0121814505195611,0.2343337634724255,0.0287021650382783,3.0,,HLA-DQB1~03:02,DQ
ESM3 Small,HLA-DQB1~03:02_HLA-DQA1~05:01,0.7568232109509275,0.0614074570517988,0.6182593421560963,0.0789707258100004,0.5700366345630375,0.094870496416781,0.6896803652968037,0.0461254120559407,0.3380475079329257,0.1180610299333625,3.0,,HLA-DQB1~03:02,DQ
ESM3 Small,HLA-DQB1~03:03_HLA-DQA1~02:01,0.8463804493162291,0.0066225773129541,0.7985325583829695,0.0150635770933578,0.7138161580903636,0.0221911547257785,0.7584269662921348,0.0126778472993222,0.5178692896362643,0.0245539933727605,3.0,,HLA-DQB1~03:03,DQ
ESM3 Small,HLA-DQB1~03:03_HLA-DQA1~05:01,0.8503156565656566,0.0052476749297926,0.8279404968854992,0.0069670348646727,0.7362905055021386,0.0199240311484708,0.7550063371356147,0.0080598798963673,0.5194744886894732,0.013322478168678,3.0,,HLA-DQB1~03:03,DQ
ESM3 Small,HLA-DQB1~04:02_HLA-DQA1~02:01,0.8529849982433864,0.0118461706712547,0.8174385380885053,0.0155656289291582,0.6995177531036733,0.0432698793514572,0.771415004748338,0.0099075413908793,0.5378249876337003,0.021061803989218,3.0,,HLA-DQB1~04:02,DQ
ESM3 Small,HLA-DQB1~04:02_HLA-DQA1~03:03,0.753957945769209,0.0332887103631541,0.5583707252038935,0.0505061668860632,0.5789029502667226,0.0293013765453446,0.6716002530044275,0.0262665024614814,0.3538541537030837,0.0447597371673937,3.0,,HLA-DQB1~04:02,DQ
ESM3 Small,HLA-DQB1~04:02_HLA-DQA1~05:01,0.845134444842631,0.0052143321334072,0.873425829120746,0.0058262995383121,0.6782646777307831,0.0473965620973398,0.714562167392356,0.0278669770959108,0.4952164838136177,0.0340440779926801,3.0,,HLA-DQB1~04:02,DQ
ESM3 Small,HLA-DQB1~04:02_HLA-DQA1~06:01,0.8479871668423856,0.004221580304565,0.7049387723946187,0.0152369651407204,0.6458044208423002,0.0072507796709782,0.6938412698412698,0.0147558615382311,0.4679844124022175,0.0097323066287958,3.0,,HLA-DQB1~04:02,DQ
ESM3 Small,HLA-DQB1~05:01_HLA-DQA1~01:01,0.7098110300158887,0.0193566306116198,0.4556248414817643,0.0229678950779481,0.4480235546997844,0.0189975041664776,0.6837829457364341,0.0243118967836909,0.2509156736765865,0.0309348029929274,3.0,,HLA-DQB1~05:01,DQ
ESM3 Small,HLA-DQB1~05:01_HLA-DQA1~01:02,0.6587574971844634,0.0092640254913951,0.7332192567777112,0.0098429662965258,0.5390663865089192,0.0180145772011371,0.5543091655266758,0.0087679454768602,0.1769928822664909,0.016847153236046,3.0,,HLA-DQB1~05:01,DQ
ESM3 Small,HLA-DQB1~05:02_HLA-DQA1~01:02,0.7455349794238683,0.0156598421414761,0.6329054239576998,0.0234183926827038,0.5804357232076515,0.0240615343661117,0.6734126984126986,0.0059919320914847,0.3355669171070831,0.020381857124708,3.0,,HLA-DQB1~05:02,DQ
ESM3 Small,HLA-DQB1~05:03_HLA-DQA1~01:04,0.6567863247863247,0.010052909921088,0.4656677309834149,0.0152010229776161,0.4660581388151929,0.0144712631383895,0.6379241516966068,0.0101855096384615,0.2071403879099098,0.0114512634940292,3.0,,HLA-DQB1~05:03,DQ
ESM3 Small,HLA-DQB1~06:02_HLA-DQA1~01:02,0.7104558610709116,0.0280975417895624,0.595269519410667,0.0290306010906765,0.4926281801925447,0.0386256184337891,0.6776247321701868,0.0135084056343037,0.2776898334875992,0.0367686313599978,3.0,,HLA-DQB1~06:02,DQ
ESM3 Small,HLA-DQB1~06:03_HLA-DQA1~01:03,0.8095319723650719,0.0114616265966522,0.5219798402277812,0.0294372022485207,0.5536646058887092,0.0193522185623232,0.7449814126394053,0.0052044609665427,0.4052219058262825,0.0251865544707418,3.0,,HLA-DQB1~06:03,DQ
ESM3 Small,HLA-DRB1~01:01_HLA-DRA~01:01,0.7551438959706109,0.0134010202945513,0.8885119639061134,0.0075829355863876,0.8687982598477374,0.0020663899001999,0.7830158581214226,0.0054400048946741,0.3129974879470188,0.0312140917571021,3.0,,HLA-DRB1~01:01,DR
ESM3 Small,HLA-DRB1~03:01_HLA-DRA~01:01,0.7266360600898173,0.0070346609369378,0.7132747497966986,0.0083711573569003,0.671297625870389,0.0154289729953305,0.658614593378335,0.0086469913054408,0.3260051576266216,0.0143347520430164,3.0,,HLA-DRB1~03:01,DR
ESM3 Small,HLA-DRB1~04:04_HLA-DRA~01:01,0.6626254429843623,0.0188271485061603,0.4812272717693124,0.0203152621992102,0.5780983824801352,0.0053003710979654,0.5324352497794883,0.012594711523737,0.2380419064329807,0.0119709800395726,3.0,,HLA-DRB1~04:04,DR
ESM3 Small,HLA-DRB1~04:05_HLA-DRA~01:01,0.8268941786541975,0.0288136222717641,0.8871634539987534,0.0163497394368436,0.7991867841883854,0.0476922765929692,0.7545356758694872,0.0397311250778773,0.4904520211621153,0.0517712941074231,3.0,,HLA-DRB1~04:05,DR
ESM3 Small,HLA-DRB1~07:01_HLA-DRA~01:01,0.7429770189243837,0.058575080459016,0.5555921468310326,0.0805263724830051,0.5286968090464148,0.0889731921397314,0.6774244758836439,0.0516733102887654,0.3212619103104318,0.109605010883714,3.0,,HLA-DRB1~07:01,DR
ESM3 Small,HLA-DRB1~08:01_HLA-DRA~01:01,0.7964627366689222,0.015309962760118,0.9224894556982822,0.0068002192184806,0.7295372963560887,0.0184129129711024,0.657752596789424,0.0182718741534412,0.36322386582057,0.0201646978305151,3.0,,HLA-DRB1~08:01,DR
ESM3 Small,HLA-DRB1~08:02_HLA-DRA~01:01,0.7236014474934063,0.0019718113846136,0.6500760701995526,0.001611350016691,0.6151872680772289,0.0226714729674516,0.6610244286840031,0.0033624080592429,0.3153711566226095,0.0124747174634698,3.0,,HLA-DRB1~08:02,DR
ESM3 Small,HLA-DRB1~09:01_HLA-DRA~01:01,0.7864749912379602,0.0100874549768393,0.797262175712297,0.0113054714119254,0.7637710745788521,0.0070503536816686,0.7283262811471555,0.0094199716007404,0.4464179342559397,0.0198644785703858,3.0,,HLA-DRB1~09:01,DR
ESM3 Small,HLA-DRB1~11:01_HLA-DRA~01:01,0.8369601213503977,0.0097209293912511,0.8461013729177144,0.0135964409851133,0.7766830278006966,0.0182974812610763,0.7412419576375334,0.0209283986733876,0.4932100032746684,0.0308589977923272,3.0,,HLA-DRB1~11:01,DR
ESM3 Small,HLA-DRB1~12:01_HLA-DRA~01:01,0.7961238784560338,0.0188495106842874,0.7984312164396501,0.0213517715647066,0.6930557373148899,0.0422679926551504,0.7087592703948687,0.020695411260364,0.4280638495608875,0.032745804043527,3.0,,HLA-DRB1~12:01,DR
ESM3 Small,HLA-DRB1~13:01_HLA-DRA~01:01,0.8681888953226533,0.0215111369591466,0.9218668051306108,0.0160711470042415,0.8147649284033464,0.0393568425619775,0.7731865650578605,0.0389258597879756,0.5370456938857053,0.0600876401195352,3.0,,HLA-DRB1~13:01,DR
ESM3 Small,HLA-DRB1~13:02_HLA-DRA~01:01,0.7244410120851376,0.0060014996537178,0.6798741003226163,0.0067138831913431,0.6648051169959941,0.0273018817626162,0.6576782315912751,0.0059716946854243,0.3286626101832036,0.0156996919447382,3.0,,HLA-DRB1~13:02,DR
ESM3 Small,HLA-DRB1~14:54_HLA-DRA~01:01,0.900688303926762,0.0027078930454169,0.9656748080945396,0.0013214402912233,0.8906274686009567,0.003060604495595,0.8386783284742468,0.0042360533950832,0.5876289389895887,0.0136954386330883,3.0,,HLA-DRB1~14:54,DR
ESM3 Small,HLA-DRB1~15:01_HLA-DRA~01:01,0.7757303388747886,0.0051721702113185,0.5790044359558929,0.0023615440352506,0.5764067287948215,0.0048214129077262,0.710827430145612,0.0143721810873263,0.3856585857902933,0.0043521140351106,3.0,,HLA-DRB1~15:01,DR
ESM3 Small,HLA-DRB1~16:02_HLA-DRA~01:01,0.7396604938271606,0.0532016743916861,0.9059643054269212,0.024478665351103,0.8322750793392659,0.0394865664809489,0.7390476190476191,0.0465182284511275,0.2341032966783477,0.0496335539743416,3.0,,HLA-DRB1~16:02,DR
ESM3 Small,HLA-DRB3~01:01_HLA-DRA~01:01,0.6956884620891154,0.0156612879419254,0.6078361805327918,0.0212623926803978,0.6029261313040262,0.0117070428267467,0.594928478543563,0.0052392167510853,0.2570480248708078,0.0190281967871758,3.0,,HLA-DRB3~01:01,DR
ESM3 Small,HLA-DRB3~02:02_HLA-DRA~01:01,0.8342732884232191,0.0022285168248089,0.8470114171252273,0.003557829821214,0.7542694689443499,0.0228207440536889,0.7421451509312781,0.0068243280749779,0.4919773022518026,0.0065540925800582,3.0,,HLA-DRB3~02:02,DR
ESM3 Small,HLA-DRB3~03:01_HLA-DRA~01:01,0.7528732949340561,0.0512159491904411,0.8333676244063403,0.0458659537958164,0.7173997147604788,0.0985744494232321,0.6723090277777777,0.0790742390366454,0.3490600399937036,0.0989665267330099,3.0,,HLA-DRB3~03:01,DR
ESM3 Small,HLA-DRB4~01:01_HLA-DRA~01:01,0.7899623713757621,0.0035277422362675,0.7792047992420016,0.0042057690137361,0.7274488859348934,0.0008643619640541,0.6896468091556768,0.0083873526492122,0.4074158612880353,0.0092071959056942,3.0,,HLA-DRB4~01:01,DR
ESM3 Small,HLA-DRB5~01:01_HLA-DRA~01:01,0.8318148953666876,0.0072987199151444,0.900519008320369,0.0072305059969214,0.8288644867924405,0.0116554071154452,0.7645516317350943,0.0098156509026123,0.4637584642353671,0.0109826358145203,3.0,,HLA-DRB5~01:01,DR
ESMC 300M,H2-IAbB_H2-IAbA,0.7116381753785204,0.0148408464551153,0.8859414395553135,0.0071551124515123,0.7353386752786267,0.0089344065346921,0.6501795625204049,0.0101039848573959,0.2597581130971045,0.0279134041083874,3.0,,H2-IAbB,H2
ESMC 300M,H2-IAdB_H2-IAdA,0.6661837021426062,0.0188669738196424,0.5784768958214372,0.0293425677399893,0.5462310829274762,0.029302917743415,0.6237333333333334,0.0116022986228304,0.2286604632594869,0.0221244563859202,3.0,,H2-IAdB,H2
ESMC 300M,H2-IEdB_H2-IEdA,0.6193453834880313,0.0235958596151663,0.2932993524095306,0.0128197093780972,0.388485508165792,0.0240092181274494,0.4672619047619048,0.0446904508207047,0.1706240817187313,0.064072449504094,3.0,,H2-IEdB,H2
ESMC 300M,HLA-DPB1~01:01_HLA-DPA1~02:01,0.9659411682841554,0.0040830417822425,0.98652901702496,0.0016301564380854,0.9264396693640784,0.0069960642999002,0.8988573846804909,0.0086806750963996,0.7680100243909144,0.0182003531162162,3.0,,HLA-DPB1~01:01,DP
ESMC 300M,HLA-DPB1~02:01_HLA-DPA1~01:03,0.920927461207402,0.0027172960273009,0.972352014774318,0.0010530703414713,0.8759221631680748,0.0096498677416708,0.7850877192982457,0.0190269528115149,0.2448295234255611,0.1039244283245297,3.0,,HLA-DPB1~02:01,DP
ESMC 300M,HLA-DPB1~04:01_HLA-DPA1~01:03,0.9760619622407924,0.0012888306783784,0.9934410147175612,0.0003303068698544,0.9588141565729832,0.0032047556090075,0.9347874102705688,0.0049261859590703,0.8038274239459264,0.0128530069810292,3.0,,HLA-DPB1~04:01,DP
ESMC 300M,HLA-DPB1~04:02_HLA-DPA1~03:01,0.8259797959603028,0.0043258785940195,0.6066345730107098,0.0013855398521028,0.5892299839605756,0.0054751153568068,0.7749316939890711,0.0117900607151581,0.4421661889714139,0.0078570816886895,3.0,,HLA-DPB1~04:02,DP
ESMC 300M,HLA-DPB1~05:01_HLA-DPA1~02:01,0.8224969474969476,0.0099388668167079,0.5161039836524542,0.022599670980755,0.5455855821681629,0.0023599426239354,0.757035519125683,0.0133438200608773,0.4197990607031782,0.0027949346848877,3.0,,HLA-DPB1~05:01,DP
ESMC 300M,HLA-DPB1~05:01_HLA-DPA1~02:02,0.8505079549564701,0.0158407417094267,0.919619268896808,0.007111808801853,0.8354022311987214,0.0147697162006701,0.7819847071674649,0.0180289889708361,0.5155417510557919,0.035600138257655,3.0,,HLA-DPB1~05:01,DP
ESMC 300M,HLA-DQB1~02:01_HLA-DQA1~05:01,0.8533768738698929,0.0082234233139749,0.9044684182621896,0.0054879811264053,0.7913159203530792,0.0026084272375169,0.7357090643274854,0.0022075539284418,0.4546057452730265,0.0068121571411464,3.0,,HLA-DQB1~02:01,DQ
ESMC 300M,HLA-DQB1~03:01_HLA-DQA1~02:01,0.7211183004084355,0.0275365761372894,0.7391439716702518,0.0252982434912093,0.7131595876950524,0.0110551053600838,0.6371508379888268,0.0179032629709074,0.2923556785553485,0.0372432516427496,3.0,,HLA-DQB1~03:01,DQ
ESMC 300M,HLA-DQB1~03:01_HLA-DQA1~03:01,0.8492997198879552,0.023730301550317,0.8377483042093788,0.0186788576912738,0.7439227064534865,0.0365084415026709,0.7929824561403508,0.0226886265901361,0.5856615174091194,0.0439783086506833,3.0,,HLA-DQB1~03:01,DQ
ESMC 300M,HLA-DQB1~03:01_HLA-DQA1~05:01,0.7815593691102073,0.0034404652643556,0.8453464607517901,0.0027843900563891,0.7534416895754226,0.0030080199800975,0.6195138195138196,0.0118579917685836,0.1653400870644163,0.0340219957621137,3.0,,HLA-DQB1~03:01,DQ
ESMC 300M,HLA-DQB1~03:02_HLA-DQA1~03:01,0.7172572157735461,0.0142987455625631,0.6806372903381668,0.0200830528378473,0.5894984886133718,0.0296513637484234,0.6578865819646731,0.009534804890552,0.3021500841026323,0.0226317377718325,3.0,,HLA-DQB1~03:02,DQ
ESMC 300M,HLA-DQB1~03:02_HLA-DQA1~05:01,0.7492167472897623,0.0345366959300259,0.5903085177868231,0.0434269688509874,0.5700749667408259,0.0420374008009022,0.6845662100456621,0.0290079072871813,0.3283286229803576,0.0484868331240158,3.0,,HLA-DQB1~03:02,DQ
ESMC 300M,HLA-DQB1~03:03_HLA-DQA1~02:01,0.8749248712551466,0.022013744414441,0.8501912273856466,0.0301932432047579,0.7246149101177686,0.0281151313564022,0.7774344569288388,0.020862927681952,0.559886576020497,0.0418118234828725,3.0,,HLA-DQB1~03:03,DQ
ESMC 300M,HLA-DQB1~03:03_HLA-DQA1~05:01,0.8505934343434344,0.0026899579003287,0.8254187106101084,0.0063291879911715,0.7531773970161421,0.0142077433171168,0.7564005069708492,0.0171749236022214,0.5262982805583133,0.0248795808662226,3.0,,HLA-DQB1~03:03,DQ
ESMC 300M,HLA-DQB1~04:02_HLA-DQA1~02:01,0.8600629061304431,0.0029032805001346,0.8293892456033393,0.0018103403364772,0.7167786967775344,0.0244918894954188,0.7824311490978157,0.0057711356521324,0.5569185776448998,0.0097472503077491,3.0,,HLA-DQB1~04:02,DQ
ESMC 300M,HLA-DQB1~04:02_HLA-DQA1~03:03,0.7828039912058177,0.006827628507162,0.607946135992753,0.011173037889547,0.5932666556962757,0.0249182469528932,0.6416192283364959,0.0565125190337523,0.3732813747672192,0.0433465964068008,3.0,,HLA-DQB1~04:02,DQ
ESMC 300M,HLA-DQB1~04:02_HLA-DQA1~05:01,0.845592928206966,0.0110220941818288,0.8717485300943956,0.0095565704521599,0.7408598049977231,0.0300586875751805,0.7478471214320271,0.0195894923006419,0.5242559390370142,0.0261118476389561,3.0,,HLA-DQB1~04:02,DQ
ESMC 300M,HLA-DQB1~04:02_HLA-DQA1~06:01,0.8569363670373771,0.003360426804484,0.7219845763833085,0.0033711605056464,0.6814925331057622,0.008146214089055,0.7537777777777777,0.0157178447148206,0.5223920308747885,0.0126091283853033,3.0,,HLA-DQB1~04:02,DQ
ESMC 300M,HLA-DQB1~05:01_HLA-DQA1~01:01,0.7446414813251877,0.0109550481011708,0.5179630366315776,0.0084109708599491,0.4838718046939623,0.012161843573661,0.710263565891473,0.0476389279884448,0.3041781275978851,0.0312935240605211,3.0,,HLA-DQB1~05:01,DQ
ESMC 300M,HLA-DQB1~05:01_HLA-DQA1~01:02,0.6729881354600455,0.0291016161874919,0.7446196979798433,0.0250600172308742,0.5669757306684985,0.0800654058066424,0.5800273597811217,0.0431842749881822,0.2230566545380591,0.0531014173873904,3.0,,HLA-DQB1~05:01,DQ
ESMC 300M,HLA-DQB1~05:02_HLA-DQA1~01:02,0.7495267489711934,0.0184026294953089,0.6676915449149571,0.0232848936504078,0.5834750810816668,0.0296202170153741,0.6904761904761906,0.0195977114680408,0.3464861627548139,0.04478280792422,3.0,,HLA-DQB1~05:02,DQ
ESMC 300M,HLA-DQB1~05:03_HLA-DQA1~01:04,0.6695042735042734,0.004893429246633,0.5071790517909819,0.0213258149305864,0.4779094612081027,0.0127417709881991,0.6111776447105789,0.0126931042679318,0.2055335473005013,0.0146744618067243,3.0,,HLA-DQB1~05:03,DQ
ESMC 300M,HLA-DQB1~06:02_HLA-DQA1~01:02,0.7227862055089728,0.0152500396616774,0.6034933510628054,0.0246807802422805,0.5523805650452932,0.0273680965858249,0.6731864095500458,0.0095035777021566,0.298586094353039,0.0275522200937948,3.0,,HLA-DQB1~06:02,DQ
ESMC 300M,HLA-DQB1~06:03_HLA-DQA1~01:03,0.856376292140668,0.0148725443615354,0.641075741675717,0.042923794437296,0.6023579528204827,0.0148036137258959,0.7826517967781909,0.0328935019044105,0.4783738921261544,0.025509705053636,3.0,,HLA-DQB1~06:03,DQ
ESMC 300M,HLA-DRB1~01:01_HLA-DRA~01:01,0.7599726698508867,0.0051120327133609,0.8896999777544896,0.0035842757336843,0.8645944671642184,0.0002847110532574,0.7851803196646961,0.0007319934929184,0.3646268970166953,0.0039984236606725,3.0,,HLA-DRB1~01:01,DR
ESMC 300M,HLA-DRB1~03:01_HLA-DRA~01:01,0.7778313485864065,0.0031265484961724,0.7669685443934556,0.0031653426302241,0.6749212281128796,0.0296755923178631,0.6973159755705561,0.0058800470790264,0.4018748228192342,0.0055413377110441,3.0,,HLA-DRB1~03:01,DR
ESMC 300M,HLA-DRB1~04:04_HLA-DRA~01:01,0.7165005007136028,0.0246413820671622,0.5727939507716343,0.0376305971064054,0.5864384424639484,0.0061510850339415,0.5318632560874562,0.006046650655409,0.2581248668961306,0.0160181207635055,3.0,,HLA-DRB1~04:04,DR
ESMC 300M,HLA-DRB1~04:05_HLA-DRA~01:01,0.8195424092611813,0.0162958826351415,0.8837200836870497,0.0121349530314226,0.8131893787301491,0.013988443773629,0.7568543085932831,0.015164027866519,0.4688319861378167,0.0313954802513939,3.0,,HLA-DRB1~04:05,DR
ESMC 300M,HLA-DRB1~07:01_HLA-DRA~01:01,0.7670222845908224,0.0134253753467442,0.605818150670837,0.0190281565175335,0.5761379736331436,0.0162485401569091,0.6146612504085539,0.0392196193967987,0.331154611315755,0.034845873591924,3.0,,HLA-DRB1~07:01,DR
ESMC 300M,HLA-DRB1~08:01_HLA-DRA~01:01,0.8184507978322412,0.0099930826527233,0.9323901206531592,0.0057343612970253,0.7672312203175755,0.038679351603318,0.6959773371104815,0.035309952814718,0.4011186816957548,0.0174573550023818,3.0,,HLA-DRB1~08:01,DR
ESMC 300M,HLA-DRB1~08:02_HLA-DRA~01:01,0.7449602325054366,0.0104793358397691,0.6765407218853751,0.0143454235165219,0.6539225379175627,0.0209377699895806,0.6786130811662726,0.0080596745628158,0.3603725022133083,0.0188769672312336,3.0,,HLA-DRB1~08:02,DR
ESMC 300M,HLA-DRB1~09:01_HLA-DRA~01:01,0.8065900336546785,0.0077886692167002,0.8149665716766227,0.0105228223368948,0.7722544954179682,0.0109519632009586,0.74158439116126,0.0018407872073766,0.4774635632485508,0.0053655876701996,3.0,,HLA-DRB1~09:01,DR
ESMC 300M,HLA-DRB1~11:01_HLA-DRA~01:01,0.8700887748612732,0.002009918823497,0.8764599488756731,0.0031633786847364,0.8053017994817524,0.0122298004846382,0.785527362105111,0.0034296984351708,0.5729159184508559,0.0045107820952334,3.0,,HLA-DRB1~11:01,DR
ESMC 300M,HLA-DRB1~12:01_HLA-DRA~01:01,0.8181637789411641,0.0160771184142887,0.8247786179599476,0.0201256451008645,0.7161797412703986,0.0220656077012455,0.7315293646021247,0.0012165957831624,0.475279746050969,0.0131687711902369,3.0,,HLA-DRB1~12:01,DR
ESMC 300M,HLA-DRB1~13:01_HLA-DRA~01:01,0.8786971627099015,0.0093473667566258,0.9274420680074428,0.0063339601306743,0.842296975939783,0.0092367031572351,0.7989274626023145,0.0068587686356507,0.5743371730479613,0.0148086696621262,3.0,,HLA-DRB1~13:01,DR
ESMC 300M,HLA-DRB1~13:02_HLA-DRA~01:01,0.7283354845765663,0.0082685709514933,0.6853850898479696,0.0096972232195889,0.6569247594526519,0.0169719612089554,0.665583369931196,0.0074578650087708,0.33415499841889,0.0152062796233703,3.0,,HLA-DRB1~13:02,DR
ESMC 300M,HLA-DRB1~14:54_HLA-DRA~01:01,0.876214294446029,0.017269934247365,0.9525798469389772,0.0077016598519783,0.8978128668275144,0.0061910241490328,0.8390670553935861,0.0102792364020814,0.5347370144042874,0.0317545329830817,3.0,,HLA-DRB1~14:54,DR
ESMC 300M,HLA-DRB1~15:01_HLA-DRA~01:01,0.7448245842553852,0.0132227834721987,0.5403404095677405,0.018705172260127,0.5392773354338062,0.0081386970041572,0.7031188508461236,0.0210803545046793,0.335420300294909,0.0214103706461782,3.0,,HLA-DRB1~15:01,DR
ESMC 300M,HLA-DRB1~16:02_HLA-DRA~01:01,0.7973572530864198,0.0148101045632244,0.9311979871343437,0.0057959472834331,0.865465267025891,0.0048436834581719,0.7799999999999999,0.0062269984907723,0.2861274398154262,0.0386666217295624,3.0,,HLA-DRB1~16:02,DR
ESMC 300M,HLA-DRB3~01:01_HLA-DRA~01:01,0.7688786725607928,0.0087652902642444,0.6969606725441612,0.0164455866940964,0.6505105581324213,0.0065436028848388,0.6434330299089727,0.0248164216284809,0.3590191061319909,0.019327992377471,3.0,,HLA-DRB3~01:01,DR
ESMC 300M,HLA-DRB3~02:02_HLA-DRA~01:01,0.8501371679110991,0.0025875691030161,0.8621785455677217,0.0028946895615981,0.788339606138936,0.0023320650086956,0.7425048169556842,0.0133384555855315,0.5025691812970985,0.01549871963886,3.0,,HLA-DRB3~02:02,DR
ESMC 300M,HLA-DRB3~03:01_HLA-DRA~01:01,0.7701333935674937,0.0197734107915553,0.8542082893724497,0.015334043670841,0.7678994443333798,0.005166921542493,0.7092881944444445,0.0107288295524169,0.3848471548404457,0.0395189577267498,3.0,,HLA-DRB3~03:01,DR
ESMC 300M,HLA-DRB4~01:01_HLA-DRA~01:01,0.7858742310132693,0.0050991424391325,0.7791665474703512,0.0066777392332206,0.7242036112566433,0.0049215630444212,0.6950735182658784,0.0073396115798896,0.4073325112530403,0.0123207880695136,3.0,,HLA-DRB4~01:01,DR
ESMC 300M,HLA-DRB5~01:01_HLA-DRA~01:01,0.8522800426703124,0.002482129899696,0.9105740650066552,0.0017433900512449,0.8454712919172174,0.0011074290330168,0.7866781510192363,0.0058064164272628,0.5125183707715276,0.0182865144055628,3.0,,HLA-DRB5~01:01,DR
NetMHCIIpan-4.3,H2-IAbB_H2-IAbA,0.914375551873197,,0.9728750385011038,,,,,,,,,2042.0,H2-IAbB,H2
MixMHC2pred-2.0,H2-IAbB_H2-IAbA,0.9021878848694792,,0.9691319468674728,,,,,,,,,2042.0,H2-IAbB,H2
NetMHCIIpan-4.3,H2-IAdB_H2-IAdA,0.7471022128556375,,0.6484721873038277,,,,,,,,,250.0,H2-IAdB,H2
MixMHC2pred-2.0,H2-IAdB_H2-IAdA,0.704326923076923,,0.6212650730943534,,,,,,,,,250.0,H2-IAdB,H2
NetMHCIIpan-4.3,H2-IEdB_H2-IEdA,0.6787982413287738,,0.3552676347150422,,,,,,,,,112.0,H2-IEdB,H2
MixMHC2pred-2.0,H2-IEdB_H2-IEdA,0.6692721055202736,,0.3564947263870976,,,,,,,,,112.0,H2-IEdB,H2
NetMHCIIpan-4.3,HLA-DPB1~01:01_HLA-DPA1~02:01,0.9336703219924508,,0.9728451656616892,,,,,,,,,2363.0,HLA-DPB1~01:01,DP
MixMHC2pred-2.0,HLA-DPB1~01:01_HLA-DPA1~02:01,0.9252860782359006,,0.9693616229724932,,,,,,,,,2363.0,HLA-DPB1~01:01,DP
NetMHCIIpan-4.3,HLA-DPB1~02:01_HLA-DPA1~01:03,0.944173401718904,,0.9836899435967736,,,,,,,,,2508.0,HLA-DPB1~02:01,DP
MixMHC2pred-2.0,HLA-DPB1~02:01_HLA-DPA1~01:03,0.9264267381211916,,0.9778015860732432,,,,,,,,,2508.0,HLA-DPB1~02:01,DP
NetMHCIIpan-4.3,HLA-DPB1~04:01_HLA-DPA1~01:03,0.9479740018570104,,0.9871721920906686,,,,,,,,,3622.0,HLA-DPB1~04:01,DP
MixMHC2pred-2.0,HLA-DPB1~04:01_HLA-DPA1~01:03,0.9225691736304548,,0.9802342610812652,,,,,,,,,3622.0,HLA-DPB1~04:01,DP
NetMHCIIpan-4.3,HLA-DPB1~04:02_HLA-DPA1~03:01,0.7388802807906122,,0.5197017472207168,,,,,,,,,976.0,HLA-DPB1~04:02,DP
MixMHC2pred-2.0,HLA-DPB1~04:02_HLA-DPA1~03:01,0.7321243120463394,,0.4935918357402881,,,,,,,,,976.0,HLA-DPB1~04:02,DP
NetMHCIIpan-4.3,HLA-DPB1~05:01_HLA-DPA1~02:01,0.7735413396127683,,0.4708028068568728,,,,,,,,,976.0,HLA-DPB1~05:01,DP
MixMHC2pred-2.0,HLA-DPB1~05:01_HLA-DPA1~02:01,0.7538461538461538,,0.4591489198981788,,,,,,,,,976.0,HLA-DPB1~05:01,DP
NetMHCIIpan-4.3,HLA-DPB1~05:01_HLA-DPA1~02:02,0.939477796156832,,0.967508150601381,,,,,,,,,3967.0,HLA-DPB1~05:01,DP
MixMHC2pred-2.0,HLA-DPB1~05:01_HLA-DPA1~02:02,0.9265864125288836,,0.9636535868128632,,,,,,,,,3967.0,HLA-DPB1~05:01,DP
NetMHCIIpan-4.3,HLA-DQB1~02:01_HLA-DQA1~05:01,0.8746121170867884,,0.9155854924558844,,,,,,,,,1824.0,HLA-DQB1~02:01,DQ
MixMHC2pred-2.0,HLA-DQB1~02:01_HLA-DQA1~05:01,0.8178024255837169,,0.8635940858353621,,,,,,,,,1824.0,HLA-DQB1~02:01,DQ
NetMHCIIpan-4.3,HLA-DQB1~03:01_HLA-DQA1~02:01,0.7165853963490871,,0.7482628923725652,,,,,,,,,716.0,HLA-DQB1~03:01,DQ
MixMHC2pred-2.0,HLA-DQB1~03:01_HLA-DQA1~02:01,0.7320619217304326,,0.7684827846067632,,,,,,,,,716.0,HLA-DQB1~03:01,DQ
NetMHCIIpan-4.3,HLA-DQB1~03:01_HLA-DQA1~03:01,0.8228291316526611,,0.8233115081536274,,,,,,,,,76.0,HLA-DQB1~03:01,DQ
MixMHC2pred-2.0,HLA-DQB1~03:01_HLA-DQA1~03:01,0.7965686274509804,,0.7991018456807588,,,,,,,,,76.0,HLA-DQB1~03:01,DQ
NetMHCIIpan-4.3,HLA-DQB1~03:01_HLA-DQA1~05:01,0.7846175147968125,,0.8537656209421889,,,,,,,,,1001.0,HLA-DQB1~03:01,DQ
MixMHC2pred-2.0,HLA-DQB1~03:01_HLA-DQA1~05:01,0.805831101411897,,0.8667633153611116,,,,,,,,,1001.0,HLA-DQB1~03:01,DQ
NetMHCIIpan-4.3,HLA-DQB1~03:02_HLA-DQA1~03:01,0.8827889892016286,,0.8730339013438169,,,,,,,,,3227.0,HLA-DQB1~03:02,DQ
MixMHC2pred-2.0,HLA-DQB1~03:02_HLA-DQA1~03:01,0.8674882011354726,,0.8546431723003504,,,,,,,,,3227.0,HLA-DQB1~03:02,DQ
NetMHCIIpan-4.3,HLA-DQB1~03:02_HLA-DQA1~05:01,0.6296132482208462,,0.4675877625145822,,,,,,,,,730.0,HLA-DQB1~03:02,DQ
MixMHC2pred-2.0,HLA-DQB1~03:02_HLA-DQA1~05:01,0.6653039105521951,,0.5284612134652392,,,,,,,,,730.0,HLA-DQB1~03:02,DQ
NetMHCIIpan-4.3,HLA-DQB1~03:03_HLA-DQA1~02:01,0.7514516064974781,,0.7142619739507305,,,,,,,,,712.0,HLA-DQB1~03:03,DQ
MixMHC2pred-2.0,HLA-DQB1~03:03_HLA-DQA1~02:01,0.7106715914055364,,0.677859378393925,,,,,,,,,712.0,HLA-DQB1~03:03,DQ
NetMHCIIpan-4.3,HLA-DQB1~03:03_HLA-DQA1~05:01,0.714634324009324,,0.6232634373487882,,,,,,,,,526.0,HLA-DQB1~03:03,DQ
MixMHC2pred-2.0,HLA-DQB1~03:03_HLA-DQA1~05:01,0.7311844405594405,,0.6631043772309991,,,,,,,,,526.0,HLA-DQB1~03:03,DQ
NetMHCIIpan-4.3,HLA-DQB1~04:02_HLA-DQA1~02:01,0.659099396665477,,0.6186658524897082,,,,,,,,,702.0,HLA-DQB1~04:02,DQ
MixMHC2pred-2.0,HLA-DQB1~04:02_HLA-DQA1~02:01,0.6233267218270995,,0.549501122166872,,,,,,,,,702.0,HLA-DQB1~04:02,DQ
NetMHCIIpan-4.3,HLA-DQB1~04:02_HLA-DQA1~03:03,0.6818789108743446,,0.5034723146424942,,,,,,,,,527.0,HLA-DQB1~04:02,DQ
MixMHC2pred-2.0,HLA-DQB1~04:02_HLA-DQA1~03:03,0.6336546592254354,,0.428955381093613,,,,,,,,,527.0,HLA-DQB1~04:02,DQ
NetMHCIIpan-4.3,HLA-DQB1~04:02_HLA-DQA1~05:01,0.6621657366166658,,0.7357839165092145,,,,,,,,,689.0,HLA-DQB1~04:02,DQ
MixMHC2pred-2.0,HLA-DQB1~04:02_HLA-DQA1~05:01,0.6425408283417806,,0.6888088125219197,,,,,,,,,689.0,HLA-DQB1~04:02,DQ
NetMHCIIpan-4.3,HLA-DQB1~04:02_HLA-DQA1~06:01,0.6554348195762338,,0.5146798992498827,,,,,,,,,525.0,HLA-DQB1~04:02,DQ
MixMHC2pred-2.0,HLA-DQB1~04:02_HLA-DQA1~06:01,0.649576573818998,,0.4787101294894189,,,,,,,,,525.0,HLA-DQB1~04:02,DQ
NetMHCIIpan-4.3,HLA-DQB1~05:01_HLA-DQA1~01:01,0.7451734489339867,,0.5816645880112785,,,,,,,,,1075.0,HLA-DQB1~05:01,DQ
MixMHC2pred-2.0,HLA-DQB1~05:01_HLA-DQA1~01:01,0.7001016620790854,,0.4722174030440272,,,,,,,,,1075.0,HLA-DQB1~05:01,DQ
NetMHCIIpan-4.3,HLA-DQB1~05:01_HLA-DQA1~01:02,0.5848982478195961,,0.6751691213840916,,,,,,,,,731.0,HLA-DQB1~05:01,DQ
MixMHC2pred-2.0,HLA-DQB1~05:01_HLA-DQA1~01:02,0.4943623791938398,,0.6001519843714692,,,,,,,,,731.0,HLA-DQB1~05:01,DQ
NetMHCIIpan-4.3,HLA-DQB1~05:02_HLA-DQA1~01:02,0.7819444444444444,,0.734798340116058,,,,,,,,,168.0,HLA-DQB1~05:02,DQ
MixMHC2pred-2.0,HLA-DQB1~05:02_HLA-DQA1~01:02,0.6668981481481482,,0.5882053566138548,,,,,,,,,168.0,HLA-DQB1~05:02,DQ
NetMHCIIpan-4.3,HLA-DQB1~05:03_HLA-DQA1~01:04,0.7856410256410257,,0.6967019039042287,,,,,,,,,167.0,HLA-DQB1~05:03,DQ
MixMHC2pred-2.0,HLA-DQB1~05:03_HLA-DQA1~01:04,0.7152136752136753,,0.5797983212211139,,,,,,,,,167.0,HLA-DQB1~05:03,DQ
NetMHCIIpan-4.3,HLA-DQB1~06:02_HLA-DQA1~01:02,0.8481658473263568,,0.8049496276116813,,,,,,,,,2178.0,HLA-DQB1~06:02,DQ
MixMHC2pred-2.0,HLA-DQB1~06:02_HLA-DQA1~01:02,0.8440029379895133,,0.7905410354335544,,,,,,,,,2178.0,HLA-DQB1~06:02,DQ
NetMHCIIpan-4.3,HLA-DQB1~06:03_HLA-DQA1~01:03,0.8230871123577996,,0.6530621317147234,,,,,,,,,269.0,HLA-DQB1~06:03,DQ
MixMHC2pred-2.0,HLA-DQB1~06:03_HLA-DQA1~01:03,0.7717780894498988,,0.6214384656466249,,,,,,,,,269.0,HLA-DQB1~06:03,DQ
NetMHCIIpan-4.3,HLA-DRB1~01:01_HLA-DRA~01:01,0.7982296638080375,,0.9288051887286748,,,,,,,,,10657.0,HLA-DRB1~01:01,DR
MixMHC2pred-2.0,HLA-DRB1~01:01_HLA-DRA~01:01,0.780703851956871,,0.920855331496382,,,,,,,,,10657.0,HLA-DRB1~01:01,DR
NetMHCIIpan-4.3,HLA-DRB1~03:01_HLA-DRA~01:01,0.8286322682095804,,0.8616619243697861,,,,,,,,,4148.0,HLA-DRB1~03:01,DR
MixMHC2pred-2.0,HLA-DRB1~03:01_HLA-DRA~01:01,0.812681681991653,,0.8501723213446756,,,,,,,,,4148.0,HLA-DRB1~03:01,DR
NetMHCIIpan-4.3,HLA-DRB1~04:04_HLA-DRA~01:01,0.7397139313011344,,0.6510701609532376,,,,,,,,,12471.0,HLA-DRB1~04:04,DR
MixMHC2pred-2.0,HLA-DRB1~04:04_HLA-DRA~01:01,0.7207796709962463,,0.6202104746826331,,,,,,,,,12471.0,HLA-DRB1~04:04,DR
NetMHCIIpan-4.3,HLA-DRB1~04:05_HLA-DRA~01:01,0.8477839342908478,,0.9192504509192104,,,,,,,,,2789.0,HLA-DRB1~04:05,DR
MixMHC2pred-2.0,HLA-DRB1~04:05_HLA-DRA~01:01,0.8448159741984443,,0.9178143458700996,,,,,,,,,2789.0,HLA-DRB1~04:05,DR
NetMHCIIpan-4.3,HLA-DRB1~07:01_HLA-DRA~01:01,0.7822824971929005,,0.7015820720780335,,,,,,,,,14278.0,HLA-DRB1~07:01,DR
MixMHC2pred-2.0,HLA-DRB1~07:01_HLA-DRA~01:01,0.7680222044666044,,0.6674159866265513,,,,,,,,,14278.0,HLA-DRB1~07:01,DR
NetMHCIIpan-4.3,HLA-DRB1~08:01_HLA-DRA~01:01,0.902895029183689,,0.970113922826882,,,,,,,,,1765.0,HLA-DRB1~08:01,DR
MixMHC2pred-2.0,HLA-DRB1~08:01_HLA-DRA~01:01,0.8669817226518258,,0.9589909514819362,,,,,,,,,1765.0,HLA-DRB1~08:01,DR
NetMHCIIpan-4.3,HLA-DRB1~08:02_HLA-DRA~01:01,0.711612283201458,,0.6506023372622025,,,,,,,,,2115.0,HLA-DRB1~08:02,DR
MixMHC2pred-2.0,HLA-DRB1~08:02_HLA-DRA~01:01,0.6774710332557029,,0.5994656182438206,,,,,,,,,2115.0,HLA-DRB1~08:02,DR
NetMHCIIpan-4.3,HLA-DRB1~09:01_HLA-DRA~01:01,0.7143784441150762,,0.7676925698752171,,,,,,,,,2836.0,HLA-DRB1~09:01,DR
MixMHC2pred-2.0,HLA-DRB1~09:01_HLA-DRA~01:01,0.6880550805052001,,0.7387766235299105,,,,,,,,,2836.0,HLA-DRB1~09:01,DR
NetMHCIIpan-4.3,HLA-DRB1~11:01_HLA-DRA~01:01,0.8217069987033835,,0.8631644729288275,,,,,,,,,4611.0,HLA-DRB1~11:01,DR
MixMHC2pred-2.0,HLA-DRB1~11:01_HLA-DRA~01:01,0.8019420123428213,,0.8506920740387536,,,,,,,,,4611.0,HLA-DRB1~11:01,DR
NetMHCIIpan-4.3,HLA-DRB1~12:01_HLA-DRA~01:01,0.8930046332873188,,0.9193607273787786,,,,,,,,,1663.0,HLA-DRB1~12:01,DR
MixMHC2pred-2.0,HLA-DRB1~12:01_HLA-DRA~01:01,0.8764205902015089,,0.9036432659591612,,,,,,,,,1663.0,HLA-DRB1~12:01,DR
NetMHCIIpan-4.3,HLA-DRB1~13:01_HLA-DRA~01:01,0.7997603422762658,,0.8997543359513331,,,,,,,,,1181.0,HLA-DRB1~13:01,DR
MixMHC2pred-2.0,HLA-DRB1~13:01_HLA-DRA~01:01,0.7824197387891656,,0.8930211785838954,,,,,,,,,1181.0,HLA-DRB1~13:01,DR
NetMHCIIpan-4.3,HLA-DRB1~13:02_HLA-DRA~01:01,0.6990437801212744,,0.6633788045581402,,,,,,,,,2277.0,HLA-DRB1~13:02,DR
MixMHC2pred-2.0,HLA-DRB1~13:02_HLA-DRA~01:01,0.6450065620656887,,0.6140918768304627,,,,,,,,,2277.0,HLA-DRB1~13:02,DR
NetMHCIIpan-4.3,HLA-DRB1~14:54_HLA-DRA~01:01,0.8507293916303328,,0.950403443189698,,,,,,,,,1029.0,HLA-DRB1~14:54,DR
MixMHC2pred-2.0,HLA-DRB1~14:54_HLA-DRA~01:01,0.8534747972780246,,0.9512194776332306,,,,,,,,,1029.0,HLA-DRB1~14:54,DR
NetMHCIIpan-4.3,HLA-DRB1~15:01_HLA-DRA~01:01,0.7707226244592154,,0.65342895875107,,,,,,,,,13552.0,HLA-DRB1~15:01,DR
MixMHC2pred-2.0,HLA-DRB1~15:01_HLA-DRA~01:01,0.744990344280095,,0.6124688148312132,,,,,,,,,13552.0,HLA-DRB1~15:01,DR
NetMHCIIpan-4.3,HLA-DRB1~16:02_HLA-DRA~01:01,0.7220775462962963,,0.8949315193256366,,,,,,,,,140.0,HLA-DRB1~16:02,DR
MixMHC2pred-2.0,HLA-DRB1~16:02_HLA-DRA~01:01,0.7442129629629629,,0.9041898476790866,,,,,,,,,140.0,HLA-DRB1~16:02,DR
NetMHCIIpan-4.3,HLA-DRB3~01:01_HLA-DRA~01:01,0.8551877471229018,,0.8453396463029845,,,,,,,,,3076.0,HLA-DRB3~01:01,DR
MixMHC2pred-2.0,HLA-DRB3~01:01_HLA-DRA~01:01,0.8219115492230817,,0.8105833716291311,,,,,,,,,3076.0,HLA-DRB3~01:01,DR
NetMHCIIpan-4.3,HLA-DRB3~02:02_HLA-DRA~01:01,0.879717619803714,,0.9177687406253624,,,,,,,,,2595.0,HLA-DRB3~02:02,DR
MixMHC2pred-2.0,HLA-DRB3~02:02_HLA-DRA~01:01,0.8571815423963963,,0.9043631507558229,,,,,,,,,2595.0,HLA-DRB3~02:02,DR
NetMHCIIpan-4.3,HLA-DRB3~03:01_HLA-DRA~01:01,0.7184316530512367,,0.8415022332937763,,,,,,,,,768.0,HLA-DRB3~03:01,DR
MixMHC2pred-2.0,HLA-DRB3~03:01_HLA-DRA~01:01,0.6936678838986561,,0.8198546887487139,,,,,,,,,768.0,HLA-DRB3~03:01,DR
NetMHCIIpan-4.3,HLA-DRB4~01:01_HLA-DRA~01:01,0.7408942315650087,,0.761415016899498,,,,,,,,,2199.0,HLA-DRB4~01:01,DR
MixMHC2pred-2.0,HLA-DRB4~01:01_HLA-DRA~01:01,0.728999006869155,,0.7486335889887017,,,,,,,,,2199.0,HLA-DRB4~01:01,DR
NetMHCIIpan-4.3,HLA-DRB5~01:01_HLA-DRA~01:01,0.8149366299119669,,0.9037840142224398,,,,,,,,,3483.0,HLA-DRB5~01:01,DR
MixMHC2pred-2.0,HLA-DRB5~01:01_HLA-DRA~01:01,0.7820571433579355,,0.8851661563864539,,,,,,,,,3483.0,HLA-DRB5~01:01,DR
NetMHCIIpan-4.3,H2-IAbB,0.914375551873197,,0.9728750385011038,,,,,,,,,2042.0,H2-IAbB,H2
MixMHC2pred-2.0,H2-IAbB,0.9021878848694792,,0.9691319468674728,,,,,,,,,2042.0,H2-IAbB,H2
NetMHCIIpan-4.3,H2-IAdB,0.7471022128556375,,0.6484721873038277,,,,,,,,,250.0,H2-IAdB,H2
MixMHC2pred-2.0,H2-IAdB,0.704326923076923,,0.6212650730943534,,,,,,,,,250.0,H2-IAdB,H2
NetMHCIIpan-4.3,H2-IEdB,0.6787982413287738,,0.3552676347150422,,,,,,,,,112.0,H2-IEdB,H2
MixMHC2pred-2.0,H2-IEdB,0.6692721055202736,,0.3564947263870976,,,,,,,,,112.0,H2-IEdB,H2
NetMHCIIpan-4.3,HLA-DPB1~01:01,0.9346843501768908,,0.9737792965362932,,,,,,,,,2398.0,HLA-DPB1~01:01,DP
MixMHC2pred-2.0,HLA-DPB1~01:01,0.9256299646218544,,0.9700433437766134,,,,,,,,,2398.0,HLA-DPB1~01:01,DP
NetMHCIIpan-4.3,HLA-DPB1~02:01,0.9443045376578824,,0.9837658307219074,,,,,,,,,2513.0,HLA-DPB1~02:01,DP
MixMHC2pred-2.0,HLA-DPB1~02:01,0.9265918187015958,,0.9779022831162384,,,,,,,,,2513.0,HLA-DPB1~02:01,DP
NetMHCIIpan-4.3,HLA-DPB1~04:01,0.9480092592592592,,0.9872101809816516,,,,,,,,,3630.0,HLA-DPB1~04:01,DP
MixMHC2pred-2.0,HLA-DPB1~04:01,0.922299074074074,,0.9802082433885684,,,,,,,,,3630.0,HLA-DPB1~04:01,DP
NetMHCIIpan-4.3,HLA-DPB1~04:02,0.9469305942009252,,0.9779234769427628,,,,,,,,,2326.0,HLA-DPB1~04:02,DP
MixMHC2pred-2.0,HLA-DPB1~04:02,0.9308040206599644,,0.9696023514682844,,,,,,,,,2326.0,HLA-DPB1~04:02,DP
NetMHCIIpan-4.3,HLA-DPB1~05:01,0.9279117505187576,,0.9492682713168832,,,,,,,,,4945.0,HLA-DPB1~05:01,DP
MixMHC2pred-2.0,HLA-DPB1~05:01,0.9147838158409372,,0.9432762896341232,,,,,,,,,4945.0,HLA-DPB1~05:01,DP
NetMHCIIpan-4.3,HLA-DQB1~02:01,0.8748704197116249,,0.9159155945837618,,,,,,,,,1830.0,HLA-DQB1~02:01,DQ
MixMHC2pred-2.0,HLA-DQB1~02:01,0.8179260789586089,,0.864180463437394,,,,,,,,,1830.0,HLA-DQB1~02:01,DQ
NetMHCIIpan-4.3,HLA-DQB1~03:01,0.8800024034247702,,0.963086657058505,,,,,,,,,3171.0,HLA-DQB1~03:01,DQ
MixMHC2pred-2.0,HLA-DQB1~03:01,0.838864425895689,,0.9481611091256452,,,,,,,,,3171.0,HLA-DQB1~03:01,DQ
NetMHCIIpan-4.3,HLA-DQB1~03:02,0.8328190969397645,,0.8204969053520328,,,,,,,,,3975.0,HLA-DQB1~03:02,DQ
MixMHC2pred-2.0,HLA-DQB1~03:02,0.8281777771508196,,0.8122050522168025,,,,,,,,,3975.0,HLA-DQB1~03:02,DQ
NetMHCIIpan-4.3,HLA-DQB1~03:03,0.7439258590116765,,0.7533079165572472,,,,,,,,,774.0,HLA-DQB1~03:03,DQ
MixMHC2pred-2.0,HLA-DQB1~03:03,0.7036769380039478,,0.7263060918718356,,,,,,,,,774.0,HLA-DQB1~03:03,DQ
NetMHCIIpan-4.3,HLA-DQB1~04:02,0.6804489834720846,,0.7788041138353068,,,,,,,,,783.0,HLA-DQB1~04:02,DQ
MixMHC2pred-2.0,HLA-DQB1~04:02,0.6419234582320428,,0.727174013761442,,,,,,,,,783.0,HLA-DQB1~04:02,DQ
NetMHCIIpan-4.3,HLA-DQB1~05:01,0.6391321924268967,,0.588236369182557,,,,,,,,,1831.0,HLA-DQB1~05:01,DQ
MixMHC2pred-2.0,HLA-DQB1~05:01,0.5851025867533077,,0.4974954035149757,,,,,,,,,1831.0,HLA-DQB1~05:01,DQ
NetMHCIIpan-4.3,HLA-DQB1~05:02,0.78551912568306,,0.7440649699179748,,,,,,,,,169.0,HLA-DQB1~05:02,DQ
MixMHC2pred-2.0,HLA-DQB1~05:02,0.6720552519732848,,0.5978508912548521,,,,,,,,,169.0,HLA-DQB1~05:02,DQ
NetMHCIIpan-4.3,HLA-DQB1~05:03,0.841446797968537,,0.8247967391167256,,,,,,,,,186.0,HLA-DQB1~05:03,DQ
MixMHC2pred-2.0,HLA-DQB1~05:03,0.7469961600396382,,0.6929000757236744,,,,,,,,,186.0,HLA-DQB1~05:03,DQ
NetMHCIIpan-4.3,HLA-DQB1~06:02,0.8513942389546267,,0.8122548249603077,,,,,,,,,2198.0,HLA-DQB1~06:02,DQ
MixMHC2pred-2.0,HLA-DQB1~06:02,0.8452707783547573,,0.7949505533858807,,,,,,,,,2198.0,HLA-DQB1~06:02,DQ
NetMHCIIpan-4.3,HLA-DQB1~06:03,0.8492158030573754,,0.7389322378735385,,,,,,,,,280.0,HLA-DQB1~06:03,DQ
MixMHC2pred-2.0,HLA-DQB1~06:03,0.802395605850043,,0.697134404843958,,,,,,,,,280.0,HLA-DQB1~06:03,DQ
NetMHCIIpan-4.3,HLA-DRB1~01:01,0.7982296638080375,,0.9288051887286748,,,,,,,,,10657.0,HLA-DRB1~01:01,DR
MixMHC2pred-2.0,HLA-DRB1~01:01,0.780703851956871,,0.920855331496382,,,,,,,,,10657.0,HLA-DRB1~01:01,DR
NetMHCIIpan-4.3,HLA-DRB1~03:01,0.8286322682095804,,0.8616619243697861,,,,,,,,,4148.0,HLA-DRB1~03:01,DR
MixMHC2pred-2.0,HLA-DRB1~03:01,0.812681681991653,,0.8501723213446756,,,,,,,,,4148.0,HLA-DRB1~03:01,DR
NetMHCIIpan-4.3,HLA-DRB1~04:04,0.7397139313011344,,0.6510701609532376,,,,,,,,,12471.0,HLA-DRB1~04:04,DR
MixMHC2pred-2.0,HLA-DRB1~04:04,0.7207796709962463,,0.6202104746826331,,,,,,,,,12471.0,HLA-DRB1~04:04,DR
NetMHCIIpan-4.3,HLA-DRB1~04:05,0.8477839342908478,,0.9192504509192104,,,,,,,,,2789.0,HLA-DRB1~04:05,DR
MixMHC2pred-2.0,HLA-DRB1~04:05,0.8448159741984443,,0.9178143458700996,,,,,,,,,2789.0,HLA-DRB1~04:05,DR
NetMHCIIpan-4.3,HLA-DRB1~07:01,0.7822824971929005,,0.7015820720780335,,,,,,,,,14278.0,HLA-DRB1~07:01,DR
MixMHC2pred-2.0,HLA-DRB1~07:01,0.7680222044666044,,0.6674159866265513,,,,,,,,,14278.0,HLA-DRB1~07:01,DR
NetMHCIIpan-4.3,HLA-DRB1~08:01,0.902895029183689,,0.970113922826882,,,,,,,,,1765.0,HLA-DRB1~08:01,DR
MixMHC2pred-2.0,HLA-DRB1~08:01,0.8669817226518258,,0.9589909514819362,,,,,,,,,1765.0,HLA-DRB1~08:01,DR
NetMHCIIpan-4.3,HLA-DRB1~08:02,0.711612283201458,,0.6506023372622025,,,,,,,,,2115.0,HLA-DRB1~08:02,DR
MixMHC2pred-2.0,HLA-DRB1~08:02,0.6774710332557029,,0.5994656182438206,,,,,,,,,2115.0,HLA-DRB1~08:02,DR
NetMHCIIpan-4.3,HLA-DRB1~09:01,0.7143784441150762,,0.7676925698752171,,,,,,,,,2836.0,HLA-DRB1~09:01,DR
MixMHC2pred-2.0,HLA-DRB1~09:01,0.6880550805052001,,0.7387766235299105,,,,,,,,,2836.0,HLA-DRB1~09:01,DR
NetMHCIIpan-4.3,HLA-DRB1~11:01,0.8217069987033835,,0.8631644729288275,,,,,,,,,4611.0,HLA-DRB1~11:01,DR
MixMHC2pred-2.0,HLA-DRB1~11:01,0.8019420123428213,,0.8506920740387536,,,,,,,,,4611.0,HLA-DRB1~11:01,DR
NetMHCIIpan-4.3,HLA-DRB1~12:01,0.8930046332873188,,0.9193607273787786,,,,,,,,,1663.0,HLA-DRB1~12:01,DR
MixMHC2pred-2.0,HLA-DRB1~12:01,0.8764205902015089,,0.9036432659591612,,,,,,,,,1663.0,HLA-DRB1~12:01,DR
NetMHCIIpan-4.3,HLA-DRB1~13:01,0.7997603422762658,,0.8997543359513331,,,,,,,,,1181.0,HLA-DRB1~13:01,DR
MixMHC2pred-2.0,HLA-DRB1~13:01,0.7824197387891656,,0.8930211785838954,,,,,,,,,1181.0,HLA-DRB1~13:01,DR
NetMHCIIpan-4.3,HLA-DRB1~13:02,0.6990437801212744,,0.6633788045581402,,,,,,,,,2277.0,HLA-DRB1~13:02,DR
MixMHC2pred-2.0,HLA-DRB1~13:02,0.6450065620656887,,0.6140918768304627,,,,,,,,,2277.0,HLA-DRB1~13:02,DR
NetMHCIIpan-4.3,HLA-DRB1~14:54,0.8507293916303328,,0.950403443189698,,,,,,,,,1029.0,HLA-DRB1~14:54,DR
MixMHC2pred-2.0,HLA-DRB1~14:54,0.8534747972780246,,0.9512194776332306,,,,,,,,,1029.0,HLA-DRB1~14:54,DR
NetMHCIIpan-4.3,HLA-DRB1~15:01,0.7707226244592154,,0.65342895875107,,,,,,,,,13552.0,HLA-DRB1~15:01,DR
MixMHC2pred-2.0,HLA-DRB1~15:01,0.744990344280095,,0.6124688148312132,,,,,,,,,13552.0,HLA-DRB1~15:01,DR
NetMHCIIpan-4.3,HLA-DRB1~16:02,0.7220775462962963,,0.8949315193256366,,,,,,,,,140.0,HLA-DRB1~16:02,DR
MixMHC2pred-2.0,HLA-DRB1~16:02,0.7442129629629629,,0.9041898476790866,,,,,,,,,140.0,HLA-DRB1~16:02,DR
NetMHCIIpan-4.3,HLA-DRB3~01:01,0.8551877471229018,,0.8453396463029845,,,,,,,,,3076.0,HLA-DRB3~01:01,DR
MixMHC2pred-2.0,HLA-DRB3~01:01,0.8219115492230817,,0.8105833716291311,,,,,,,,,3076.0,HLA-DRB3~01:01,DR
NetMHCIIpan-4.3,HLA-DRB3~02:02,0.879717619803714,,0.9177687406253624,,,,,,,,,2595.0,HLA-DRB3~02:02,DR
MixMHC2pred-2.0,HLA-DRB3~02:02,0.8571815423963963,,0.9043631507558229,,,,,,,,,2595.0,HLA-DRB3~02:02,DR
NetMHCIIpan-4.3,HLA-DRB3~03:01,0.7184316530512367,,0.8415022332937763,,,,,,,,,768.0,HLA-DRB3~03:01,DR
MixMHC2pred-2.0,HLA-DRB3~03:01,0.6936678838986561,,0.8198546887487139,,,,,,,,,768.0,HLA-DRB3~03:01,DR
NetMHCIIpan-4.3,HLA-DRB4~01:01,0.7408942315650087,,0.761415016899498,,,,,,,,,2199.0,HLA-DRB4~01:01,DR
MixMHC2pred-2.0,HLA-DRB4~01:01,0.728999006869155,,0.7486335889887017,,,,,,,,,2199.0,HLA-DRB4~01:01,DR
NetMHCIIpan-4.3,HLA-DRB5~01:01,0.8149366299119669,,0.9037840142224398,,,,,,,,,3483.0,HLA-DRB5~01:01,DR
MixMHC2pred-2.0,HLA-DRB5~01:01,0.7820571433579355,,0.8851661563864539,,,,,,,,,3483.0,HLA-DRB5~01:01,DR
