method,stratum,roc_auc,roc_auc_sd,pr_auc,pr_auc_sd,f1,f1_sd,accuracy,accuracy_sd,mcc,mcc_sd,n_seeds,n
AlphaFold 3,"9-mer overlap, not exact",0.8942697396664867,0.0080899616289887,0.9762556111095608,0.0019699851763435,0.9159629016598082,0.0044464323673255,0.86172733352441,0.0068236863987825,0.5278723823210988,0.0242280623690851,3.0,
AlphaFold 3,>=1 9-mer overlap,0.8659816617949104,0.005786958402668,0.889523130295947,0.0041085347029915,0.7966712810673275,0.005079877948313,0.7775994805676655,0.0062493183130643,0.5526511721203126,0.0127167676987616,3.0,
AlphaFold 3,Exact 15-mer match,0.8503883607350285,0.0062511721669413,0.8521736925802218,0.0051375789725381,0.7582779467389922,0.0055466674910807,0.7613585643409136,0.0066948512569787,0.5248923324490445,0.0126243454945934,3.0,
AlphaFold 3,No 9-mer overlap,0.8313297665136185,0.0135676198727833,0.9940208974515682,0.000586781674041,0.9471124541917564,0.0040150499320787,0.9009053812802856,0.0071052748895534,0.2146563476525923,0.0192351084605163,3.0,
AlphaFold 3,Overall,0.8760334497641095,0.0056308967252303,0.9130479037141944,0.0035407792873353,0.8225541107752727,0.0047818569431881,0.7909317780719171,0.0059063632673376,0.568846043181855,0.0128190891793433,3.0,
BLOSUM62,"9-mer overlap, not exact",0.8713034926117827,0.0076942234134684,0.9697179018288352,0.0022178546615722,0.911009255636861,0.0022728248685594,0.8529760198719787,0.0031857279659768,0.4891563761873708,0.0073879190773291,3.0,
BLOSUM62,>=1 9-mer overlap,0.8636653974158882,0.0047782517380181,0.8850763896649624,0.0043659419997607,0.7939507331960195,0.0034120202551128,0.7773799585690876,0.0044988853310752,0.5523421649022761,0.0092429323626094,3.0,
BLOSUM62,Exact 15-mer match,0.8491947437266768,0.0050762265899703,0.8476947949354323,0.0053211273300582,0.7554505494575693,0.0041158320974522,0.7627861081908556,0.0052084735877866,0.5258998253357093,0.0100096500826652,3.0,
BLOSUM62,No 9-mer overlap,0.7559353301615962,0.019701865066356,0.9900326232576768,0.001281933306837,0.9331062187987256,0.0037381914591638,0.8760392756949757,0.0064825188093439,0.1462306690480671,0.0128725078424951,3.0,
BLOSUM62,Overall,0.8713232960301921,0.004757517613977,0.9072839539560612,0.0038863393367354,0.8179140495793097,0.0033048409306206,0.7880473748069711,0.004289697648292,0.5645911863235478,0.0093577627947223,3.0,
Boltz-1,"9-mer overlap, not exact",0.8853187547357196,0.0017971725514365,0.9740292544895808,0.0006615879708042,0.9144811605660856,0.0013393314032621,0.8585841215247921,0.0018018038000001,0.5068024197647496,0.0009811943090995,3.0,
Boltz-1,>=1 9-mer overlap,0.8745715429834418,0.0042299706594891,0.8963636724487256,0.003630352656993,0.8056460756035588,0.0024801040815196,0.7870806666048296,0.0038202215601551,0.5720907301822026,0.0078842013925421,3.0,
Boltz-1,Exact 15-mer match,0.8616476541311097,0.0045768718517404,0.8628910658523914,0.0045661234929548,0.7704335652290535,0.0027294038781167,0.7732768955532193,0.004429950557299,0.5491996194998251,0.0081611648100915,3.0,
Boltz-1,No 9-mer overlap,0.8292140904148182,0.0033326368969873,0.9940173518259544,0.0002475721755184,0.9475209890791668,0.0022013507735009,0.901542973731191,0.004000647491756,0.1955713283230888,0.0058757081824308,3.0,
Boltz-1,Overall,0.883721534413208,0.0040495450202179,0.9184354249570864,0.0030162039396496,0.8300522388456457,0.0022904982893099,0.7994567615265828,0.0034414104591969,0.586555940388953,0.0077924585217653,3.0,
Chai-1,"9-mer overlap, not exact",0.9174262859889962,0.0027752050679207,0.9819148250123416,0.0006607453612849,0.9276658923807164,0.0027274997429449,0.8800133753702112,0.0038506107000891,0.5764241960250889,0.0087892605343584,3.0,
Chai-1,>=1 9-mer overlap,0.9053885171119296,0.0008886369157959,0.9228407005534686,0.0007410600984854,0.8323565188747031,0.0015295900570088,0.8200955384472683,0.0010760869150711,0.6388607963887147,0.0023879454915034,3.0,
Chai-1,Exact 15-mer match,0.8938493857467386,0.0009594383804119,0.8953980566390424,0.0009216318023342,0.8005480675987532,0.0012653592416413,0.8085283756616685,0.0013109320086255,0.6171985534927585,0.0024883302767127,3.0,
Chai-1,No 9-mer overlap,0.8691846715368894,0.0087237916881322,0.9954948696092684,0.0004939058484042,0.9596123891258213,0.0031540293658401,0.923463402193318,0.0056284211678454,0.2642822731050085,0.0096298288940617,3.0,
Chai-1,Overall,0.9138029647743536,0.0007336539659263,0.9405280536989298,0.000588507124209,0.8548051905189533,0.0016194776038862,0.8312720604456211,0.0009050193209779,0.6539404005634694,0.0018644904156369,3.0,
DeepNeo,"9-mer overlap, not exact",0.9062072511106656,0.0044093944918097,0.9787962969047578,0.001129128751973,0.9227457637386062,0.0007537529016292,0.8726629369291828,0.0011332966529403,0.562429327900896,0.0118020103363806,3.0,
DeepNeo,>=1 9-mer overlap,0.8823779174604439,0.0018807141953943,0.9042749061252772,0.0017504189960779,0.8106149386114657,0.002751650416208,0.7965444664342035,0.0018863574895289,0.5912946793249684,0.0040218865699891,3.0,
DeepNeo,Exact 15-mer match,0.8670629867217734,0.002381767925925,0.8696557753225056,0.0025693368131592,0.7728241829737902,0.0040767803090337,0.7815859949820991,0.002459506913358,0.5630953766646893,0.0049933967804686,3.0,
DeepNeo,No 9-mer overlap,0.8606160281296898,0.006309749396885,0.9946659374010336,0.0002961763273455,0.9621765105628038,0.0018444818633431,0.928124601046853,0.0033699934811741,0.2818563125686062,0.0081333411134781,3.0,
DeepNeo,Overall,0.8942827071461861,0.0015157643588077,0.9270332180788148,0.0012551024975635,0.8377093775877326,0.0022321101536085,0.8109595938404732,0.0015271384643069,0.61176454362697,0.0035545409061545,3.0,
ESM3 Large,"9-mer overlap, not exact",0.9360275250411996,0.0021894440721669,0.9860951528648852,0.0004711571898176,0.9399389135386416,0.0012200835819263,0.8996274004012611,0.00205545177922,0.6351141146599469,0.0099867755703047,3.0,
ESM3 Large,>=1 9-mer overlap,0.918760391087894,0.0020665681308936,0.934531145921812,0.0018323731326522,0.84497683883739,0.0018320322565394,0.835326036545775,0.0026230703150742,0.6698521176116072,0.0058060024660571,3.0,
ESM3 Large,Exact 15-mer match,0.9065646024428364,0.0022180570624329,0.9086368867458482,0.0023414066960577,0.8125290258918104,0.0020308396697252,0.8229126321031374,0.0027328158695534,0.6453189671354522,0.0055015191240708,3.0,
ESM3 Large,No 9-mer overlap,0.8962835012434023,0.0022113956408857,0.9964973764244796,4.1060591715126e-05,0.96834432570579,0.000497601864443,0.93955623565417,0.0009760788693323,0.3202737469223782,0.0156072627907826,3.0,
ESM3 Large,Overall,0.927396114944775,0.0019357454331247,0.9505727925675602,0.0014509007264152,0.8670672984091131,0.0014990083832579,0.8465957974851092,0.0023627807526641,0.6862503321050787,0.0058554664254729,3.0,
ESM3 Medium,"9-mer overlap, not exact",0.9311762439486652,0.0041615053170415,0.9851365702144514,0.0009209232242739,0.933818874562044,0.0033764455413738,0.890331518104519,0.0052451603024072,0.6147889840018533,0.0135169744413092,3.0,
ESM3 Medium,>=1 9-mer overlap,0.9105439564748125,0.0033461381468127,0.9274192431133984,0.002676204445429,0.8359270456625391,0.0044470029969909,0.8259499737191973,0.0041412864940711,0.6511149017726153,0.0081599208652782,3.0,
ESM3 Medium,Exact 15-mer match,0.8978090158064164,0.0034665409968079,0.8994070602512662,0.0032829082598865,0.8027958713271975,0.0049848852164497,0.8135210903926668,0.0041842441369321,0.62644785254704,0.0084571300173522,3.0,
ESM3 Medium,No 9-mer overlap,0.8863738071369625,0.003783879437701,0.9960750145419792,0.0001214887072276,0.9640723650672252,0.0038636705468234,0.9317138485080336,0.0070924587453143,0.3058856126699316,0.0177412805973582,3.0,
ESM3 Medium,Overall,0.9195864809113786,0.0033049351122126,0.944899415915466,0.0022540856988793,0.8588093816670836,0.004268614478093,0.837385561438341,0.00433001490838,0.6676994957006226,0.0084037488870062,3.0,
ESM3 Small,"9-mer overlap, not exact",0.9320522407991026,0.0013917361053711,0.9853622581213868,0.0002478959141791,0.935109556546314,0.0025458126266513,0.8924142543231107,0.003543185293044,0.6212933917517621,0.002690519981613,3.0,
ESM3 Small,>=1 9-mer overlap,0.9122849605197751,0.0009887638016683,0.929098577006916,0.000694180736094,0.837219950271832,0.0031487744556433,0.8278947531150481,0.001278300545565,0.6552281471009512,0.0017594006537422,3.0,
ESM3 Small,Exact 15-mer match,0.899609172611156,0.0009915589088661,0.9014591461011658,0.0007178595189963,0.8039148087424884,0.0036136351608104,0.8154392371677824,0.0008963704354745,0.6301873843035164,0.0019860853322202,3.0,
ESM3 Small,No 9-mer overlap,0.8829496971341748,0.0022991858895542,0.9959473307139222,7.93789818075942e-05,0.9638339110379096,0.0037841968925749,0.9312675337924,0.0068617627287752,0.3045247698274963,0.0011274598624314,3.0,
ESM3 Small,Overall,0.9210836366459788,0.0011225998256721,0.9461085894765648,0.0006955247734318,0.8598867604775036,0.0031065109530542,0.8390718067504963,0.0018809678376891,0.6715714137654029,0.0022589548506486,3.0,
ESMC 6B,"9-mer overlap, not exact",0.9094644061827972,0.007242475705933,0.9799692312496504,0.0018515828913844,0.9225984359116036,0.0045937206774338,0.8725613833954333,0.0069832005096668,0.5637942526239256,0.0168691172422041,3.0,
ESMC 6B,>=1 9-mer overlap,0.8995577696059082,0.0005670666439946,0.9189365546490528,0.0005960130628123,0.8224324629100498,0.0026020534851033,0.814312215935442,0.0007753434013692,0.629143907588914,0.0011104133102442,3.0,
ESMC 6B,Exact 15-mer match,0.8868166402210343,0.0004645882629966,0.8899863728278253,0.0002869804443743,0.7881488599785672,0.0022099622214317,0.803067190468286,0.0008732920788133,0.6055582568522584,0.001851576505863,3.0,
ESMC 6B,No 9-mer overlap,0.8675264326818164,0.0094873073106482,0.9954645740467534,0.0003321211080697,0.957009722251358,0.0055326656487333,0.9188599846977812,0.0099744323957911,0.2670704725649894,0.0204939326243978,3.0,
ESMC 6B,Overall,0.90935710186299,0.0009579029212872,0.9379065581767948,0.0008217876069018,0.8466204733786334,0.0029493060467094,0.8256163136995367,0.0015622696924507,0.6461425302686871,0.0011721174691253,3.0,
ESMC 600M,"9-mer overlap, not exact",0.9261176199435374,0.0004298193950538,0.9839423152132164,4.288271349764922e-05,0.933887785779534,0.0014644180101882,0.8899015954905894,0.0019431431188648,0.6052312198448212,0.0010402163784849,3.0,
ESMC 600M,>=1 9-mer overlap,0.9133090928083352,0.0016854348770729,0.9298364204446786,0.0014229254636614,0.8378298472004005,0.002215364390035,0.8284837522802461,0.0026723175676762,0.6565971644990171,0.0052532641544409,3.0,
ESMC 600M,Exact 15-mer match,0.901398431256452,0.0023224129821261,0.9032561487914128,0.0023582267863932,0.8049610287822023,0.0031783479961254,0.8166270126708349,0.0034152907326439,0.6328763288931178,0.0064371101950977,3.0,
ESMC 600M,No 9-mer overlap,0.8752842655619126,0.0038972614902814,0.9958389271181268,0.0001494354752906,0.960849148673485,0.0022772070511316,0.9257077276205052,0.0041110031008445,0.2636049734808638,0.007351989697644,3.0,
ESMC 600M,Overall,0.921421997512534,0.0012666344190565,0.9462958576689532,0.0008894592672803,0.8598201438632822,0.0017748839966623,0.8389959739686742,0.0022300720547264,0.671604126793223,0.0046164343462958,3.0,
ESMC 300M,"9-mer overlap, not exact",0.926183994207337,0.0030126458016943,0.9841541528973168,0.0007267913757739,0.9323174044551328,0.0017091677545642,0.8877042132416165,0.0028332882444843,0.6032850201482528,0.0106916800773519,3.0,
ESMC 300M,>=1 9-mer overlap,0.9111593807279564,0.002216314295772,0.9280660894680636,0.0017709016709181,0.8368128385901255,0.0020807934389172,0.8272547382741241,0.0035994210469328,0.6538789790641416,0.0075860649697478,3.0,
ESMC 300M,Exact 15-mer match,0.8992396164100315,0.0025310908278621,0.9010937560370302,0.0024468747254297,0.8043510970897024,0.0023238562658432,0.8155849425478153,0.0041362559580812,0.6306041962397212,0.0078892652207108,3.0,
ESMC 300M,No 9-mer overlap,0.8750828473264544,0.0049611299790184,0.9957953559728284,0.0002143286464288,0.9588301352606704,0.0017271006252108,0.922022443254272,0.0031267523391216,0.2645778841089185,0.0045007045799035,3.0,
ESMC 300M,Overall,0.9192562871217403,0.0018359761307504,0.9447623795861896,0.0012305943555381,0.8585667504378528,0.0015082162515183,0.8375013787778512,0.0028838947463571,0.6683183620404204,0.0069101915948651,3.0,
NetMHCIIpan-4.3,Overall,0.8383539428172966,,0.8982639118216692,,,,,,,,,48175.0
NetMHCIIpan-4.3,No 9-mer overlap,0.9258460847063256,,0.9977890213375962,,,,,,,,,5172.0
NetMHCIIpan-4.3,>=1 9-mer overlap,0.8156219647827514,,0.8628387591835505,,,,,,,,,43003.0
NetMHCIIpan-4.3,Exact 15-mer match,0.7910989312727923,,0.810698079360019,,,,,,,,,36111.0
NetMHCIIpan-4.3,"9-mer overlap, not exact",0.8920240966444513,,0.9780013742929612,,,,,,,,,6892.0
MixMHC2pred-2.0,Overall,0.8154775545553843,,0.8816641361283404,,,,,,,,,48351.0
MixMHC2pred-2.0,No 9-mer overlap,0.9141475203235144,,0.9973525828615448,,,,,,,,,5227.0
MixMHC2pred-2.0,>=1 9-mer overlap,0.7898358097573156,,0.8403675540197602,,,,,,,,,43124.0
MixMHC2pred-2.0,Exact 15-mer match,0.7611529644095807,,0.7787146187104639,,,,,,,,,36146.0
MixMHC2pred-2.0,"9-mer overlap, not exact",0.8753986907157144,,0.973390287175265,,,,,,,,,6978.0
