HLA_Name,netmhciipan_allele,mixmhc2pred_allele,netmhciipan_supported,mixmhc2pred_supported,n_peptides
HLA-DRB1*07:01_HLA-DRA*01:01,DRB1_0701,DRB1_07_01,True,True,14278
HLA-DRB1*15:01_HLA-DRA*01:01,DRB1_1501,DRB1_15_01,True,True,13552
HLA-DRB1*04:04_HLA-DRA*01:01,DRB1_0404,DRB1_04_04,True,True,12471
HLA-DRB1*01:01_HLA-DRA*01:01,DRB1_0101,DRB1_01_01,True,True,10657
HLA-DRB1*04:01_HLA-DRA*01:01,DRB1_0401,DRB1_04_01,True,True,5071
HLA-DRB1*11:01_HLA-DRA*01:01,DRB1_1101,DRB1_11_01,True,True,4611
HLA-DRB1*03:01_HLA-DRA*01:01,DRB1_0301,DRB1_03_01,True,True,4148
HLA-DPB1*05:01_HLA-DPA1*02:02,HLA-DPA10202-DPB10501,DPA1_02_02__DPB1_05_01,True,True,3967
HLA-DPB1*04:01_HLA-DPA1*01:03,HLA-DPA10103-DPB10401,DPA1_01_03__DPB1_04_01,True,True,3622
HLA-DRB5*01:01_HLA-DRA*01:01,DRB5_0101,DRB5_01_01,True,True,3483
HLA-DQB1*03:02_HLA-DQA1*03:01,HLA-DQA10301-DQB10302,DQA1_03_01__DQB1_03_02,True,True,3227
HLA-DRB3*01:01_HLA-DRA*01:01,DRB3_0101,DRB3_01_01,True,True,3076
HLA-DRB1*09:01_HLA-DRA*01:01,DRB1_0901,DRB1_09_01,True,True,2836
HLA-DRB1*04:05_HLA-DRA*01:01,DRB1_0405,DRB1_04_05,True,True,2789
HLA-DRB3*02:02_HLA-DRA*01:01,DRB3_0202,DRB3_02_02,True,True,2595
HLA-DPB1*02:01_HLA-DPA1*01:03,HLA-DPA10103-DPB10201,DPA1_01_03__DPB1_02_01,True,True,2508
HLA-DPB1*01:01_HLA-DPA1*02:01,HLA-DPA10201-DPB10101,DPA1_02_01__DPB1_01_01,True,True,2363
HLA-DRB1*13:02_HLA-DRA*01:01,DRB1_1302,DRB1_13_02,True,True,2277
HLA-DRB4*01:01_HLA-DRA*01:01,DRB4_0101,DRB4_01_01,True,True,2199
HLA-DQB1*06:02_HLA-DQA1*01:02,HLA-DQA10102-DQB10602,DQA1_01_02__DQB1_06_02,True,True,2178
HLA-DRB1*08:02_HLA-DRA*01:01,DRB1_0802,DRB1_08_02,True,True,2115
H2-IAbB_H2-IAbA,H-2-IAb,H2_Aa_b__H2_Ab_b,True,True,2042
HLA-DQB1*02:01_HLA-DQA1*05:01,HLA-DQA10501-DQB10201,DQA1_05_01__DQB1_02_01,True,True,1824
HLA-DRB1*08:01_HLA-DRA*01:01,DRB1_0801,DRB1_08_01,True,True,1765
HLA-DRB1*12:01_HLA-DRA*01:01,DRB1_1201,DRB1_12_01,True,True,1663
HLA-DQB1*03:01_HLA-DQA1*05:05,HLA-DQA10505-DQB10301,DQA1_05_05__DQB1_03_01,True,True,1398
HLA-DPB1*04:02_HLA-DPA1*01:03,HLA-DPA10103-DPB10402,DPA1_01_03__DPB1_04_02,True,True,1383
HLA-DPB1*14:01_HLA-DPA1*02:01,HLA-DPA10201-DPB11401,DPA1_02_01__DPB1_14_01,True,True,1323
HLA-DRB1*04:02_HLA-DRA*01:01,DRB1_0402,DRB1_04_02,True,True,1253
HLA-DPB1*03:01_HLA-DPA1*01:03,HLA-DPA10103-DPB10301,DPA1_01_03__DPB1_03_01,True,True,1192
HLA-DRB1*13:01_HLA-DRA*01:01,DRB1_1301,DRB1_13_01,True,True,1181
HLA-DQB1*05:01_HLA-DQA1*01:01,HLA-DQA10101-DQB10501,DQA1_01_01__DQB1_05_01,True,True,1075
HLA-DQB1*02:02_HLA-DQA1*02:01,HLA-DQA10201-DQB10202,DQA1_02_01__DQB1_02_02,True,True,1052
HLA-DRB1*14:54_HLA-DRA*01:01,DRB1_1454,DRB1_14_54,True,True,1029
HLA-DPB1*13:01_HLA-DPA1*02:01,HLA-DPA10201-DPB11301,DPA1_02_01__DPB1_13_01,True,True,1019
HLA-DQB1*03:01_HLA-DQA1*05:01,HLA-DQA10501-DQB10301,DQA1_05_01__DQB1_03_01,True,True,1001
HLA-DRB1*14:05_HLA-DRA*01:01,DRB1_1405,DRB1_14_05,True,True,992
HLA-DPB1*10:01_HLA-DPA1*02:01,HLA-DPA10201-DPB11001,DPA1_02_01__DPB1_10_01,True,True,984
HLA-DPB1*05:01_HLA-DPA1*02:01,HLA-DPA10201-DPB10501,DPA1_02_01__DPB1_05_01,True,True,976
HLA-DPB1*04:02_HLA-DPA1*03:01,HLA-DPA10301-DPB10402,DPA1_03_01__DPB1_04_02,True,True,976
HLA-DPB1*09:01_HLA-DPA1*02:01,HLA-DPA10201-DPB10901,DPA1_02_01__DPB1_09_01,True,True,918
HLA-DRB1*08:03_HLA-DRA*01:01,DRB1_0803,DRB1_08_03,True,True,914
HLA-DPB1*17:01_HLA-DPA1*02:01,HLA-DPA10201-DPB11701,DPA1_02_01__DPB1_17_01,True,True,833
HLA-DRB4*01:03_HLA-DRA*01:01,DRB4_0103,DRB4_01_03,True,True,782
HLA-DRB3*03:01_HLA-DRA*01:01,DRB3_0301,DRB3_03_01,True,True,768
HLA-DQB1*05:01_HLA-DQA1*01:02,HLA-DQA10102-DQB10501,DQA1_01_02__DQB1_05_01,True,True,731
HLA-DQB1*03:02_HLA-DQA1*05:01,HLA-DQA10501-DQB10302,DQA1_05_01__DQB1_03_02,True,True,730
HLA-DQB1*03:01_HLA-DQA1*02:01,HLA-DQA10201-DQB10301,DQA1_02_01__DQB1_03_01,True,True,716
HLA-DQB1*03:03_HLA-DQA1*02:01,HLA-DQA10201-DQB10303,DQA1_02_01__DQB1_03_03,True,True,712
HLA-DQB1*04:02_HLA-DQA1*02:01,HLA-DQA10201-DQB10402,DQA1_02_01__DQB1_04_02,True,True,702
HLA-DQB1*04:02_HLA-DQA1*05:01,HLA-DQA10501-DQB10402,DQA1_05_01__DQB1_04_02,True,True,689
HLA-DRB1*10:01_HLA-DRA*01:01,DRB1_1001,DRB1_10_01,True,True,662
H2-IAg7B_H2-IAg7A,H-2-IAg7,H2_Aa_g7__H2_Ab_g7,False,True,562
HLA-DQB1*04:02_HLA-DQA1*03:03,HLA-DQA10303-DQB10402,DQA1_03_03__DQB1_04_02,True,True,527
HLA-DQB1*03:03_HLA-DQA1*05:01,HLA-DQA10501-DQB10303,DQA1_05_01__DQB1_03_03,True,True,526
HLA-DQB1*04:02_HLA-DQA1*06:01,HLA-DQA10601-DQB10402,DQA1_06_01__DQB1_04_02,True,True,525
HLA-DRB1*01:02_HLA-DRA*01:01,DRB1_0102,DRB1_01_02,True,True,521
HLA-DPB1*06:01_HLA-DPA1*01:03,HLA-DPA10103-DPB10601,DPA1_01_03__DPB1_06_01,True,True,448
HLA-DPB1*11:01_HLA-DPA1*02:01,HLA-DPA10201-DPB11101,DPA1_02_01__DPB1_11_01,True,True,443
HLA-DRB1*13:03_HLA-DRA*01:01,DRB1_1303,DRB1_13_03,True,True,391
HLA-DQB1*06:03_HLA-DQA1*01:03,HLA-DQA10103-DQB10603,DQA1_01_03__DQB1_06_03,True,True,269
H2-IAdB_H2-IAdA,H-2-IAd,H2_Aa_d__H2_Ab_d,True,True,250
HLA-DPB1*19:01_HLA-DPA1*02:02,HLA-DPA10202-DPB11901,DPA1_02_02__DPB1_19_01,True,True,216
HLA-DQB1*05:02_HLA-DQA1*01:02,HLA-DQA10102-DQB10502,DQA1_01_02__DQB1_05_02,True,True,168
HLA-DQB1*05:03_HLA-DQA1*01:04,HLA-DQA10104-DQB10503,DQA1_01_04__DQB1_05_03,True,True,167
HLA-DRB1*14:01_HLA-DRA*01:01,DRB1_1401,DRB1_14_01,True,True,143
HLA-DRB1*16:02_HLA-DRA*01:01,DRB1_1602,DRB1_16_02,True,True,140
HLA-DRB5*02:02_HLA-DRA*01:01,DRB5_0202,DRB5_02_02,True,True,140
H2-IEdB_H2-IEdA,H-2-IEd,H2_Ea_d__H2_Eb_d,True,True,112
HLA-DRB1*11:03_HLA-DRA*01:01,DRB1_1103,DRB1_11_03,True,True,89
HLA-DQB1*03:01_HLA-DQA1*03:01,HLA-DQA10301-DQB10301,DQA1_03_01__DQB1_03_01,True,True,76
HLA-DPB1*104:01_HLA-DPA1*01:03,HLA-DPA10103-DPB110401,DPA1_01_03__DPB1_104_01,True,True,68
H2-IEkB_H2-IEkA,H-2-IEk,H2_Ea_k__H2_Eb_k,True,True,54
HLA-DPB1*01:01_HLA-DPA1*01:03,HLA-DPA10103-DPB10101,DPA1_01_03__DPB1_01_01,True,True,46
HLA-DRB1*16:01_HLA-DRA*01:01,DRB1_1601,DRB1_16_01,True,True,46
HLA-DQB1*04:01_HLA-DQA1*03:02,HLA-DQA10302-DQB10401,DQA1_03_02__DQB1_04_01,True,True,33
HLA-DRB1*01:03_HLA-DRA*01:01,DRB1_0103,DRB1_01_03,True,True,32
HLA-DRB1*15:03_HLA-DRA*01:01,DRB1_1503,DRB1_15_03,True,True,32
H2-IAkB_H2-IAkA,H-2-IAk,H2_Aa_k__H2_Ab_k,True,True,32
HLA-DPB1*03:01_HLA-DPA1*02:01,HLA-DPA10201-DPB10301,DPA1_02_01__DPB1_03_01,True,True,27
H2-IAsB_H2-IAsA,H-2-IAs,H2_Aa_s__H2_Ab_s,True,True,25
HLA-DQB1*03:01_HLA-DQA1*01:01,HLA-DQA10101-DQB10301,DQA1_01_01__DQB1_03_01,True,True,23
HLA-DRB1*04:07_HLA-DRA*01:01,DRB1_0407,DRB1_04_07,True,True,22
HLA-DQB1*05:01_HLA-DQA1*05:05,HLA-DQA10505-DQB10501,DQA1_05_05__DQB1_05_01,True,True,21
H2-IAuB_H2-IAuA,H-2-IAu,H2_Aa_u__H2_Ab_u,True,True,21
H2-IAqB_H2-IAqA,H-2-IAq,H2_Aa_q__H2_Ab_q,True,True,21
HLA-DQB1*06:02_HLA-DQA1*01:01,HLA-DQA10101-DQB10602,DQA1_01_01__DQB1_06_02,True,True,17
HLA-DQB1*03:02_HLA-DQA1*01:02,HLA-DQA10102-DQB10302,DQA1_01_02__DQB1_03_02,True,True,16
HLA-DQB1*04:02_HLA-DQA1*05:05,HLA-DQA10505-DQB10402,DQA1_05_05__DQB1_04_02,True,True,16
HLA-DQB1*02:01_HLA-DQA1*02:01,HLA-DQA10201-DQB10201,DQA1_02_01__DQB1_02_01,True,True,15
HLA-DQB1*03:01_HLA-DQA1*03:02,HLA-DQA10302-DQB10301,DQA1_03_02__DQB1_03_01,True,True,14
HLA-DRB1*11:04_HLA-DRA*01:01,DRB1_1104,DRB1_11_04,True,True,13
HLA-DQB1*06:04_HLA-DQA1*01:02,HLA-DQA10102-DQB10604,DQA1_01_02__DQB1_06_04,True,True,12
HLA-DRB1*04:03_HLA-DRA*01:01,DRB1_0403,DRB1_04_03,True,True,11
HLA-DQB1*03:03_HLA-DQA1*01:02,HLA-DQA10102-DQB10303,DQA1_01_02__DQB1_03_03,True,True,11
HLA-DQB1*06:03_HLA-DQA1*02:01,HLA-DQA10201-DQB10603,DQA1_02_01__DQB1_06_03,True,True,10
HLA-DQB1*05:03_HLA-DQA1*01:01,HLA-DQA10101-DQB10503,DQA1_01_01__DQB1_05_03,True,True,9
HLA-DRB1*04:06_HLA-DRA*01:01,DRB1_0406,DRB1_04_06,True,True,9
HLA-DRB1*15:02_HLA-DRA*01:01,DRB1_1502,DRB1_15_02,True,True,9
HLA-DPB1*09:01_HLA-DPA1*01:03,HLA-DPA10103-DPB10901,DPA1_01_03__DPB1_09_01,True,True,9
HLA-DPB1*03:01_HLA-DPA1*02:02,HLA-DPA10202-DPB10301,DPA1_02_02__DPB1_03_01,True,True,9
HLA-DQB1*04:02_HLA-DQA1*04:01,HLA-DQA10401-DQB10402,DQA1_04_01__DQB1_04_02,True,True,8
HLA-DQB1*05:03_HLA-DQA1*05:05,HLA-DQA10505-DQB10503,DQA1_05_05__DQB1_05_03,True,True,8
HLA-DRB1*12:02_HLA-DRA*01:01,DRB1_1202,DRB1_12_02,True,True,7
HLA-DPB1*04:01_HLA-DPA1*02:02,HLA-DPA10202-DPB10401,DPA1_02_02__DPB1_04_01,True,True,7
HLA-DQB1*06:02_HLA-DQA1*05:01,HLA-DQA10501-DQB10602,DQA1_05_01__DQB1_06_02,True,True,5
HLA-DQB1*06:02_HLA-DQA1*03:01,HLA-DQA10301-DQB10602,DQA1_03_01__DQB1_06_02,True,True,5
HLA-DRB1*04:08_HLA-DRA*01:01,DRB1_0408,DRB1_04_08,True,True,5
HLA-DPB1*02:01_HLA-DPA1*02:01,HLA-DPA10201-DPB10201,DPA1_02_01__DPB1_02_01,True,True,5
HLA-DQB1*06:04_HLA-DQA1*03:01,HLA-DQA10301-DQB10604,DQA1_03_01__DQB1_06_04,True,True,5
HLA-DRB1*14:02_HLA-DRA*01:01,DRB1_1402,DRB1_14_02,True,True,4
HLA-DQB1*03:02_HLA-DQA1*03:03,HLA-DQA10303-DQB10302,DQA1_03_03__DQB1_03_02,True,True,4
HLA-DQB1*04:01_HLA-DQA1*03:01,HLA-DQA10301-DQB10401,DQA1_03_01__DQB1_04_01,True,True,4
HLA-DQB1*02:01_HLA-DQA1*01:02,HLA-DQA10102-DQB10201,DQA1_01_02__DQB1_02_01,True,True,3
HLA-DQB1*02:01_HLA-DQA1*03:01,HLA-DQA10301-DQB10201,DQA1_03_01__DQB1_02_01,True,True,3
HLA-DQB1*06:02_HLA-DQA1*03:03,HLA-DQA10303-DQB10602,DQA1_03_03__DQB1_06_02,True,True,3
HLA-DQB1*02:02_HLA-DQA1*03:03,HLA-DQA10303-DQB10202,DQA1_03_03__DQB1_02_02,True,True,3
HLA-DPB1*05:01_HLA-DPA1*01:03,HLA-DPA10103-DPB10501,DPA1_01_03__DPB1_05_01,True,True,2
HLA-DRB1*03:03_HLA-DRA*01:01,DRB1_0303,DRB1_03_03,True,False,2
HLA-DQB1*03:01_HLA-DQA1*04:01,HLA-DQA10401-DQB10301,DQA1_04_01__DQB1_03_01,True,True,2
HLA-DPB1*11:01_HLA-DPA1*01:03,HLA-DPA10103-DPB11101,DPA1_01_03__DPB1_11_01,True,True,2
HLA-DQB1*03:02_HLA-DQA1*01:03,HLA-DQA10103-DQB10302,DQA1_01_03__DQB1_03_02,True,True,2
HLA-DQB1*05:01_HLA-DQA1*05:01,HLA-DQA10501-DQB10501,DQA1_05_01__DQB1_05_01,True,True,2
HLA-DQB1*03:02_HLA-DQA1*05:05,HLA-DQA10505-DQB10302,DQA1_05_05__DQB1_03_02,True,True,2
HLA-DRB4*01:02_HLA-DRA*01:01,DRB4_0102,DRB4_01_02,True,True,2
HLA-DQB1*03:02_HLA-DQA1*03:02,HLA-DQA10302-DQB10302,DQA1_03_02__DQB1_03_02,True,True,2
HLA-DPB1*14:01_HLA-DPA1*01:03,HLA-DPA10103-DPB11401,DPA1_01_03__DPB1_14_01,True,True,2
HLA-DQB1*03:03_HLA-DQA1*03:02,HLA-DQA10302-DQB10303,DQA1_03_02__DQB1_03_03,True,True,2
HLA-DQB1*02:02_HLA-DQA1*01:03,HLA-DQA10103-DQB10202,DQA1_01_03__DQB1_02_02,True,True,2
HLA-DQB1*05:03_HLA-DQA1*01:02,HLA-DQA10102-DQB10503,DQA1_01_02__DQB1_05_03,True,True,2
HLA-DPB1*04:01_HLA-DPA1*02:01,HLA-DPA10201-DPB10401,DPA1_02_01__DPB1_04_01,True,True,1
HLA-DQB1*06:04_HLA-DQA1*02:01,HLA-DQA10201-DQB10604,DQA1_02_01__DQB1_06_04,True,True,1
HLA-DQB1*05:01_HLA-DQA1*01:05,HLA-DQA10105-DQB10501,DQA1_01_05__DQB1_05_01,True,True,1
HLA-DQB1*03:01_HLA-DQA1*01:02,HLA-DQA10102-DQB10301,DQA1_01_02__DQB1_03_01,True,True,1
HLA-DRB1*08:04_HLA-DRA*01:01,DRB1_0804,DRB1_08_04,True,True,1
HLA-DRB1*03:02_HLA-DRA*01:01,DRB1_0302,DRB1_03_02,True,True,1
HLA-DQB1*02:01_HLA-DQA1*01:01,HLA-DQA10101-DQB10201,DQA1_01_01__DQB1_02_01,True,True,1
HLA-DQB1*06:03_HLA-DQA1*01:02,HLA-DQA10102-DQB10603,DQA1_01_02__DQB1_06_03,True,True,1
HLA-DRB1*04:11_HLA-DRA*01:01,DRB1_0411,DRB1_04_11,True,True,1
HLA-DRB1*14:07_HLA-DRA*01:01,DRB1_1407,DRB1_14_07,True,True,1
HLA-DRB1*11:13_HLA-DRA*01:01,DRB1_1113,DRB1_11_13,True,True,1
HLA-DQB1*02:02_HLA-DQA1*05:05,HLA-DQA10505-DQB10202,DQA1_05_05__DQB1_02_02,True,True,1
HLA-DQB1*03:02_HLA-DQA1*02:01,HLA-DQA10201-DQB10302,DQA1_02_01__DQB1_03_02,True,True,1
HLA-DQB1*03:03_HLA-DQA1*03:01,HLA-DQA10301-DQB10303,DQA1_03_01__DQB1_03_03,True,True,1
HLA-DRB1*11:02_HLA-DRA*01:01,DRB1_1102,DRB1_11_02,True,True,1
HLA-DRB1*13:04_HLA-DRA*01:01,DRB1_1304,DRB1_13_04,True,True,1
HLA-DRB5*01:02_HLA-DRA*01:01,DRB5_0102,DRB5_01_02,True,True,1
HLA-DQB1*05:01_HLA-DQA1*03:01,HLA-DQA10301-DQB10501,DQA1_03_01__DQB1_05_01,True,True,1
HLA-DQB1*05:02_HLA-DQA1*01:05,HLA-DQA10105-DQB10502,DQA1_01_05__DQB1_05_02,True,True,1
