method,dataset,serotype,roc_auc,roc_auc_sd,pr_auc,pr_auc_sd,f1,f1_sd,accuracy,accuracy_sd,mcc,mcc_sd,n_seeds,n
AlphaFold 3,Qualitative,DP,0.9505879280581916,0.0038208442277569,0.9879781763395558,0.0007823217158458,0.9444566930390824,0.0043230606164118,0.9092167399446344,0.0064929652070955,0.6966005859120434,0.016375173738776,3.0,
AlphaFold 3,Qualitative,DQ,0.8488559264021779,0.0112476555817658,0.8751992732834536,0.0091595812798767,0.771465461150056,0.011899056591154,0.7572854291417165,0.00943319440697,0.5152854639600147,0.0195633897553199,3.0,
AlphaFold 3,Qualitative,DR,0.8521952572236513,0.0055663887471952,0.8710919480243534,0.0042566339764996,0.7850226910241488,0.0042429709713217,0.7682607788802479,0.0054542261250078,0.5345909496779546,0.0111064146597533,3.0,
AlphaFold 3,Qualitative,H2,0.8175588950226039,0.0041912607429162,0.9116485534540244,0.0047519383027845,0.8450905226079728,0.0086445929905233,0.772972972972973,0.0056091337388423,0.4297214613322543,0.0117866324132807,3.0,
BLOSUM62,Qualitative,DP,0.949355408764322,0.0043407649377681,0.987783957183951,0.0011509019073234,0.9425805715380982,0.0028862526541222,0.9065787331053574,0.0044703119533188,0.6925715887369401,0.0136555486847033,3.0,
BLOSUM62,Qualitative,DQ,0.838578142823188,0.0084763521843312,0.8602203229721049,0.0073577052119882,0.7610441348214877,0.0066333267756807,0.7532229658330398,0.0073018422166063,0.5066103751888659,0.0145243637205048,3.0,
BLOSUM62,Qualitative,DR,0.8474218739301828,0.0047058566969058,0.8623884051969154,0.0044876625656498,0.7790005835045285,0.0032758809585238,0.7651281745677027,0.0041680351496658,0.5286962259688961,0.0086357531064253,3.0,
BLOSUM62,Qualitative,H2,0.8128843984037196,0.0014386543386745,0.8991354974860193,0.0044328284432175,0.8595342756887684,0.0040455930531716,0.7841441441441441,0.0056146873379639,0.4290053050408169,0.0201004497167414,3.0,
Boltz-1,Qualitative,DP,0.962131516774436,0.0042230390523494,0.9910743708500366,0.0010404375402667,0.9501102296659076,0.0015203336725093,0.9187835857352225,0.0031124691607855,0.7340715440875982,0.0189220630538807,3.0,
Boltz-1,Qualitative,DQ,0.8424579188367343,0.0088802429316287,0.8640374852961084,0.0084342937904759,0.7696016247593365,0.0117398739732185,0.7532347070564752,0.009761745240776,0.5070227964508475,0.0190925190048559,3.0,
Boltz-1,Qualitative,DR,0.8625040622898851,0.0034418542750785,0.8792112080967552,0.0030193313013021,0.79539931031327,0.0016551881190006,0.7787729805428919,0.0024929318409215,0.5560535889533345,0.005171566714797,3.0,
Boltz-1,Qualitative,H2,0.8193893545968786,0.0124694598280469,0.9134794969990002,0.0083206249033977,0.8461578969019423,0.0081142204547782,0.7773693693693694,0.0076024934077,0.4463302542459253,0.0059592016838121,3.0,
Chai-1,Qualitative,DP,0.9800677316165732,0.0008244580554087,0.9954900779988692,0.0001900664958104,0.9645893727183604,0.0014042171284742,0.942615209249308,0.0022459073951938,0.8145481549833381,0.006954561852605,3.0,
Chai-1,Qualitative,DQ,0.8826881225322057,0.0013905654569937,0.9023327012646934,0.001446623402151,0.7974355745194334,0.0051220645958343,0.7926147704590818,0.0024531290785017,0.5869671397478983,0.0054967519282094,3.0,
Chai-1,Qualitative,DR,0.8949958222218508,0.0008418556228885,0.90902553882397,0.0008165177623169,0.8230940795955494,0.0016478947682516,0.8114934993991042,0.0007371565706127,0.6220325670598136,0.0016514934068981,3.0,
Chai-1,Qualitative,H2,0.8544113526734667,0.0009301783945743,0.9335009778078466,7.959257015913204e-05,0.8614425749328382,0.0013816660417897,0.8005765765765767,0.0031208122658898,0.5084131577976277,0.0143464922697113,3.0,
DeepNeo,Qualitative,DP,0.9623501059388572,0.0027458986869529,0.9909631405461048,0.0007238947770706,0.9528179582872296,0.0014053771711336,0.9226780975709328,0.0024753481943868,0.7393470643597088,0.0118639918466465,3.0,
DeepNeo,Qualitative,DQ,0.853828078985908,0.0025319230435603,0.8854583932385832,0.0021716688064086,0.7816880486612671,0.0008442314513689,0.7660219341974077,0.0043606578449727,0.5313982298674738,0.0116937824567545,3.0,
DeepNeo,Qualitative,DR,0.8751149794455131,0.0019114766603388,0.8928074775206523,0.0020532736648744,0.8016234663007351,0.0041233133818324,0.7907471966469016,0.0018375167861633,0.5810668599284924,0.0036585263579194,3.0,
DeepNeo,Qualitative,H2,0.8420568390922102,0.0032932324098904,0.9226562052921836,0.0006749939423121,0.8643992362197509,0.0045787049517366,0.8018018018018017,0.0087569791985983,0.5005288683647117,0.0282255673081051,3.0,
ESM3 Large,Qualitative,DP,0.9858037800017287,0.000629952564103,0.9968262880693856,0.0001407197796629,0.969446423672768,0.0003629573103127,0.9504233838137108,0.0007263737804816,0.8392206619433663,0.0045028360526552,3.0,
ESM3 Large,Qualitative,DQ,0.8962175061683458,0.0018302012199421,0.9150166816162866,0.0015977757585954,0.8112953243316658,0.0016098647186858,0.8066572736879182,0.0034481436600701,0.6152737647467862,0.0071603723420928,3.0,
ESM3 Large,Qualitative,DR,0.9117998183253988,0.00266895903335,0.9249222930753328,0.0027056985313997,0.8375804861176223,0.0025629246770584,0.8288787580822979,0.0029950319519729,0.6575337971415948,0.0066352940381035,3.0,
ESM3 Large,Qualitative,H2,0.8884069000507356,0.0040288357817405,0.952135442514547,0.0021970879980756,0.8703260612171314,0.0031160592281406,0.8154954954954956,0.0017476548688984,0.5526126063818919,0.0117934601997551,3.0,
ESM3 Medium,Qualitative,DP,0.9830538264430214,0.001334209225811,0.9961621972486664,0.0003147049009466,0.967227997493856,0.0013582245260616,0.9467920534114964,0.0020733814092033,0.8268827021909767,0.0065097865728134,3.0,
ESM3 Medium,Qualitative,DQ,0.8823026651431026,0.0057283069535923,0.9023838220142808,0.0046381084234021,0.7926161805593348,0.0081418629937999,0.792133380298227,0.0076647170622745,0.5889102764702531,0.0148877192169325,3.0,
ESM3 Medium,Qualitative,DR,0.902536680291834,0.0039013538196757,0.9165395762122251,0.00348252554279,0.8286005123020508,0.0048687383059988,0.8192644239841881,0.0044315117918492,0.6379183393712032,0.0087120631166122,3.0,
ESM3 Medium,Qualitative,H2,0.8711817624207727,0.0034232910115378,0.9431252337951218,0.0022094572382545,0.8605658306805329,0.0042658077091658,0.8041801801801801,0.0016228223782626,0.5343658585843413,0.0120724102619675,3.0,
ESM3 Small,Qualitative,DP,0.9826796541384264,0.0007968955435616,0.9960972177247632,0.0001983104935557,0.966741888153163,0.001827771132666,0.9461651196873474,0.0028245570152366,0.8268746295649828,0.0069802525480732,3.0,
ESM3 Small,Qualitative,DQ,0.8866036547304242,0.0036368579904175,0.9055578863562508,0.0032126590107192,0.7992894934905738,0.0069923494655497,0.7961958436069039,0.0026795468122097,0.5954510538810297,0.0036310325155807,3.0,
ESM3 Small,Qualitative,DR,0.9045512001052258,0.0008503495783322,0.918729690125394,0.0005257151264936,0.8291376755091203,0.0037299713496676,0.8209548781820168,0.0017517531901913,0.6418523238131715,0.0027268064584006,3.0,
ESM3 Small,Qualitative,H2,0.8710007799662267,0.0018536351183954,0.9427396894141424,0.0016024126115233,0.8683962470674914,0.0027094247264488,0.8116036036036037,0.0010217979732437,0.5388918987523379,0.0090199000790421,3.0,
ESMC 6B,Qualitative,DP,0.9796398757932556,0.0007174526166497,0.995308605888721,0.0001453204770439,0.9632279858791504,0.0028031786037263,0.9404901481843349,0.0040182299022541,0.8089208898828671,0.006122738903691,3.0,
ESMC 6B,Qualitative,DQ,0.8813944108139896,0.0004664568968823,0.9020838550931994,0.0009823152040854,0.7900556416589414,0.0054681804200588,0.7897851356111306,0.0032611868965418,0.5851920726727136,0.0045920633043934,3.0,
ESMC 6B,Qualitative,DR,0.8886938282325451,0.0004628649805428,0.9042488155910936,0.0007637421185885,0.8110028103629311,0.0028977021272314,0.8045827001579214,0.0005172244977739,0.6105241361161492,0.0002159378872053,3.0,
ESMC 6B,Qualitative,H2,0.8615722756082601,0.0079124336311839,0.93918991636578,0.0039845861200674,0.8517066408444501,0.0103775738570745,0.7918558558558559,0.0110277335933319,0.505281138513574,0.0153845775342436,3.0,
ESMC 600M,Qualitative,DP,0.9838480577971694,0.0005716343683864,0.9964102365160374,0.0001287502481497,0.9670502949153992,0.0026164603581428,0.946735059436574,0.0039052056913777,0.8297712079143342,0.0077518730656726,3.0,
ESMC 600M,Qualitative,DQ,0.8930671165423716,0.0011430284202034,0.911895218197786,0.0005782608969703,0.8047271877606628,0.0035210247966063,0.8019255606434191,0.002237835297471,0.6069797926628917,0.004006147459334,3.0,
ESMC 600M,Qualitative,DR,0.9037309127154792,0.0023938187704322,0.9174976424626397,0.0021669395649863,0.8282756153889871,0.0028438616634772,0.8199000824369556,0.0034613433861867,0.6399500599373494,0.0067721635155671,3.0,
ESMC 600M,Qualitative,H2,0.8720692579719364,0.0037676770700351,0.9434288034737024,0.001564185793384,0.8637832637073801,0.0072019544152655,0.8056936936936937,0.0061167920411441,0.5283706450891872,0.0052977288325927,3.0,
ESMC 300M,Qualitative,DP,0.9819095712631908,0.0009700890900236,0.9959036985070664,0.000240012186378,0.9663020617218442,0.0005239665228974,0.9453590620420128,0.0011131928544314,0.8229648260877397,0.0072756417032493,3.0,
ESMC 300M,Qualitative,DQ,0.8930439116942822,0.0030277567400289,0.9116621243945304,0.0028169307180162,0.8062114973246984,0.0057413282273611,0.8032875425619349,0.005776717726559,0.6088913758566988,0.011132612546304,3.0,
ESMC 300M,Qualitative,DR,0.900721772181208,0.0019828197899913,0.9147852012311348,0.0016764494047712,0.8263250606800584,0.0013150921096174,0.817871934686094,0.0029844899740982,0.6356969707520764,0.0062450635667893,3.0,
ESMC 300M,Qualitative,H2,0.87109732918361,0.0010846787651797,0.944237783592212,0.0004711032724086,0.8619743690188736,0.0006181285607709,0.804972972972973,0.0017698060047291,0.5311097989090028,0.0073634901002576,3.0,
NetMHCIIpan-4.3,Qualitative,DR,0.792887177631426,,0.8417552220278861,,,,,,,,,33561.0
NetMHCIIpan-4.3,Qualitative,DP,0.9630717977582436,,0.9914838112774848,,,,,,,,,8188.0
NetMHCIIpan-4.3,Qualitative,DQ,0.8217073936612974,,0.8633199054512368,,,,,,,,,5678.0
NetMHCIIpan-4.3,Qualitative,H2,0.8914819088773765,,0.9502199654156314,,,,,,,,,748.0
MixMHC2pred-2.0,Qualitative,DR,0.7707855311853891,,0.8234537198327657,,,,,,,,,33561.0
MixMHC2pred-2.0,Qualitative,DP,0.9472387849865324,,0.9879259327516408,,,,,,,,,8188.0
MixMHC2pred-2.0,Qualitative,DQ,0.7728028655335409,,0.8119502797542572,,,,,,,,,5678.0
MixMHC2pred-2.0,Qualitative,H2,0.8725456179468511,,0.945559677281366,,,,,,,,,924.0
BLOSUM62,MS,DP,0.9756185310838252,0.0089862491400078,0.9935783751450064,0.0025405637803892,0.9617551844561352,0.0044319843580717,0.9382661465106198,0.0076957756581695,0.8036381763268766,0.0288754092869242,3.0,
BLOSUM62,MS,DQ,0.9614598255144218,0.012799849918694,0.9415382672648932,0.0194031727271684,0.8622808096290421,0.0189876594090868,0.9044068843096396,0.0152297525004222,0.7904523191148017,0.0321936396824877,3.0,
BLOSUM62,MS,DR,0.9290654454440596,0.0091195825199357,0.822515464413847,0.0250463389812059,0.7382637747641164,0.0149966696112615,0.8808558667505121,0.0079975055769964,0.6633300650297639,0.0207922301275598,3.0,
BLOSUM62,MS,H2,0.856835559227133,0.0090062851271844,0.9124379373236732,0.0063308773143785,0.8492996323743537,0.0078766848716632,0.7976897689768977,0.0057323939579808,0.5455623286487791,0.0084509805578785,3.0,
Chai-1,MS,DP,0.9950399152451318,0.0010825239541289,0.9987171496520392,0.0002989134587559,0.9837803129295782,0.0019627414477094,0.9740182054616384,0.0031385502085998,0.9187438916238966,0.0097873353472686,3.0,
Chai-1,MS,DQ,0.9883159383179108,0.002095274188612,0.9823981354243791,0.0026451099245313,0.9285076595594944,0.0065523395819134,0.9499421162306088,0.0039880530900292,0.8908263207220196,0.0090080301710935,3.0,
Chai-1,MS,DR,0.976726359226886,0.0023870208228514,0.943368236078156,0.0062736227950463,0.879058600823884,0.0092271786203537,0.942169335203728,0.00431343273252,0.841312748598864,0.0120313478291792,3.0,
Chai-1,MS,H2,0.9187369773739044,0.0054180114179861,0.954632474780491,0.0014645661209859,0.8884793954916629,0.0098417778349657,0.8518151815181518,0.0101585718501391,0.6695073668148298,0.0160286775804869,3.0,
DeepNeo,MS,DP,0.9861199706747376,0.0009179188446702,0.9964321733314376,0.0002711150338206,0.973065790013062,0.0004376135186137,0.9566527705402118,0.0006939372713371,0.8624514727568432,0.0023821621706094,3.0,
DeepNeo,MS,DQ,0.961019027400976,0.0021836104840941,0.9484771907653732,0.0021632116697277,0.8723931829523649,0.0040219578801893,0.9024622176940058,0.0039742718202307,0.793779983756151,0.0076176813213518,3.0,
DeepNeo,MS,DR,0.9726212647063388,0.0003487256007242,0.9382908679661974,0.0013628225199762,0.8636114689145092,0.0006220817217255,0.9367226172624518,5.91118940318851e-05,0.823164888457984,0.0003108611922452,3.0,
DeepNeo,MS,H2,0.902327550598926,0.0055974530404702,0.9411519613093032,0.0043466307226723,0.8859226861375765,0.0034629857733037,0.8462871287128713,0.0044623159349801,0.6512677988280395,0.0098276073367432,3.0,
ESM3 Small,MS,DP,0.996915445565494,0.0002247720987569,0.999223842821402,4.523026904988036e-05,0.9867893563739264,0.001288376780658,0.9788469874295624,0.0020082222846124,0.933909711197919,0.0056859675519396,3.0,
ESM3 Small,MS,DQ,0.9871183734635132,0.0016913690640229,0.9806041331395228,0.0025220403470466,0.9282076591744188,0.0071797775709087,0.949972987574284,0.0048324500987852,0.8904993305157034,0.0105897429407675,3.0,
ESM3 Small,MS,DR,0.9839034566624748,0.00016939417359,0.9618963909152723,0.0010623268820589,0.9063160032656162,0.001793978714888,0.9558103161934248,0.0008979193434511,0.8776211696682784,0.0024346486928602,3.0,
ESM3 Small,MS,H2,0.9352292441140024,0.000818915200174,0.9662216515288122,0.0009204564708258,0.905594477680542,0.0019649292658498,0.8745874587458745,0.0035034445124689,0.7205225464150672,0.0112039954346506,3.0,
ESMC 300M,MS,DP,0.9973005789900574,0.0002784328686255,0.9993350001657628,6.778873584978595e-05,0.9876786809507386,0.0013775405574333,0.9803207628955354,0.0021462872240342,0.9391275123611776,0.0059111830384121,3.0,
ESMC 300M,MS,DQ,0.991167516926128,0.0015082872518119,0.9864206343595504,0.0019801867194516,0.9438324316035964,0.0036570936775072,0.9607316508451031,0.0023470851396108,0.9138350497454418,0.0052961567612075,3.0,
ESMC 300M,MS,DR,0.9815607223545616,0.0013738838387419,0.9557129786773136,0.0034436185799195,0.8938255626686659,0.0075551603766117,0.9501636595236944,0.0031409116753736,0.861748087505081,0.0092063693182665,3.0,
ESMC 300M,MS,H2,0.924224149800358,0.0108479854931953,0.9582750079262152,0.0034810602850651,0.8940010895733513,0.0107296037352777,0.8616336633663367,0.0123836611399494,0.696743169289152,0.0229037711548384,3.0,
NetMHCIIpan-4.3,MS,DR,0.9722660742229066,,0.9539518512731688,,,,,,,,,20673.0
NetMHCIIpan-4.3,MS,DP,0.9819444255445096,,0.9954554495844564,,,,,,,,,7690.0
NetMHCIIpan-4.3,MS,DQ,0.9563671768223436,,0.940024583856714,,,,,,,,,4319.0
NetMHCIIpan-4.3,MS,H2,0.9022355689022356,,0.9492739242987436,,,,,,,,,650.0
MixMHC2pred-2.0,MS,DR,0.960855173086445,,0.9313167135775228,,,,,,,,,20672.0
MixMHC2pred-2.0,MS,DP,0.9650087962659776,,0.9908943634684984,,,,,,,,,7690.0
MixMHC2pred-2.0,MS,DQ,0.8812952233610157,,0.8428920098558244,,,,,,,,,4319.0
MixMHC2pred-2.0,MS,H2,0.8932775712515489,,0.9472497866491134,,,,,,,,,808.0
