method,evaluation,roc_auc,roc_auc_sd,pr_auc,pr_auc_sd,f1,f1_sd,accuracy,accuracy_sd,mcc,mcc_sd,n_seeds,n
AlphaFold 3,Qualitative,0.8760334497641095,0.0056308967252303,0.9130479037141944,0.0035407792873353,0.8225541107752727,0.0047818569431881,0.7909317780719171,0.0059063632673376,0.568846043181855,0.0128190891793433,3.0,
BLOSUM62,Qualitative,0.8713232960301921,0.004757517613977,0.9072839539560612,0.0038863393367354,0.8179140495793097,0.0033048409306206,0.7880473748069711,0.004289697648292,0.5645911863235478,0.0093577627947223,3.0,
Boltz-1,Qualitative,0.883721534413208,0.0040495450202179,0.9184354249570864,0.0030162039396496,0.8300522388456457,0.0022904982893099,0.7994567615265828,0.0034414104591969,0.586555940388953,0.0077924585217653,3.0,
Chai-1,Qualitative,0.9138029647743536,0.0007336539659263,0.9405280536989298,0.000588507124209,0.8548051905189533,0.0016194776038862,0.8312720604456211,0.0009050193209779,0.6539404005634694,0.0018644904156369,3.0,
DeepNeo,Qualitative,0.8942827071461861,0.0015157643588077,0.9270332180788148,0.0012551024975635,0.8377093775877326,0.0022321101536085,0.8109595938404732,0.0015271384643069,0.61176454362697,0.0035545409061545,3.0,
ESM3 Large,Qualitative,0.927396114944775,0.0019357454331247,0.9505727925675602,0.0014509007264152,0.8670672984091131,0.0014990083832579,0.8465957974851092,0.0023627807526641,0.6862503321050787,0.0058554664254729,3.0,
ESM3 Medium,Qualitative,0.9195864809113786,0.0033049351122126,0.944899415915466,0.0022540856988793,0.8588093816670836,0.004268614478093,0.837385561438341,0.00433001490838,0.6676994957006226,0.0084037488870062,3.0,
ESM3 Small,Qualitative,0.9210836366459788,0.0011225998256721,0.9461085894765648,0.0006955247734318,0.8598867604775036,0.0031065109530542,0.8390718067504963,0.0018809678376891,0.6715714137654029,0.0022589548506486,3.0,
ESMC 6B,Qualitative,0.90935710186299,0.0009579029212872,0.9379065581767948,0.0008217876069018,0.8466204733786334,0.0029493060467094,0.8256163136995367,0.0015622696924507,0.6461425302686871,0.0011721174691253,3.0,
ESMC 600M,Qualitative,0.921421997512534,0.0012666344190565,0.9462958576689532,0.0008894592672803,0.8598201438632822,0.0017748839966623,0.8389959739686742,0.0022300720547264,0.671604126793223,0.0046164343462958,3.0,
ESMC 300M,Qualitative,0.9192562871217403,0.0018359761307504,0.9447623795861896,0.0012305943555381,0.8585667504378528,0.0015082162515183,0.8375013787778512,0.0028838947463571,0.6683183620404204,0.0069101915948651,3.0,
NetMHCIIpan-4.3,Qualitative,0.8383539428172966,,0.8982639118216692,,,,,,,,,48175.0
MixMHC2pred-2.0,Qualitative,0.8154775545553843,,0.8816641361283404,,,,,,,,,48351.0
AlphaFold 3,MS,0.9494059983303972,0.0036619342334582,0.9323508550972516,0.0054242191099709,0.8468830347828104,0.0082943892333038,0.8806270528515975,0.0059293465210748,0.7493496709470623,0.0126665309029034,3.0,
BLOSUM62,MS,0.9587042370568029,0.0065733356706837,0.9451690179395564,0.0091844825698845,0.864331876431346,0.0094841541320329,0.8950691748780731,0.0084889732633146,0.7795385679612833,0.0171531823817332,3.0,
Boltz-1,MS,0.962180571286913,0.0012416689237957,0.9501757380884036,0.0017599950580826,0.8709155358182409,0.0044554359143479,0.8972668458246242,0.0054716270749466,0.7868428668795282,0.0091593931699715,3.0,
Chai-1,MS,0.98655769421044,0.0017166460219142,0.9824409587670968,0.0022317043579233,0.9341792439366244,0.0053550865246039,0.9483049666567136,0.0040408861583556,0.8917384170659584,0.0085696808691266,3.0,
DeepNeo,MS,0.9800377113965124,0.0004048483872142,0.9741532310460028,0.0006447682227953,0.9174935891840892,0.0004731017002913,0.9350723936765104,0.0004209700537087,0.8641091587428388,0.0008477029323346,3.0,
ESM3 Large,MS,0.993924810199868,0.000546224934808,0.9917951402094296,0.0007559060473686,0.957217334920628,0.0026527956977902,0.9662705285159752,0.0020608184397331,0.9295140474723304,0.0043030486813238,3.0,
ESM3 Medium,MS,0.9903042752387266,0.0002641272260411,0.9874671155585948,0.0003277231885708,0.9474547157474172,0.0018493052062619,0.9588633422912312,0.0015144981048771,0.9137458701782828,0.0030865945140564,3.0,
ESM3 Small,MS,0.9902348512828084,0.0003822790290761,0.9872888885965188,0.0006070730551269,0.946705664970955,0.0022237675401717,0.9583875783816064,0.0016859367761925,0.91267142657643,0.0035617878328879,3.0,
ESMC 6B,MS,0.9868939095315752,0.0008747976075276,0.9823863851325938,0.0013032681821924,0.9313316921026432,0.0024303710831543,0.9463103413954416,0.0018396684664416,0.8876828862429909,0.0039649123550453,3.0,
ESMC 600M,MS,0.9902240793710634,0.0003387132033712,0.9869655577783142,0.0006694072123528,0.9442378341093834,0.0010922291666848,0.9563332338011348,0.0007702634738672,0.908487966404484,0.0016411464253613,3.0,
ESMC 300M,MS,0.989675714069712,0.0007071864207955,0.9865435400911858,0.000982041197756,0.9438790380456872,0.003420341723648,0.9563153180053746,0.0024626744072484,0.908307303578261,0.0051892459869906,3.0,
NetMHCIIpan-4.3,MS,0.9741052048582308,,0.9710778500967748,,,,,,,,,33332.0
MixMHC2pred-2.0,MS,0.950912204811488,,0.9447508255439812,,,,,,,,,33489.0
AlphaFold 3,IC50 < 500 nM,0.802889080025914,0.0027963370067584,0.6937552498626355,0.004365716155978,0.6338664414376646,0.0009417359871174,0.7415736160188456,0.0033532606995503,0.4361407025161172,0.0052434734649132,3.0,
BLOSUM62,IC50 < 500 nM,0.8008290916289614,0.0030251217529166,0.6867034571642385,0.0029878819152645,0.6223628873192601,0.0117839897736991,0.7393074204946997,0.0030733843996511,0.4272224173049896,0.0097579385343411,3.0,
Boltz-1,IC50 < 500 nM,0.8066963485570545,0.0047582224997901,0.7001892353834598,0.0054178408560619,0.6472317261746988,0.0030739571005613,0.7466572438162545,0.0037144112593059,0.4507167167469755,0.0046674223471367,3.0,
Chai-1,IC50 < 500 nM,0.8272379892339051,0.0049903861110004,0.7298913534681275,0.0066390822301964,0.6618020226930232,0.0062124231255746,0.7620588928150765,0.0030842639001765,0.480733868045977,0.0070013766155739,3.0,
DeepNeo,IC50 < 500 nM,0.8296241743639164,0.001388251514023,0.7321690302794117,0.0019171871685191,0.6635135209808604,0.0016014998864678,0.7625652286840925,0.0009947769693715,0.4817311948159181,0.0012595394059607,3.0,
ESM3 Large,IC50 < 500 nM,0.834847105296736,0.0012309017213298,0.7422404987337595,0.0018988052287395,0.6673106531165965,0.0047155427625086,0.7684240282685512,0.0019726811041836,0.4940006060886797,0.0045991957404569,3.0,
ESM3 Medium,IC50 < 500 nM,0.8352227865110445,0.0019833439217888,0.7418261456209244,0.0014002755658114,0.6750066328435639,0.0045230871954822,0.7682591283863368,0.0010233775176831,0.4963830203809531,0.0034973379074708,3.0,
ESM3 Small,IC50 < 500 nM,0.8390273872133776,0.0019369115922998,0.7442314168516111,0.0023465189033813,0.6822661436079375,0.0085389167666322,0.7705865724381625,0.0016300441829923,0.503823983676201,0.0069065146473954,3.0,
ESMC 6B,IC50 < 500 nM,0.8253239812737924,0.0014750618140312,0.7289040419538951,0.0012681500270152,0.657833668450328,0.0044255430224455,0.7623557126030623,0.000770588124375,0.4792268218028221,0.0026945246931792,3.0,
ESMC 600M,IC50 < 500 nM,0.8368387255603933,0.0011488153053449,0.7432778010463953,0.0014915208925473,0.6754939259231271,0.0034238418179162,0.7702520612485276,0.0004357240554247,0.4992801577958199,0.0020365633719563,3.0,
ESMC 300M,IC50 < 500 nM,0.8375427397649465,0.0012264288160637,0.7429104098895839,0.0018261900910669,0.6763994926247977,0.0050248412995278,0.7685465253239104,0.0015150290857962,0.4979031053443551,0.0049343146471438,3.0,
NetMHCIIpan-4.3,IC50 < 500 nM,0.9093440076614768,,0.8514410947931186,,,,,,,,,14110.0
MixMHC2pred-2.0,IC50 < 500 nM,0.7142359368416487,,0.5902314602779496,,,,,,,,,14150.0
AlphaFold 3,IC50 < 1000 nM,0.7955644831908911,0.0086664941800922,0.7565848971078907,0.0104215789943612,0.6951192030984621,0.0100078453597009,0.7217290930506478,0.0074062705107877,0.4394088932166987,0.0153293531723186,3.0,
BLOSUM62,IC50 < 1000 nM,0.7960231057694548,0.0005108112109347,0.7540841602540569,0.000983640605036,0.6953692401465963,0.0018555183696265,0.7216678445229682,0.0005042985943438,0.4399663721923884,0.0004402026192453,3.0,
Boltz-1,IC50 < 1000 nM,0.8058537044586956,0.0014205121254762,0.7715627820820616,0.0028803221233085,0.7070753947773835,0.0018009662100535,0.7314864546525324,0.0007703288271467,0.4602407296098227,0.0006536025085033,3.0,
Chai-1,IC50 < 1000 nM,0.8231821695742422,0.0006783698825521,0.7902907073630719,0.0013100401143491,0.7219831396545843,0.0041387333405527,0.7438492343934039,0.0006693043417839,0.4854980505809305,0.0021611667198232,3.0,
DeepNeo,IC50 < 1000 nM,0.8223272487544472,0.0018851364144901,0.7895641811534726,0.0029021253019649,0.7220522549599923,0.0034225881975053,0.7457675143444075,0.0022538058086385,0.4881104851623454,0.0045812125597639,3.0,
ESM3 Large,IC50 < 1000 nM,0.8356042493515495,0.0016039414841477,0.806426008309526,0.0022058409658662,0.7291877448817736,0.0042259327634843,0.7557314487632508,0.0017382285952953,0.5079503156746308,0.0036141858142121,3.0,
ESM3 Medium,IC50 < 1000 nM,0.8319679165479021,0.0016032722705696,0.8012621933714765,0.0019750463562745,0.7301243040014209,0.0042687530426384,0.7535830388692579,0.0010390375095117,0.5042685417882383,0.0014470500012669,3.0,
ESM3 Small,IC50 < 1000 nM,0.8337069628484203,0.0043717202995905,0.8016017087250039,0.0046275455729082,0.7345271120696859,0.0038241212586019,0.7539034157832744,0.0033962677141109,0.5059610867339154,0.0065218644485086,3.0,
ESMC 6B,IC50 < 1000 nM,0.8251515074433361,0.0031405245285631,0.7951590634511542,0.002903054771924,0.7191386677138519,0.0056071856962696,0.7456018845700824,0.0027726727330767,0.4878094804458011,0.0059386117559005,3.0,
ESMC 600M,IC50 < 1000 nM,0.8353132816784794,0.001507310617044,0.8058865101544566,0.0022559719741815,0.7362249281726149,0.005921097039238,0.7554204946996466,0.0010306397441207,0.5090986112993585,0.0032280908213162,3.0,
ESMC 300M,IC50 < 1000 nM,0.8346822975132576,0.0022008861203515,0.8024141292162635,0.0036427678501141,0.7398841785296284,0.0023484092484345,0.7553780918727915,0.0010288937178884,0.510135889161779,0.0025435755654335,3.0,
NetMHCIIpan-4.3,IC50 < 1000 nM,0.89932267020759,,0.8803340207658968,,,,,,,,,14110.0
MixMHC2pred-2.0,IC50 < 1000 nM,0.7018451671476739,,0.663829465502785,,,,,,,,,14150.0
BLOSUM62,H2-out,0.4764512963338801,0.014582643625454,0.7033267758649685,0.0124039292414383,0.5593088258886445,0.0728448899245342,0.4916239316239316,0.045134821290455,-0.0340841957771618,0.0233505335664615,3.0,
Chai-1,H2-out,0.6275015817885653,0.0225466896639538,0.8074679135029621,0.0139631009615972,0.7329634520825246,0.0527816496228734,0.6359615384615384,0.0456479125458066,0.1454357555567698,0.0163277450566041,3.0,
DeepNeo,H2-out,0.5289532657948383,0.0335725236360682,0.758543239598013,0.0229007942775018,0.4833611164565668,0.2053528910921558,0.4714529914529914,0.1057493052974644,0.0826166664347837,0.0441915539549887,3.0,
ESM3 Small,H2-out,0.6818492978528744,0.0180853627264973,0.8434081813724803,0.0147330458366053,0.7440632557881602,0.0295464167692199,0.6570299145299145,0.0268122208995873,0.2279150204471224,0.021383988506827,3.0,
ESMC 300M,H2-out,0.6798042961598961,0.0213043932293401,0.8364563397916633,0.0158328728302534,0.7299069468718636,0.0293361621881525,0.6461752136752137,0.0248540557058958,0.2365555669868479,0.0296129935031165,3.0,
NetMHCIIpan-4.3,H2-out,0.8834135665828515,,0.949280849521114,,,,,,,,,2557.0
MixMHC2pred-2.0,H2-out,0.8745866257511827,,0.9502555629764048,,,,,,,,,3119.0
