unit,a,b,n,median_delta,p,p_adj,sig
allele pair,BLOSUM62,Chai-1,57,-0.0627019089574154,1.0222785324385975e-09,1.4589491020269078e-08,***
allele pair,BLOSUM62,ESMC 300M,57,-0.0692701336020302,9.726327346846052e-10,1.4589491020269078e-08,***
allele pair,BLOSUM62,ESM3 Small,57,-0.0708187138300322,9.726327346846052e-10,1.4589491020269078e-08,***
allele pair,BLOSUM62,NetMHCIIpan-4.3,57,-0.0022222222222221,0.3756764270391209,0.9105737347811056,ns
allele pair,BLOSUM62,MixMHC2pred-2.0,57,0.0151116151116148,0.3035245782603685,0.9105737347811056,ns
allele pair,Chai-1,ESMC 300M,57,-0.00770164055494,2.319041279557301e-06,1.855233023645841e-05,***
allele pair,Chai-1,ESM3 Small,57,-0.009363579080025,1.7517827675745285e-05,9.103633930037445e-05,***
allele pair,Chai-1,NetMHCIIpan-4.3,57,0.0528560709858418,6.538941733562203e-05,0.0002615576693424,***
allele pair,Chai-1,MixMHC2pred-2.0,57,0.077306057028783,9.670833537431722e-07,8.70375018368855e-06,***
allele pair,ESMC 300M,ESM3 Small,57,-0.0003375101617471,0.7177204969655789,0.9105737347811056,ns
allele pair,ESMC 300M,NetMHCIIpan-4.3,57,0.0556289554381157,1.5172723216729074e-05,9.103633930037445e-05,***
allele pair,ESMC 300M,MixMHC2pred-2.0,57,0.0889503048671892,2.570812557944225e-07,2.8278938137386466e-06,***
allele pair,ESM3 Small,NetMHCIIpan-4.3,57,0.0616515135552747,9.801429809431317e-06,6.86100086660192e-05,***
allele pair,ESM3 Small,MixMHC2pred-2.0,57,0.0874524874524872,1.2397497932209852e-07,1.487699751865182e-06,***
allele pair,NetMHCIIpan-4.3,MixMHC2pred-2.0,57,0.0185996391339213,7.579596195034104e-07,7.579596195034103e-06,***
beta chain,BLOSUM62,Chai-1,47,-0.0607503566115595,3.5043967727688136e-10,6.658353868260747e-09,***
beta chain,BLOSUM62,ESMC 300M,47,-0.0684496124031008,3.091003009103588e-10,6.491106319117534e-09,***
beta chain,BLOSUM62,ESM3 Small,47,-0.0708187138300322,3.091003009103588e-10,6.491106319117534e-09,***
beta chain,BLOSUM62,DeepNeo,47,-0.0396316506303715,1.851410416975341e-06,2.036551458672875e-05,***
beta chain,BLOSUM62,NetMHCIIpan-4.3,47,-0.0167809802283486,0.1438626627285089,0.4315879881855267,ns
beta chain,BLOSUM62,MixMHC2pred-2.0,47,0.0057098960528165,0.757095945528107,0.757095945528107,ns
beta chain,Chai-1,ESMC 300M,47,-0.0055726191584216,3.799724908049029e-07,5.699587362073544e-06,***
beta chain,Chai-1,ESM3 Small,47,-0.0096919749755106,2.120756406043256e-06,2.036551458672875e-05,***
beta chain,Chai-1,DeepNeo,47,0.0234871794871796,1.851410416975341e-06,2.036551458672875e-05,***
beta chain,Chai-1,NetMHCIIpan-4.3,47,0.0495495495495497,0.000167599265012,0.0010055955900725,**
beta chain,Chai-1,MixMHC2pred-2.0,47,0.0628362307923688,1.614204776956285e-06,1.937045732347542e-05,***
beta chain,ESMC 300M,ESM3 Small,47,-0.003774024670109,0.2953198433614545,0.5906396867229091,ns
beta chain,ESMC 300M,DeepNeo,47,0.029965372561609,4.9762618914428465e-08,8.459645215452838e-07,***
beta chain,ESMC 300M,NetMHCIIpan-4.3,47,0.0497297297297296,2.519939769740631e-05,0.0001763957838818,***
beta chain,ESMC 300M,MixMHC2pred-2.0,47,0.0751461988304093,5.133566105541831e-07,7.186992547758564e-06,***
beta chain,ESM3 Small,DeepNeo,47,0.0338328309465606,9.464429240324534e-09,1.7035972632584165e-07,***
beta chain,ESM3 Small,NetMHCIIpan-4.3,47,0.0604580994386527,1.7859117221519227e-05,0.0001428729377721,***
beta chain,ESM3 Small,MixMHC2pred-2.0,47,0.076965988902936,2.0426011815288805e-07,3.2681618904462084e-06,***
beta chain,DeepNeo,NetMHCIIpan-4.3,47,0.0317724370449934,0.0442081153677236,0.1768324614708945,ns
beta chain,DeepNeo,MixMHC2pred-2.0,47,0.0520849743406135,0.0003573218592975,0.0017866092964879,**
beta chain,NetMHCIIpan-4.3,MixMHC2pred-2.0,47,0.0185996391339213,5.529362994138864e-07,7.188171892380524e-06,***
"beta chain, LOMO",BLOSUM62,Chai-1,38,-0.0774899831321423,7.275957614183426e-12,7.275957614183426e-11,***
"beta chain, LOMO",BLOSUM62,ESMC 300M,38,-0.0849449237281805,7.275957614183426e-12,7.275957614183426e-11,***
"beta chain, LOMO",BLOSUM62,ESM3 Small,38,-0.0623420804807243,1.382431946694851e-10,1.1059455573558807e-09,***
"beta chain, LOMO",BLOSUM62,DeepNeo,38,-0.0485651802229867,1.5995734429452568e-05,0.0001119701410061,***
"beta chain, LOMO",Chai-1,ESMC 300M,38,-0.0029039124548604,0.0871283154992852,0.130152079364052,ns
"beta chain, LOMO",Chai-1,ESM3 Small,38,0.0123495415262345,0.004469689047255,0.0134090671417652,*
"beta chain, LOMO",Chai-1,DeepNeo,38,0.0221728890604535,0.0001739494837238,0.0008697474186192,***
"beta chain, LOMO",ESMC 300M,ESM3 Small,38,0.0135645242881481,0.0002138411509804,0.0008697474186192,***
"beta chain, LOMO",ESMC 300M,DeepNeo,38,0.0244269640864868,3.949330857722089e-05,0.0002369598514633,***
"beta chain, LOMO",ESM3 Small,DeepNeo,38,0.0061283577953716,0.065076039682026,0.130152079364052,ns
