HLA_Name,source,source_allele,start_idx,end_idx,edit_coords
HLA-DPA1*01:03,IPD-IMGT/HLA:3.59.0,HLA-DPA1*01:03:01:01,34,114,34|114
HLA-DPA1*02:01,IPD-IMGT/HLA:3.59.0,HLA-DPA1*02:01:01:01,34,114,34|114
HLA-DPA1*02:02,IPD-IMGT/HLA:3.59.0,HLA-DPA1*02:02:02:01,34,114,34|114
HLA-DPA1*03:01,IPD-IMGT/HLA:3.59.0,HLA-DPA1*03:01:01:01,34,114,34|114
HLA-DPB1*01:01,IPD-IMGT/HLA:3.59.0,HLA-DPB1*01:01:01:01,41,114,41|114
HLA-DPB1*02:01,IPD-IMGT/HLA:3.59.0,HLA-DPB1*02:01:02:01,41,114,41|114
HLA-DPB1*03:01,IPD-IMGT/HLA:3.59.0,HLA-DPB1*03:01:01:01,41,114,41|114
HLA-DPB1*04:01,IPD-IMGT/HLA:3.59.0,HLA-DPB1*04:01:01:01,41,114,41|114
HLA-DPB1*04:02,IPD-IMGT/HLA:3.59.0,HLA-DPB1*04:02:01:01,41,114,41|114
HLA-DPB1*05:01,IPD-IMGT/HLA:3.59.0,HLA-DPB1*05:01:01:01,41,114,41|114
HLA-DPB1*06:01,IPD-IMGT/HLA:3.59.0,HLA-DPB1*06:01:01:01,41,114,41|114
HLA-DPB1*09:01,IPD-IMGT/HLA:3.59.0,HLA-DPB1*09:01:01:01,41,114,41|114
HLA-DPB1*104:01,IPD-IMGT/HLA:3.59.0,HLA-DPB1*104:01:01:01,41,114,41|114
HLA-DPB1*10:01,IPD-IMGT/HLA:3.59.0,HLA-DPB1*10:01:01:01,41,114,41|114
HLA-DPB1*11:01,IPD-IMGT/HLA:3.59.0,HLA-DPB1*11:01:01:01,41,114,41|114
HLA-DPB1*13:01,IPD-IMGT/HLA:3.59.0,HLA-DPB1*13:01:01:01,41,114,41|114
HLA-DPB1*14:01,IPD-IMGT/HLA:3.59.0,HLA-DPB1*14:01:01:01,41,114,41|114
HLA-DPB1*15:01,IPD-IMGT/HLA:3.59.0,HLA-DPB1*15:01:01:01,41,114,41|114
HLA-DPB1*17:01,IPD-IMGT/HLA:3.59.0,HLA-DPB1*17:01:01:01,41,114,41|114
HLA-DPB1*19:01,IPD-IMGT/HLA:3.59.0,HLA-DPB1*19:01:01:01,41,114,41|114
HLA-DPB1*20:01,IPD-IMGT/HLA:3.59.0,HLA-DPB1*20:01:01:01,41,114,41|114
HLA-DQA1*01:01,IPD-IMGT/HLA:3.59.0,HLA-DQA1*01:01:01:01,28,109,28|109
HLA-DQA1*01:02,IPD-IMGT/HLA:3.59.0,HLA-DQA1*01:02:01:01,28,109,28|109
HLA-DQA1*01:03,IPD-IMGT/HLA:3.59.0,HLA-DQA1*01:03:01:01,28,109,28|109
HLA-DQA1*01:04,IPD-IMGT/HLA:3.59.0,HLA-DQA1*01:04:01:01,28,109,28|109
HLA-DQA1*01:05,IPD-IMGT/HLA:3.59.0,HLA-DQA1*01:05:01:01,28,109,28|109
HLA-DQA1*02:01,IPD-IMGT/HLA:3.59.0,HLA-DQA1*02:01:01:01,28,108,28|108
HLA-DQA1*03:01,IPD-IMGT/HLA:3.59.0,HLA-DQA1*03:01:01:01,28,109,28|109
HLA-DQA1*03:02,IPD-IMGT/HLA:3.59.0,HLA-DQA1*03:02:01:01,28,109,28|109
HLA-DQA1*03:03,IPD-IMGT/HLA:3.59.0,HLA-DQA1*03:03:01:01,28,109,28|109
HLA-DQA1*04:01,IPD-IMGT/HLA:3.59.0,HLA-DQA1*04:01:01:01,28,108,28|108
HLA-DQA1*05:01,IPD-IMGT/HLA:3.59.0,HLA-DQA1*05:01:01:01,28,108,28|108
HLA-DQA1*05:05,IPD-IMGT/HLA:3.59.0,HLA-DQA1*05:05:01:01,28,108,28|108
HLA-DQA1*06:01,IPD-IMGT/HLA:3.59.0,HLA-DQA1*06:01:01:01,28,108,28|108
HLA-DQB1*02:01,IPD-IMGT/HLA:3.59.0,HLA-DQB1*02:01:01:01,44,119,44|119
HLA-DQB1*02:02,IPD-IMGT/HLA:3.59.0,HLA-DQB1*02:02:01:01,44,119,44|119
HLA-DQB1*03:01,IPD-IMGT/HLA:3.59.0,HLA-DQB1*03:01:01:01,44,119,44|119
HLA-DQB1*03:02,IPD-IMGT/HLA:3.59.0,HLA-DQB1*03:02:01:01,44,119,44|119
HLA-DQB1*03:03,IPD-IMGT/HLA:3.59.0,HLA-DQB1*03:03:02:01,44,119,44|119
HLA-DQB1*03:19,IPD-IMGT/HLA:3.59.0,HLA-DQB1*03:19:01:01,44,119,44|119
HLA-DQB1*04:01,IPD-IMGT/HLA:3.59.0,HLA-DQB1*04:01:01:01,44,119,44|119
HLA-DQB1*04:02,IPD-IMGT/HLA:3.59.0,HLA-DQB1*04:02:01:01,44,119,44|119
HLA-DQB1*05:01,IPD-IMGT/HLA:3.59.0,HLA-DQB1*05:01:01:01,44,119,44|119
HLA-DQB1*05:02,IPD-IMGT/HLA:3.59.0,HLA-DQB1*05:02:01:01,44,119,44|119
HLA-DQB1*05:03,IPD-IMGT/HLA:3.59.0,HLA-DQB1*05:03:01:03,44,119,44|119
HLA-DQB1*05:04,IPD-IMGT/HLA:3.59.0,HLA-DQB1*05:04:01,44,119,44|119
HLA-DQB1*06:01,IPD-IMGT/HLA:revised-since,,44,119,44|119
HLA-DQB1*06:02,IPD-IMGT/HLA:3.59.0,HLA-DQB1*06:02:01:01,44,119,44|119
HLA-DQB1*06:03,IPD-IMGT/HLA:3.59.0,HLA-DQB1*06:03:01:01,44,119,44|119
HLA-DQB1*06:04,IPD-IMGT/HLA:3.59.0,HLA-DQB1*06:04:01:01,44,119,44|119
HLA-DQB1*06:09,IPD-IMGT/HLA:3.59.0,HLA-DQB1*06:09:01:01,44,119,44|119
HLA-DRA*01:01,IPD-IMGT/HLA:3.59.0,HLA-DRA*01:01:01:01,29,109,29|109
HLA-DRB1*01:01,IPD-IMGT/HLA:3.59.0,HLA-DRB1*01:01:01:01,41,116,41|116
HLA-DRB1*01:02,IPD-IMGT/HLA:3.59.0,HLA-DRB1*01:02:01:01,41,116,41|116
HLA-DRB1*01:03,IPD-IMGT/HLA:3.59.0,HLA-DRB1*01:03:01:01,41,116,41|116
HLA-DRB1*01:04,IPD-IMGT/HLA:revised-since,,11,86,11|86
HLA-DRB1*01:15,IPD-IMGT/HLA:3.59.0,HLA-DRB1*01:15,7,82,7|82
HLA-DRB1*03:01,IPD-IMGT/HLA:3.59.0,HLA-DRB1*03:01:01:01,41,116,41|116
HLA-DRB1*03:02,IPD-IMGT/HLA:3.59.0,HLA-DRB1*03:02:01:01,41,116,41|116
HLA-DRB1*03:03,IPD-IMGT/HLA:3.59.0,HLA-DRB1*03:03,7,82,7|82
HLA-DRB1*04:01,IPD-IMGT/HLA:3.59.0,HLA-DRB1*04:01:01:01,41,116,41|116
HLA-DRB1*04:02,IPD-IMGT/HLA:3.59.0,HLA-DRB1*04:02:01,41,116,41|116
HLA-DRB1*04:03,IPD-IMGT/HLA:3.59.0,HLA-DRB1*04:03:01:01,41,116,41|116
HLA-DRB1*04:04,IPD-IMGT/HLA:3.59.0,HLA-DRB1*04:04:01:01,41,116,41|116
HLA-DRB1*04:05,IPD-IMGT/HLA:3.59.0,HLA-DRB1*04:05:01:01,41,116,41|116
HLA-DRB1*04:06,IPD-IMGT/HLA:3.59.0,HLA-DRB1*04:06:01,41,116,41|116
HLA-DRB1*04:07,IPD-IMGT/HLA:3.59.0,HLA-DRB1*04:07:01:01,41,116,41|116
HLA-DRB1*04:08,IPD-IMGT/HLA:3.59.0,HLA-DRB1*04:08:01:01,41,116,41|116
HLA-DRB1*04:11,IPD-IMGT/HLA:3.59.0,HLA-DRB1*04:11:01:01,41,116,41|116
HLA-DRB1*07:01,IPD-IMGT/HLA:3.59.0,HLA-DRB1*07:01:01:01,41,116,41|116
HLA-DRB1*08:01,IPD-IMGT/HLA:3.59.0,HLA-DRB1*08:01:01:01,41,116,41|116
HLA-DRB1*08:02,IPD-IMGT/HLA:3.59.0,HLA-DRB1*08:02:01:01,41,116,41|116
HLA-DRB1*08:03,IPD-IMGT/HLA:3.59.0,HLA-DRB1*08:03:02:01,41,116,41|116
HLA-DRB1*08:04,IPD-IMGT/HLA:3.59.0,HLA-DRB1*08:04:01:01,41,116,41|116
HLA-DRB1*08:18,IPD-IMGT/HLA:3.59.0,HLA-DRB1*08:18,41,116,41|116
HLA-DRB1*09:01,IPD-IMGT/HLA:3.59.0,HLA-DRB1*09:01:02:01,41,116,41|116
HLA-DRB1*10:01,IPD-IMGT/HLA:3.59.0,HLA-DRB1*10:01:01:01,41,116,41|116
HLA-DRB1*11:01,IPD-IMGT/HLA:3.59.0,HLA-DRB1*11:01:01:01,41,116,41|116
HLA-DRB1*11:02,IPD-IMGT/HLA:3.59.0,HLA-DRB1*11:02:01:01,41,116,41|116
HLA-DRB1*11:03,IPD-IMGT/HLA:3.59.0,HLA-DRB1*11:03:01,41,116,41|116
HLA-DRB1*11:04,IPD-IMGT/HLA:3.59.0,HLA-DRB1*11:04:01:01,41,116,41|116
HLA-DRB1*11:13,IPD-IMGT/HLA:3.59.0,HLA-DRB1*11:13:02,41,116,41|116
HLA-DRB1*12:01,IPD-IMGT/HLA:3.59.0,HLA-DRB1*12:01:01:01,41,116,41|116
HLA-DRB1*12:02,IPD-IMGT/HLA:3.59.0,HLA-DRB1*12:02:01:01,41,116,41|116
HLA-DRB1*13:01,IPD-IMGT/HLA:3.59.0,HLA-DRB1*13:01:01:01,41,116,41|116
HLA-DRB1*13:02,IPD-IMGT/HLA:3.59.0,HLA-DRB1*13:02:01:01,41,116,41|116
HLA-DRB1*13:03,IPD-IMGT/HLA:3.59.0,HLA-DRB1*13:03:01:01,41,116,41|116
HLA-DRB1*13:04,IPD-IMGT/HLA:3.59.0,HLA-DRB1*13:04,41,116,41|116
HLA-DRB1*14:01,IPD-IMGT/HLA:3.59.0,HLA-DRB1*14:01:01:01,41,116,41|116
HLA-DRB1*14:02,IPD-IMGT/HLA:3.59.0,HLA-DRB1*14:02:01:01,41,116,41|116
HLA-DRB1*14:04,IPD-IMGT/HLA:3.59.0,HLA-DRB1*14:04:01:01,41,116,41|116
HLA-DRB1*14:05,IPD-IMGT/HLA:3.59.0,HLA-DRB1*14:05:01:01,41,116,41|116
HLA-DRB1*14:06,IPD-IMGT/HLA:3.59.0,HLA-DRB1*14:06:01,41,116,41|116
HLA-DRB1*14:07,IPD-IMGT/HLA:3.59.0,HLA-DRB1*14:07:01,41,116,41|116
HLA-DRB1*14:54,IPD-IMGT/HLA:3.59.0,HLA-DRB1*14:54:01:01,41,116,41|116
HLA-DRB1*15:01,IPD-IMGT/HLA:3.59.0,HLA-DRB1*15:01:01:01,41,116,41|116
HLA-DRB1*15:02,IPD-IMGT/HLA:3.59.0,HLA-DRB1*15:02:01:02,41,116,41|116
HLA-DRB1*15:03,IPD-IMGT/HLA:3.59.0,HLA-DRB1*15:03:01:01,41,116,41|116
HLA-DRB1*15:04,IPD-IMGT/HLA:3.59.0,HLA-DRB1*15:04,41,116,41|116
HLA-DRB1*15:06,IPD-IMGT/HLA:3.59.0,HLA-DRB1*15:06:01,41,116,41|116
HLA-DRB1*16:01,IPD-IMGT/HLA:3.59.0,HLA-DRB1*16:01:01:01,41,116,41|116
HLA-DRB1*16:02,IPD-IMGT/HLA:3.59.0,HLA-DRB1*16:02:01:01,41,116,41|116
HLA-DRB3*01:01,IPD-IMGT/HLA:3.59.0,HLA-DRB3*01:01:02:01,41,116,41|116
HLA-DRB3*02:01,IPD-IMGT/HLA:3.59.0,HLA-DRB3*02:01,41,116,41|116
HLA-DRB3*02:02,IPD-IMGT/HLA:3.59.0,HLA-DRB3*02:02:01:01,41,116,41|116
HLA-DRB3*03:01,IPD-IMGT/HLA:3.59.0,HLA-DRB3*03:01:01:01,41,116,41|116
HLA-DRB4*01:01,IPD-IMGT/HLA:3.59.0,HLA-DRB4*01:01:01:01,41,116,41|116
HLA-DRB4*01:02,IPD-IMGT/HLA:3.59.0,HLA-DRB4*01:02,41,116,41|116
HLA-DRB4*01:03,IPD-IMGT/HLA:3.59.0,HLA-DRB4*01:03:01:01,41,116,41|116
HLA-DRB5*01:01,IPD-IMGT/HLA:3.59.0,HLA-DRB5*01:01:01:01,41,116,41|116
HLA-DRB5*01:02,IPD-IMGT/HLA:3.59.0,HLA-DRB5*01:02:01,41,116,41|116
HLA-DRB5*02:02,IPD-IMGT/HLA:3.59.0,HLA-DRB5*02:02:01,41,116,41|116
HLA-DRB1*03:05,IPD-IMGT/HLA:3.59.0,HLA-DRB1*03:05:01,41,116,41|116
HLA-DPB1*16:01,IPD-IMGT/HLA:3.59.0,HLA-DPB1*16:01:01:01,41,114,41|114
HLA-DRB1*03:04,IPD-IMGT/HLA:3.59.0,HLA-DRB1*03:04:01,41,116,41|116
HLA-DRB1*13:05,IPD-IMGT/HLA:3.59.0,HLA-DRB1*13:05:01:01,41,116,41|116
H2-IAbA,UniProt,,29,110,29|110
H2-IAbB,UniProt,,39,114,39|114
H2-IAdA,UniProt,,29,110,29|110
H2-IAdB,UniProt,,39,114,39|114
H2-IAg7A,UniProt,,29,110,29|110
H2-IAg7B,UniProt,,39,112,39|112
H2-IAkA,UniProt,,29,110,29|110
H2-IAkB,UniProt,,39,112,39|112
H2-IAqA,UniProt,,0,76,0|76
H2-IAqB,UniProt,,39,114,39|114
H2-IAsA,UniProt,,6,87,6|87
H2-IAsB,UniProt,,39,112,39|112
H2-IAuA,UniProt,,0,81,0|81
H2-IAuB,UniProt,,39,112,39|112
H2-IEdA,UniProt,,29,109,29|109
H2-IEdB,UniProt,,39,114,39|114
H2-IEkA,UniProt,,29,109,29|109
H2-IEkB,UniProt,,113,,38|113
BoLA-DRA,IPD-MHC:not-redistributed,,27,107,27|107
BoLA-DRB3*001:01,IPD-MHC:not-redistributed,,7,82,7|82
BoLA-DRB3*002:01,IPD-MHC:not-redistributed,,7,81,7|81
BoLA-DRB3*011:01,IPD-MHC:not-redistributed,,7,82,7|82
BoLA-DRB3*012:01,IPD-MHC:not-redistributed,,7,82,7|82
BoLA-DRB3*015:01,IPD-MHC:not-redistributed,,7,82,7|82
BoLA-DRB3*016:01,IPD-MHC:not-redistributed,,41,116,41|116
BoLA-DRB3*027:03,IPD-MHC:not-redistributed,,41,116,41|116
Mamu-DRA*01:01,IPD-MHC:not-redistributed,,29,109,29|109
Mamu-DRB*W002:01,IPD-MHC:not-redistributed,,41,116,41|116
Mamu-DRB1*03:03,IPD-MHC:not-redistributed,,41,116,41|116
Mamu-DRB1*03:06,IPD-MHC:not-redistributed,,41,116,41|116
Mamu-DRB1*03:08,IPD-MHC:not-redistributed,,5,80,5|80
Mamu-DRB1*04:06,IPD-MHC:not-redistributed,,41,116,41|116
SLA-DRA*01:01,IPD-MHC:not-redistributed,,26,106,26|106
SLA-DRB1*02:01,IPD-MHC:not-redistributed,,41,116,41|116
SLA-DRB1*04:02,IPD-MHC:not-redistributed,,41,116,41|116
SLA-DRB1*06:01,IPD-MHC:not-redistributed,,41,116,41|116
SLA-DRB1*06:02,IPD-MHC:not-redistributed,,41,116,41|116
SLA-DRB1*10:01,IPD-MHC:not-redistributed,,41,116,41|116
