HLA_Name,beta,model,method,roc_auc,roc_auc_sd,n_seeds,n_folds,pos_count,neg_count,HLA_Type
HLA-DQB1*06:02_HLA-DQA1*01:02,HLA-DQB1*06:02,blosum,BLOSUM62,0.8295935660801774,0.013692297120314095,3.0,5.0,83,391,DQ
HLA-DRB1*15:01_HLA-DRA*01:01,HLA-DRB1*15:01,blosum,BLOSUM62,0.8386958182526446,0.007238755628202424,3.0,5.0,252,2798,DR
HLA-DRB1*04:05_HLA-DRA*01:01,HLA-DRB1*04:05,blosum,BLOSUM62,0.9103180565990483,0.01138123419936725,3.0,5.0,242,308,DR
HLA-DRB4*01:01_HLA-DRA*01:01,HLA-DRB4*01:01,blosum,BLOSUM62,0.9334857723577236,0.013564609372521899,3.0,5.0,40,328,DR
HLA-DPB1*01:01_HLA-DPA1*02:01,HLA-DPB1*01:01,blosum,BLOSUM62,0.9518862716231137,0.015609230370606655,3.0,5.0,416,209,DP
HLA-DPB1*04:01_HLA-DPA1*01:03,HLA-DPB1*04:01,blosum,BLOSUM62,0.953414700984422,0.016121320026004245,3.0,5.0,753,210,DP
HLA-DQB1*05:01_HLA-DQA1*01:01,HLA-DQB1*05:01,blosum,BLOSUM62,0.9145663956639566,0.01752557764784452,3.0,5.0,16,246,DQ
HLA-DRB1*04:01_HLA-DRA*01:01,HLA-DRB1*04:01,blosum,BLOSUM62,0.8400720560380921,0.01062907137636354,3.0,5.0,463,699,DR
HLA-DRB1*13:02_HLA-DRA*01:01,HLA-DRB1*13:02,blosum,BLOSUM62,0.9113636363636365,0.006481738374374739,3.0,5.0,22,360,DR
HLA-DRB3*01:01_HLA-DRA*01:01,HLA-DRB3*01:01,blosum,BLOSUM62,0.8932948975633838,0.0178735043848767,3.0,5.0,138,548,DR
H2-IAbB_H2-IAbA,H2-IAbB,blosum,BLOSUM62,0.884669315260575,0.00886155008203025,3.0,5.0,389,154,H2
HLA-DPB1*14:01_HLA-DPA1*02:01,HLA-DPB1*14:01,blosum,BLOSUM62,0.9858834904520184,0.010485568446654051,3.0,5.0,591,7,DP
HLA-DPB1*02:01_HLA-DPA1*01:03,HLA-DPB1*02:01,blosum,BLOSUM62,0.9597292270456662,0.012334074368270796,3.0,5.0,513,189,DP
HLA-DPB1*03:01_HLA-DPA1*01:03,HLA-DPB1*03:01,blosum,BLOSUM62,0.9109982082811773,0.01482421227087083,3.0,5.0,503,27,DP
HLA-DRB5*01:01_HLA-DRA*01:01,HLA-DRB5*01:01,blosum,BLOSUM62,0.9014586867401753,0.010909164761924897,3.0,5.0,192,393,DR
HLA-DRB1*01:01_HLA-DRA*01:01,HLA-DRB1*01:01,blosum,BLOSUM62,0.8421625324955816,0.00934072771415256,3.0,5.0,799,791,DR
HLA-DRB1*12:01_HLA-DRA*01:01,HLA-DRB1*12:01,blosum,BLOSUM62,0.9261830907500199,0.017976363561951973,3.0,5.0,132,254,DR
HLA-DQB1*02:01_HLA-DQA1*05:01,HLA-DQB1*02:01,blosum,BLOSUM62,0.9445730363151178,0.021434749086633793,3.0,5.0,208,221,DQ
HLA-DQB1*02:02_HLA-DQA1*02:01,HLA-DQB1*02:02,blosum,BLOSUM62,0.952711161387632,0.01726343057337424,3.0,5.0,442,40,DQ
HLA-DQB1*03:01_HLA-DQA1*02:01,HLA-DQB1*03:01,blosum,BLOSUM62,0.9282882882882882,0.014414414414414434,3.0,5.0,5,111,DQ
HLA-DRB1*08:01_HLA-DRA*01:01,HLA-DRB1*08:01,blosum,BLOSUM62,0.8580534022394488,0.015748141184773218,3.0,5.0,258,135,DR
HLA-DRB3*02:02_HLA-DRA*01:01,HLA-DRB3*02:02,blosum,BLOSUM62,0.8820206576227242,0.014941344101600196,3.0,5.0,233,373,DR
HLA-DRB1*03:01_HLA-DRA*01:01,HLA-DRB1*03:01,blosum,BLOSUM62,0.9050536731803285,0.020611956729005624,3.0,5.0,239,643,DR
HLA-DRB1*11:01_HLA-DRA*01:01,HLA-DRB1*11:01,blosum,BLOSUM62,0.918533276611836,0.004708463070960834,3.0,5.0,215,656,DR
HLA-DRB1*07:01_HLA-DRA*01:01,HLA-DRB1*07:01,blosum,BLOSUM62,0.8706816296363334,0.00781506861426039,3.0,5.0,308,2870,DR
HLA-DRB1*10:01_HLA-DRA*01:01,HLA-DRB1*10:01,blosum,BLOSUM62,0.8525252525252526,0.03245531111663897,3.0,5.0,223,33,DR
HLA-DQB1*03:02_HLA-DQA1*03:01,HLA-DQB1*03:02,blosum,BLOSUM62,0.9524715130821454,0.008776125245449127,3.0,5.0,267,566,DQ
HLA-DRB1*04:04_HLA-DRA*01:01,HLA-DRB1*04:04,blosum,BLOSUM62,0.8972859420869169,0.002361639576013956,3.0,5.0,126,2462,DR
HLA-DQB1*03:03_HLA-DQA1*02:01,HLA-DQB1*03:03,blosum,BLOSUM62,0.9118118118118117,0.010887007639556183,3.0,5.0,6,111,DQ
HLA-DRB4*01:03_HLA-DRA*01:01,HLA-DRB4*01:03,blosum,BLOSUM62,0.8675885008315514,0.024771840500053828,3.0,5.0,230,61,DR
HLA-DPB1*05:01_HLA-DPA1*02:02,HLA-DPB1*05:01,blosum,BLOSUM62,0.9404719458264235,0.011290345405632363,3.0,5.0,720,402,DP
HLA-DQB1*06:03_HLA-DQA1*01:03,HLA-DQB1*06:03,blosum,BLOSUM62,0.8266666666666667,0.04737279889030318,3.0,5.0,5,67,DQ
H2-IAg7B_H2-IAg7A,H2-IAg7B,blosum,BLOSUM62,0.8569220620111205,0.0011606675576923127,3.0,5.0,131,27,H2
HLA-DRB1*13:01_HLA-DRA*01:01,HLA-DRB1*13:01,blosum,BLOSUM62,0.9667840834964122,0.005246630127616672,3.0,5.0,73,105,DR
HLA-DPB1*04:02_HLA-DPA1*01:03,HLA-DPB1*04:02,blosum,BLOSUM62,0.9119467434328895,0.019009689895586473,3.0,5.0,397,14,DP
HLA-DRB1*14:54_HLA-DRA*01:01,HLA-DRB1*14:54,blosum,BLOSUM62,0.9138812366085093,0.013827973430610069,3.0,5.0,99,88,DR
H2-IAdB_H2-IAdA,H2-IAdB,blosum,BLOSUM62,0.5928571428571429,0.002338048823957065,3.0,5.0,8,49,H2
HLA-DRB3*03:01_HLA-DRA*01:01,HLA-DRB3*03:01,blosum,BLOSUM62,0.9117386489479512,0.03147274352493258,3.0,5.0,7,86,DR
HLA-DQB1*05:01_HLA-DQA1*01:02,HLA-DQB1*05:01,blosum,BLOSUM62,0.9056159420289855,0.04301410989394639,3.0,5.0,8,92,DQ
H2-IEkB_H2-IEkA,H2-IEkB,blosum,BLOSUM62,0.5190476190476191,0.05872077359589767,3.0,5.0,8,7,H2
HLA-DRB1*01:03_HLA-DRA*01:01,HLA-DRB1*01:03,blosum,BLOSUM62,0.7121212121212123,0.05248638810814775,3.0,5.0,11,6,DR
HLA-DQB1*06:02_HLA-DQA1*01:02,HLA-DQB1*06:02,chai,Chai-1,0.8752637147053689,0.0182473567908705,3.0,5.0,83,391,DQ
HLA-DRB1*15:01_HLA-DRA*01:01,HLA-DRB1*15:01,chai,Chai-1,0.9398859162440291,0.0073294630864863914,3.0,5.0,252,2798,DR
HLA-DRB1*04:05_HLA-DRA*01:01,HLA-DRB1*04:05,chai,Chai-1,0.977817430503381,0.0009179715346974052,3.0,5.0,242,308,DR
HLA-DRB4*01:01_HLA-DRA*01:01,HLA-DRB4*01:01,chai,Chai-1,0.988709349593496,0.003226862068057159,3.0,5.0,40,328,DR
HLA-DPB1*01:01_HLA-DPA1*02:01,HLA-DPB1*01:01,chai,Chai-1,0.9954231075941601,0.0013539678856167312,3.0,5.0,416,209,DP
HLA-DPB1*04:01_HLA-DPA1*01:03,HLA-DPB1*04:01,chai,Chai-1,0.9921098674086722,0.002852310127747611,3.0,5.0,753,210,DP
HLA-DQB1*05:01_HLA-DQA1*01:01,HLA-DQB1*05:01,chai,Chai-1,0.9683096205962061,0.019599423222700387,3.0,5.0,16,246,DQ
HLA-DRB1*04:01_HLA-DRA*01:01,HLA-DRB1*04:01,chai,Chai-1,0.9450666435955511,0.004218829076178549,3.0,5.0,463,699,DR
HLA-DRB1*13:02_HLA-DRA*01:01,HLA-DRB1*13:02,chai,Chai-1,0.9726767676767677,0.001560557025806085,3.0,5.0,22,360,DR
HLA-DRB3*01:01_HLA-DRA*01:01,HLA-DRB3*01:01,chai,Chai-1,0.9654836207200536,0.0066689123286345926,3.0,5.0,138,548,DR
H2-IAbB_H2-IAbA,H2-IAbB,chai,Chai-1,0.9358283533090731,0.00783528289177331,3.0,5.0,389,154,H2
HLA-DPB1*14:01_HLA-DPA1*02:01,HLA-DPB1*14:01,chai,Chai-1,0.9986785915719926,0.0012920964489824623,3.0,5.0,591,7,DP
HLA-DPB1*02:01_HLA-DPA1*01:03,HLA-DPB1*02:01,chai,Chai-1,0.9965372966022739,0.001011172621239619,3.0,5.0,513,189,DP
HLA-DPB1*03:01_HLA-DPA1*01:03,HLA-DPB1*03:01,chai,Chai-1,0.9803156370419458,0.007506020393378831,3.0,5.0,503,27,DP
HLA-DRB5*01:01_HLA-DRA*01:01,HLA-DRB5*01:01,chai,Chai-1,0.9669299547639242,0.0041439921031928475,3.0,5.0,192,393,DR
HLA-DRB1*01:01_HLA-DRA*01:01,HLA-DRB1*01:01,chai,Chai-1,0.9525548950516,0.005126804389190093,3.0,5.0,799,791,DR
HLA-DRB1*12:01_HLA-DRA*01:01,HLA-DRB1*12:01,chai,Chai-1,0.9837508947745168,0.0028175090496646606,3.0,5.0,132,254,DR
HLA-DQB1*02:01_HLA-DQA1*05:01,HLA-DQB1*02:01,chai,Chai-1,0.9928239935027264,0.0023921000120240084,3.0,5.0,208,221,DQ
HLA-DQB1*02:02_HLA-DQA1*02:01,HLA-DQB1*02:02,chai,Chai-1,0.9922285067873303,0.003332787299243413,3.0,5.0,442,40,DQ
HLA-DQB1*03:01_HLA-DQA1*02:01,HLA-DQB1*03:01,chai,Chai-1,0.9966366366366367,0.002728604610594825,3.0,5.0,5,111,DQ
HLA-DRB1*08:01_HLA-DRA*01:01,HLA-DRB1*08:01,chai,Chai-1,0.9716183366829361,0.005489881905095157,3.0,5.0,258,135,DR
HLA-DRB3*02:02_HLA-DRA*01:01,HLA-DRB3*02:02,chai,Chai-1,0.9742780763020323,0.003551663204528839,3.0,5.0,233,373,DR
HLA-DRB1*03:01_HLA-DRA*01:01,HLA-DRB1*03:01,chai,Chai-1,0.9605518934735408,0.004752670415286178,3.0,5.0,239,643,DR
HLA-DRB1*11:01_HLA-DRA*01:01,HLA-DRB1*11:01,chai,Chai-1,0.9811311211949331,0.0035308318725961138,3.0,5.0,215,656,DR
HLA-DRB1*07:01_HLA-DRA*01:01,HLA-DRB1*07:01,chai,Chai-1,0.9634404271686501,0.0035997316614344243,3.0,5.0,308,2870,DR
HLA-DRB1*10:01_HLA-DRA*01:01,HLA-DRB1*10:01,chai,Chai-1,0.9298908366172941,0.008661018679929102,3.0,5.0,223,33,DR
HLA-DQB1*03:02_HLA-DQA1*03:01,HLA-DQB1*03:02,chai,Chai-1,0.9884053943171742,0.0008736138407942309,3.0,5.0,267,566,DQ
HLA-DRB1*04:04_HLA-DRA*01:01,HLA-DRB1*04:04,chai,Chai-1,0.947570478683395,0.005047112085305357,3.0,5.0,126,2462,DR
HLA-DQB1*03:03_HLA-DQA1*02:01,HLA-DQB1*03:03,chai,Chai-1,0.9675675675675676,0.01957948746270632,3.0,5.0,6,111,DQ
HLA-DRB4*01:03_HLA-DRA*01:01,HLA-DRB4*01:03,chai,Chai-1,0.9751294844381088,0.006881841134373048,3.0,5.0,230,61,DR
HLA-DPB1*05:01_HLA-DPA1*02:02,HLA-DPB1*05:01,chai,Chai-1,0.9759314538419016,0.002112183098494999,3.0,5.0,720,402,DP
HLA-DQB1*06:03_HLA-DQA1*01:03,HLA-DQB1*06:03,chai,Chai-1,0.9793034825870647,0.010242475010911713,3.0,5.0,5,67,DQ
H2-IAg7B_H2-IAg7A,H2-IAg7B,chai,Chai-1,0.9040618226368862,0.014339097227531702,3.0,5.0,131,27,H2
HLA-DRB1*13:01_HLA-DRA*01:01,HLA-DRB1*13:01,chai,Chai-1,0.9891280713198523,0.0041384861567870974,3.0,5.0,73,105,DR
HLA-DPB1*04:02_HLA-DPA1*01:03,HLA-DPB1*04:02,chai,Chai-1,0.991183879093199,0.0013829347859355757,3.0,5.0,397,14,DP
HLA-DRB1*14:54_HLA-DRA*01:01,HLA-DRB1*14:54,chai,Chai-1,0.9848637894092439,0.0068072485846255555,3.0,5.0,99,88,DR
H2-IAdB_H2-IAdA,H2-IAdB,chai,Chai-1,0.7081632653061224,0.039952595817248686,3.0,5.0,8,49,H2
HLA-DRB3*03:01_HLA-DRA*01:01,HLA-DRB3*03:01,chai,Chai-1,0.9983388704318936,0.0014481391839006189,3.0,5.0,7,86,DR
HLA-DQB1*05:01_HLA-DQA1*01:02,HLA-DQB1*05:01,chai,Chai-1,0.9649456521739129,0.016709194717003568,3.0,5.0,8,92,DQ
H2-IEkB_H2-IEkA,H2-IEkB,chai,Chai-1,0.6976190476190477,0.03318419015420553,3.0,5.0,8,7,H2
HLA-DRB1*01:03_HLA-DRA*01:01,HLA-DRB1*01:03,chai,Chai-1,0.902020202020202,0.026126297285611274,3.0,5.0,11,6,DR
HLA-DQB1*06:02_HLA-DQA1*01:02,HLA-DQB1*06:02,esmc_small,ESMC 300M,0.9063527768362453,0.008648140620269884,3.0,5.0,83,391,DQ
HLA-DRB1*15:01_HLA-DRA*01:01,HLA-DRB1*15:01,esmc_small,ESMC 300M,0.9523543838947699,0.0013665391195850736,3.0,5.0,252,2798,DR
HLA-DRB1*04:05_HLA-DRA*01:01,HLA-DRB1*04:05,esmc_small,ESMC 300M,0.9850076920324855,0.0020320790329105853,3.0,5.0,242,308,DR
HLA-DRB4*01:01_HLA-DRA*01:01,HLA-DRB4*01:01,esmc_small,ESMC 300M,0.9953404471544717,0.0025664291768930773,3.0,5.0,40,328,DR
HLA-DPB1*01:01_HLA-DPA1*02:01,HLA-DPB1*01:01,esmc_small,ESMC 300M,0.9975723837565944,0.0006069141116997972,3.0,5.0,416,209,DP
HLA-DPB1*04:01_HLA-DPA1*01:03,HLA-DPB1*04:01,esmc_small,ESMC 300M,0.9972402453677353,0.0001569196603432727,3.0,5.0,753,210,DP
HLA-DQB1*05:01_HLA-DQA1*01:01,HLA-DQB1*05:01,esmc_small,ESMC 300M,0.9902777777777777,0.004751038904051777,3.0,5.0,16,246,DQ
HLA-DRB1*04:01_HLA-DRA*01:01,HLA-DRB1*04:01,esmc_small,ESMC 300M,0.9479880236190548,0.0011140114517361858,3.0,5.0,463,699,DR
HLA-DRB1*13:02_HLA-DRA*01:01,HLA-DRB1*13:02,esmc_small,ESMC 300M,0.9741835016835018,0.013331260679634489,3.0,5.0,22,360,DR
HLA-DRB3*01:01_HLA-DRA*01:01,HLA-DRB3*01:01,esmc_small,ESMC 300M,0.9823010331817059,0.005574059134720203,3.0,5.0,138,548,DR
H2-IAbB_H2-IAbA,H2-IAbB,esmc_small,ESMC 300M,0.9430285224629698,0.005369095965083459,3.0,5.0,389,154,H2
HLA-DPB1*14:01_HLA-DPA1*02:01,HLA-DPB1*14:01,esmc_small,ESMC 300M,0.9991136894690195,0.0004938056061895619,3.0,5.0,591,7,DP
HLA-DPB1*02:01_HLA-DPA1*01:03,HLA-DPB1*02:01,esmc_small,ESMC 300M,0.9968281471855219,0.0011609572341039988,3.0,5.0,513,189,DP
HLA-DPB1*03:01_HLA-DPA1*01:03,HLA-DPB1*03:01,esmc_small,ESMC 300M,0.9910414058856736,0.0017227016461246404,3.0,5.0,503,27,DP
HLA-DRB5*01:01_HLA-DRA*01:01,HLA-DRB5*01:01,esmc_small,ESMC 300M,0.9731410800113091,0.0026338803728031494,3.0,5.0,192,393,DR
HLA-DRB1*01:01_HLA-DRA*01:01,HLA-DRB1*01:01,esmc_small,ESMC 300M,0.9576327763264975,0.0024155539623302528,3.0,5.0,799,791,DR
HLA-DRB1*12:01_HLA-DRA*01:01,HLA-DRB1*12:01,esmc_small,ESMC 300M,0.9880478008430763,0.0024278312932375324,3.0,5.0,132,254,DR
HLA-DQB1*02:01_HLA-DQA1*05:01,HLA-DQB1*02:01,esmc_small,ESMC 300M,0.994404803341455,0.0005736364666815288,3.0,5.0,208,221,DQ
HLA-DQB1*02:02_HLA-DQA1*02:01,HLA-DQB1*02:02,esmc_small,ESMC 300M,0.9958521870286576,0.0011394684320497122,3.0,5.0,442,40,DQ
HLA-DQB1*03:01_HLA-DQA1*02:01,HLA-DQB1*03:01,esmc_small,ESMC 300M,0.9992792792792793,0.0007207207207207134,3.0,5.0,5,111,DQ
HLA-DRB1*08:01_HLA-DRA*01:01,HLA-DRB1*08:01,esmc_small,ESMC 300M,0.9711398219925352,0.004384154413775346,3.0,5.0,258,135,DR
HLA-DRB3*02:02_HLA-DRA*01:01,HLA-DRB3*02:02,esmc_small,ESMC 300M,0.9832276672534873,0.0017190723151874036,3.0,5.0,233,373,DR
HLA-DRB1*03:01_HLA-DRA*01:01,HLA-DRB1*03:01,esmc_small,ESMC 300M,0.9779954059488407,0.00823342752281429,3.0,5.0,239,643,DR
HLA-DRB1*11:01_HLA-DRA*01:01,HLA-DRB1*11:01,esmc_small,ESMC 300M,0.9866127812440914,0.0009338531086586649,3.0,5.0,215,656,DR
HLA-DRB1*07:01_HLA-DRA*01:01,HLA-DRB1*07:01,esmc_small,ESMC 300M,0.9599293331523296,0.004857694416346222,3.0,5.0,308,2870,DR
HLA-DRB1*10:01_HLA-DRA*01:01,HLA-DRB1*10:01,esmc_small,ESMC 300M,0.9497848439552475,0.009199422135882325,3.0,5.0,223,33,DR
HLA-DQB1*03:02_HLA-DQA1*03:01,HLA-DQB1*03:02,esmc_small,ESMC 300M,0.9912825399346223,0.0018676983790405519,3.0,5.0,267,566,DQ
HLA-DRB1*04:04_HLA-DRA*01:01,HLA-DRB1*04:04,esmc_small,ESMC 300M,0.9547765184239595,0.0029148486915314877,3.0,5.0,126,2462,DR
HLA-DQB1*03:03_HLA-DQA1*02:01,HLA-DQB1*03:03,esmc_small,ESMC 300M,0.9892892892892893,0.006244032101601905,3.0,5.0,6,111,DQ
HLA-DRB4*01:03_HLA-DRA*01:01,HLA-DRB4*01:03,esmc_small,ESMC 300M,0.9853979567593253,0.0006366066906672993,3.0,5.0,230,61,DR
HLA-DPB1*05:01_HLA-DPA1*02:02,HLA-DPB1*05:01,esmc_small,ESMC 300M,0.98373410724157,0.0005236879886608945,3.0,5.0,720,402,DP
HLA-DQB1*06:03_HLA-DQA1*01:03,HLA-DQB1*06:03,esmc_small,ESMC 300M,0.9412935323383085,0.05366607423294667,3.0,5.0,5,67,DQ
H2-IAg7B_H2-IAg7A,H2-IAg7B,esmc_small,ESMC 300M,0.9125058901140326,0.022929738932396075,3.0,5.0,131,27,H2
HLA-DRB1*13:01_HLA-DRA*01:01,HLA-DRB1*13:01,esmc_small,ESMC 300M,0.994485757773429,0.002448308130413382,3.0,5.0,73,105,DR
HLA-DPB1*04:02_HLA-DPA1*01:03,HLA-DPB1*04:02,esmc_small,ESMC 300M,0.9944824277317981,0.0024225479095453923,3.0,5.0,397,14,DP
HLA-DRB1*14:54_HLA-DRA*01:01,HLA-DRB1*14:54,esmc_small,ESMC 300M,0.9929599020508112,0.0022368886530129586,3.0,5.0,99,88,DR
H2-IAdB_H2-IAdA,H2-IAdB,esmc_small,ESMC 300M,0.7494897959183674,0.036425141323676614,3.0,5.0,8,49,H2
HLA-DRB3*03:01_HLA-DRA*01:01,HLA-DRB3*03:01,esmc_small,ESMC 300M,0.9955703211517163,0.004271827579620282,3.0,5.0,7,86,DR
HLA-DQB1*05:01_HLA-DQA1*01:02,HLA-DQB1*05:01,esmc_small,ESMC 300M,0.9865036231884058,0.00298088454201161,3.0,5.0,8,92,DQ
H2-IEkB_H2-IEkA,H2-IEkB,esmc_small,ESMC 300M,0.5928571428571429,0.0344416098606891,3.0,5.0,8,7,H2
HLA-DRB1*01:03_HLA-DRA*01:01,HLA-DRB1*01:03,esmc_small,ESMC 300M,0.9848484848484848,0.010925912955951507,3.0,5.0,11,6,DR
HLA-DQB1*06:02_HLA-DQA1*01:02,HLA-DQB1*06:02,esm3_small,ESM3 Small,0.9111638369334115,0.002556163332060006,3.0,5.0,83,391,DQ
HLA-DRB1*15:01_HLA-DRA*01:01,HLA-DRB1*15:01,esm3_small,ESM3 Small,0.9642061033769398,0.0005277634084807077,3.0,5.0,252,2798,DR
HLA-DRB1*04:05_HLA-DRA*01:01,HLA-DRB1*04:05,esm3_small,ESM3 Small,0.9900629673356945,0.0013098476058645968,3.0,5.0,242,308,DR
HLA-DRB4*01:01_HLA-DRA*01:01,HLA-DRB4*01:01,esm3_small,ESM3 Small,0.9920121951219513,0.0006387904524315425,3.0,5.0,40,328,DR
HLA-DPB1*01:01_HLA-DPA1*02:01,HLA-DPB1*01:01,esm3_small,ESM3 Small,0.9975432462274568,0.00030495660617326127,3.0,5.0,416,209,DP
HLA-DPB1*04:01_HLA-DPA1*01:03,HLA-DPB1*04:01,esm3_small,ESM3 Small,0.9955808511983811,0.00044725565075338133,3.0,5.0,753,210,DP
HLA-DQB1*05:01_HLA-DQA1*01:01,HLA-DQB1*05:01,esm3_small,ESM3 Small,0.9618055555555557,0.009664806905463053,3.0,5.0,16,246,DQ
HLA-DRB1*04:01_HLA-DRA*01:01,HLA-DRB1*04:01,esm3_small,ESM3 Small,0.9586170102099986,0.002634430509492912,3.0,5.0,463,699,DR
HLA-DRB1*13:02_HLA-DRA*01:01,HLA-DRB1*13:02,esm3_small,ESM3 Small,0.9870286195286195,0.0018234934571474451,3.0,5.0,22,360,DR
HLA-DRB3*01:01_HLA-DRA*01:01,HLA-DRB3*01:01,esm3_small,ESM3 Small,0.9772523713812195,0.002166328311078177,3.0,5.0,138,548,DR
H2-IAbB_H2-IAbA,H2-IAbB,esm3_small,ESM3 Small,0.9431609521583816,0.0065466502597235875,3.0,5.0,389,154,H2
HLA-DPB1*14:01_HLA-DPA1*02:01,HLA-DPB1*14:01,esm3_small,ESM3 Small,0.997985657884135,0.0012404161081573568,3.0,5.0,591,7,DP
HLA-DPB1*02:01_HLA-DPA1*01:03,HLA-DPB1*02:01,esm3_small,ESM3 Small,0.9972186983233117,0.0003780913722000889,3.0,5.0,513,189,DP
HLA-DPB1*03:01_HLA-DPA1*01:03,HLA-DPB1*03:01,esm3_small,ESM3 Small,0.9801634636624698,0.0031576145559813326,3.0,5.0,503,27,DP
HLA-DRB5*01:01_HLA-DRA*01:01,HLA-DRB5*01:01,esm3_small,ESM3 Small,0.9728230138535482,0.001597647884099585,3.0,5.0,192,393,DR
HLA-DRB1*01:01_HLA-DRA*01:01,HLA-DRB1*01:01,esm3_small,ESM3 Small,0.9728290789107961,0.0011227428811898333,3.0,5.0,799,791,DR
HLA-DRB1*12:01_HLA-DRA*01:01,HLA-DRB1*12:01,esm3_small,ESM3 Small,0.9861190646623718,0.0014317883482346657,3.0,5.0,132,254,DR
HLA-DQB1*02:01_HLA-DQA1*05:01,HLA-DQB1*02:01,esm3_small,ESM3 Small,0.9931938159879335,0.0020699743131278934,3.0,5.0,208,221,DQ
HLA-DQB1*02:02_HLA-DQA1*02:01,HLA-DQB1*02:02,esm3_small,ESM3 Small,0.9946530920060331,0.0008145058232760399,3.0,5.0,442,40,DQ
HLA-DQB1*03:01_HLA-DQA1*02:01,HLA-DQB1*03:01,esm3_small,ESM3 Small,0.9867867867867868,0.01798314944424926,3.0,5.0,5,111,DQ
HLA-DRB1*08:01_HLA-DRA*01:01,HLA-DRB1*08:01,esm3_small,ESM3 Small,0.9699971289118577,0.0013586527863263312,3.0,5.0,258,135,DR
HLA-DRB3*02:02_HLA-DRA*01:01,HLA-DRB3*02:02,esm3_small,ESM3 Small,0.9865376428218022,0.0030273138245580384,3.0,5.0,233,373,DR
HLA-DRB1*03:01_HLA-DRA*01:01,HLA-DRB1*03:01,esm3_small,ESM3 Small,0.9788747394426839,0.0027194567207838864,3.0,5.0,239,643,DR
HLA-DRB1*11:01_HLA-DRA*01:01,HLA-DRB1*11:01,esm3_small,ESM3 Small,0.9905057666855738,0.00235248834914181,3.0,5.0,215,656,DR
HLA-DRB1*07:01_HLA-DRA*01:01,HLA-DRB1*07:01,esm3_small,ESM3 Small,0.9742574324630073,0.0014144834063817982,3.0,5.0,308,2870,DR
HLA-DRB1*10:01_HLA-DRA*01:01,HLA-DRB1*10:01,esm3_small,ESM3 Small,0.9460977487883317,0.008754578530999462,3.0,5.0,223,33,DR
HLA-DQB1*03:02_HLA-DQA1*03:01,HLA-DQB1*03:02,esm3_small,ESM3 Small,0.9837120560430205,0.0027293774074619603,3.0,5.0,267,566,DQ
HLA-DRB1*04:04_HLA-DRA*01:01,HLA-DRB1*04:04,esm3_small,ESM3 Small,0.9628552946587066,0.001310080758643381,3.0,5.0,126,2462,DR
HLA-DQB1*03:03_HLA-DQA1*02:01,HLA-DQB1*03:03,esm3_small,ESM3 Small,0.9882882882882883,0.0018018018018017834,3.0,5.0,6,111,DQ
HLA-DRB4*01:03_HLA-DRA*01:01,HLA-DRB4*01:03,esm3_small,ESM3 Small,0.9805321929199335,0.0048229327954518635,3.0,5.0,230,61,DR
HLA-DPB1*05:01_HLA-DPA1*02:02,HLA-DPB1*05:01,esm3_small,ESM3 Small,0.9826568546158098,0.0028632526207506385,3.0,5.0,720,402,DP
HLA-DQB1*06:03_HLA-DQA1*01:03,HLA-DQB1*06:03,esm3_small,ESM3 Small,0.9707462686567165,0.013442782387101709,3.0,5.0,5,67,DQ
H2-IAg7B_H2-IAg7A,H2-IAg7B,esm3_small,ESM3 Small,0.9026481952690603,0.01538757469623359,3.0,5.0,131,27,H2
HLA-DRB1*13:01_HLA-DRA*01:01,HLA-DRB1*13:01,esm3_small,ESM3 Small,0.992137421178517,0.002918683408216883,3.0,5.0,73,105,DR
HLA-DPB1*04:02_HLA-DPA1*01:03,HLA-DPB1*04:02,esm3_small,ESM3 Small,0.9917356363200192,0.004267778837980803,3.0,5.0,397,14,DP
HLA-DRB1*14:54_HLA-DRA*01:01,HLA-DRB1*14:54,esm3_small,ESM3 Small,0.9913146617692071,0.0034668884070607996,3.0,5.0,99,88,DR
H2-IAdB_H2-IAdA,H2-IAdB,esm3_small,ESM3 Small,0.7301020408163265,0.04617558344466955,3.0,5.0,8,49,H2
HLA-DRB3*03:01_HLA-DRA*01:01,HLA-DRB3*03:01,esm3_small,ESM3 Small,0.9961240310077519,0.002537417328325461,3.0,5.0,7,86,DR
HLA-DQB1*05:01_HLA-DQA1*01:02,HLA-DQB1*05:01,esm3_small,ESM3 Small,0.952536231884058,0.02934321286876878,3.0,5.0,8,92,DQ
H2-IEkB_H2-IEkA,H2-IEkB,esm3_small,ESM3 Small,0.6607142857142857,0.016366341767699417,3.0,5.0,8,7,H2
HLA-DRB1*01:03_HLA-DRA*01:01,HLA-DRB1*01:03,esm3_small,ESM3 Small,0.8383838383838382,0.010642074497831071,3.0,5.0,11,6,DR
HLA-DQB1*06:02,HLA-DQB1*06:02,deepneo,DeepNeo,0.8875017565554649,0.004843727120917768,3.0,5.0,91,391,DQ
HLA-DQB1*03:01,HLA-DQB1*03:01,deepneo,DeepNeo,0.9270983625329211,0.005741614470135787,3.0,5.0,426,246,DQ
HLA-DRB1*15:01,HLA-DRB1*15:01,deepneo,DeepNeo,0.9527669991036681,0.0009683998355594757,3.0,5.0,252,2798,DR
HLA-DRB1*04:05,HLA-DRB1*04:05,deepneo,DeepNeo,0.974059962076491,0.002799060940891276,3.0,5.0,242,308,DR
HLA-DRB4*01:01,HLA-DRB4*01:01,deepneo,DeepNeo,0.9817174796747968,0.0020973711568016704,3.0,5.0,40,328,DR
HLA-DPB1*01:01,HLA-DPB1*01:01,deepneo,DeepNeo,0.9831826625386997,0.0011493204961654248,3.0,5.0,425,209,DP
HLA-DPB1*04:01,HLA-DPB1*04:01,deepneo,DeepNeo,0.9749218980253462,0.0024022366619470582,3.0,5.0,754,210,DP
HLA-DPB1*04:02,HLA-DPB1*04:02,deepneo,DeepNeo,0.98559222177536,0.002348915833772356,3.0,5.0,397,238,DP
HLA-DQB1*05:01,HLA-DQB1*05:01,deepneo,DeepNeo,0.8591839250493097,0.0155089759965833,3.0,5.0,32,338,DQ
HLA-DRB1*04:01,HLA-DRB1*04:01,deepneo,DeepNeo,0.9356540403806322,0.0005239266936944432,3.0,5.0,463,699,DR
HLA-DRB1*13:02,HLA-DRB1*13:02,deepneo,DeepNeo,0.9771969696969697,0.0015291858441619584,3.0,5.0,22,360,DR
HLA-DRB3*01:01,HLA-DRB3*01:01,deepneo,DeepNeo,0.9680004584082654,0.0011713210447720816,3.0,5.0,138,548,DR
H2-IAbB,H2-IAbB,deepneo,DeepNeo,0.8887178802345898,0.0014410576327609059,3.0,5.0,389,154,H2
HLA-DPB1*14:01,HLA-DPB1*14:01,deepneo,DeepNeo,0.9937741312741313,0.0012314045195146487,3.0,5.0,592,7,DP
HLA-DPB1*02:01,HLA-DPB1*02:01,deepneo,DeepNeo,0.9889853073380959,0.00047119717078527055,3.0,5.0,514,189,DP
HLA-DPB1*03:01,HLA-DPB1*03:01,deepneo,DeepNeo,0.9226161310467406,0.0041991154011331204,3.0,5.0,514,27,DP
HLA-DRB5*01:01,HLA-DRB5*01:01,deepneo,DeepNeo,0.9432216567712751,0.0009625711052647062,3.0,5.0,192,393,DR
HLA-DRB1*01:01,HLA-DRB1*01:01,deepneo,DeepNeo,0.9605983459096311,0.0011657259079447346,3.0,5.0,799,791,DR
HLA-DRB1*12:01,HLA-DRB1*12:01,deepneo,DeepNeo,0.9602680346774836,0.0027661469078945618,3.0,5.0,132,254,DR
HLA-DQB1*02:01,HLA-DQB1*02:01,deepneo,DeepNeo,0.9400696717871234,0.0011122778498821742,3.0,5.0,209,228,DQ
HLA-DQB1*02:02,HLA-DQB1*02:02,deepneo,DeepNeo,0.9607153558052435,0.004056542878536518,3.0,5.0,445,40,DQ
HLA-DRB1*08:01,HLA-DRB1*08:01,deepneo,DeepNeo,0.9576629342520816,0.0013381734970019008,3.0,5.0,258,135,DR
HLA-DRB3*02:02,HLA-DRB3*02:02,deepneo,DeepNeo,0.961868928035838,0.0016565320350985474,3.0,5.0,233,373,DR
HLA-DRB1*03:01,HLA-DRB1*03:01,deepneo,DeepNeo,0.975910513609714,0.0010151386446901982,3.0,5.0,239,643,DR
HLA-DRB1*11:01,HLA-DRB1*11:01,deepneo,DeepNeo,0.9844342030629609,0.0006769090486218503,3.0,5.0,215,656,DR
HLA-DPB1*05:01,HLA-DPB1*05:01,deepneo,DeepNeo,0.9656530615189288,0.0014676197995285099,3.0,5.0,722,640,DP
HLA-DRB1*07:01,HLA-DRB1*07:01,deepneo,DeepNeo,0.9605456506327587,0.001129473212872609,3.0,5.0,308,2870,DR
HLA-DRB1*10:01,HLA-DRB1*10:01,deepneo,DeepNeo,0.9204692666576074,0.017494132787321582,3.0,5.0,223,33,DR
HLA-DQB1*03:02,HLA-DQB1*03:02,deepneo,DeepNeo,0.9619791666666666,0.0015894689867176706,3.0,5.0,270,704,DQ
HLA-DRB1*04:04,HLA-DRB1*04:04,deepneo,DeepNeo,0.9373776643069901,0.001292375903272531,3.0,5.0,126,2462,DR
HLA-DQB1*03:03,HLA-DQB1*03:03,deepneo,DeepNeo,0.9614427860696516,0.00795995607527332,3.0,5.0,8,134,DQ
HLA-DRB4*01:03,HLA-DRB4*01:03,deepneo,DeepNeo,0.954568781183179,0.0035294136573457116,3.0,5.0,230,61,DR
HLA-DQB1*04:02,HLA-DQB1*04:02,deepneo,DeepNeo,0.9135313531353136,0.050216796274835704,3.0,5.0,5,202,DQ
HLA-DQB1*06:03,HLA-DQB1*06:03,deepneo,DeepNeo,0.7805259417199716,0.00939457662650078,3.0,5.0,7,67,DQ
H2-IAg7B,H2-IAg7B,deepneo,DeepNeo,0.8606728866270851,0.011498692140030105,3.0,5.0,131,27,H2
HLA-DRB1*13:01,HLA-DRB1*13:01,deepneo,DeepNeo,0.9796042617960427,0.0015658476212002154,3.0,5.0,73,105,DR
HLA-DRB1*14:54,HLA-DRB1*14:54,deepneo,DeepNeo,0.9853305785123968,0.0023222748347227554,3.0,5.0,99,88,DR
H2-IAdB,H2-IAdB,deepneo,DeepNeo,0.752891156462585,0.05964443559767177,3.0,5.0,8,49,H2
HLA-DRB3*03:01,HLA-DRB3*03:01,deepneo,DeepNeo,0.9774086378737543,0.004710115242112233,3.0,5.0,7,86,DR
H2-IEkB,H2-IEkB,deepneo,DeepNeo,0.6571428571428571,0.12016145600900513,3.0,5.0,8,7,H2
HLA-DRB1*01:03,HLA-DRB1*01:03,deepneo,DeepNeo,0.9383838383838384,0.03837054527923745,3.0,5.0,11,6,DR
HLA-DQB1*06:02_HLA-DQA1*01:02,HLA-DQB1*06:02,netmhcpan,netmhcpan,0.9752257110282563,,,,83,391,DQ
HLA-DRB1*15:01_HLA-DRA*01:01,HLA-DRB1*15:01,netmhcpan,netmhcpan,0.9572490838127006,,,,252,2798,DR
HLA-DRB1*04:05_HLA-DRA*01:01,HLA-DRB1*04:05,netmhcpan,netmhcpan,0.9910580122356982,,,,242,308,DR
HLA-DRB4*01:01_HLA-DRA*01:01,HLA-DRB4*01:01,netmhcpan,netmhcpan,0.9815548780487805,,,,40,328,DR
HLA-DPB1*01:01_HLA-DPA1*02:01,HLA-DPB1*01:01,netmhcpan,netmhcpan,0.9792510121457491,,,,416,209,DP
HLA-DPB1*04:01_HLA-DPA1*01:03,HLA-DPB1*04:01,netmhcpan,netmhcpan,0.9611522165307026,,,,753,210,DP
HLA-DQB1*05:01_HLA-DQA1*01:01,HLA-DQB1*05:01,netmhcpan,netmhcpan,0.594385162601626,,,,16,246,DQ
HLA-DRB1*04:01_HLA-DRA*01:01,HLA-DRB1*04:01,netmhcpan,netmhcpan,0.9382054585847724,,,,463,699,DR
HLA-DRB1*13:02_HLA-DRA*01:01,HLA-DRB1*13:02,netmhcpan,netmhcpan,0.9894570707070707,,,,22,360,DR
HLA-DRB3*01:01_HLA-DRA*01:01,HLA-DRB3*01:01,netmhcpan,netmhcpan,0.992323865439543,,,,138,548,DR
H2-IAbB_H2-IAbA,H2-IAbB,netmhcpan,netmhcpan,0.9243064133809635,,,,389,154,H2
HLA-DPB1*14:01_HLA-DPA1*02:01,HLA-DPB1*14:01,netmhcpan,netmhcpan,0.9968576262992507,,,,591,7,DP
HLA-DPB1*02:01_HLA-DPA1*01:03,HLA-DPB1*02:01,netmhcpan,netmhcpan,0.9777839660880596,,,,513,189,DP
HLA-DPB1*03:01_HLA-DPA1*01:03,HLA-DPB1*03:01,netmhcpan,netmhcpan,0.9810396877991312,,,,503,27,DP
HLA-DRB5*01:01_HLA-DRA*01:01,HLA-DRB5*01:01,netmhcpan,netmhcpan,0.9330271946564885,,,,192,393,DR
HLA-DRB1*01:01_HLA-DRA*01:01,HLA-DRB1*01:01,netmhcpan,netmhcpan,0.9745960896126479,,,,799,791,DR
HLA-DRB1*12:01_HLA-DRA*01:01,HLA-DRB1*12:01,netmhcpan,netmhcpan,0.9841923168694822,,,,132,254,DR
HLA-DQB1*02:01_HLA-DQA1*05:01,HLA-DQB1*02:01,netmhcpan,netmhcpan,0.963615993734772,,,,208,221,DQ
HLA-DQB1*02:02_HLA-DQA1*02:01,HLA-DQB1*02:02,netmhcpan,netmhcpan,0.9375848416289592,,,,442,40,DQ
HLA-DQB1*03:01_HLA-DQA1*02:01,HLA-DQB1*03:01,netmhcpan,netmhcpan,0.9729729729729729,,,,5,111,DQ
HLA-DRB1*08:01_HLA-DRA*01:01,HLA-DRB1*08:01,netmhcpan,netmhcpan,0.9665948894631065,,,,258,135,DR
HLA-DRB3*02:02_HLA-DRA*01:01,HLA-DRB3*02:02,netmhcpan,netmhcpan,0.980571632397105,,,,233,373,DR
HLA-DRB1*03:01_HLA-DRA*01:01,HLA-DRB1*03:01,netmhcpan,netmhcpan,0.9864521040884453,,,,239,643,DR
HLA-DRB1*11:01_HLA-DRA*01:01,HLA-DRB1*11:01,netmhcpan,netmhcpan,0.9961393930799773,,,,215,656,DR
HLA-DRB1*07:01_HLA-DRA*01:01,HLA-DRB1*07:01,netmhcpan,netmhcpan,0.9923390198651523,,,,308,2870,DR
HLA-DRB1*10:01_HLA-DRA*01:01,HLA-DRB1*10:01,netmhcpan,netmhcpan,0.9987770077456176,,,,223,33,DR
HLA-DQB1*03:02_HLA-DQA1*03:01,HLA-DQB1*03:02,netmhcpan,netmhcpan,0.9708976853138525,,,,267,566,DQ
HLA-DRB1*04:04_HLA-DRA*01:01,HLA-DRB1*04:04,netmhcpan,netmhcpan,0.9275044163346355,,,,126,2462,DR
HLA-DQB1*03:03_HLA-DQA1*02:01,HLA-DQB1*03:03,netmhcpan,netmhcpan,0.8468468468468469,,,,6,111,DQ
HLA-DRB4*01:03_HLA-DRA*01:01,HLA-DRB4*01:03,netmhcpan,netmhcpan,0.9596578759800428,,,,230,61,DR
HLA-DPB1*05:01_HLA-DPA1*02:02,HLA-DPB1*05:01,netmhcpan,netmhcpan,0.9818753454947486,,,,720,402,DP
HLA-DQB1*06:03_HLA-DQA1*01:03,HLA-DQB1*06:03,netmhcpan,netmhcpan,0.9940298507462687,,,,5,67,DQ
HLA-DRB1*13:01_HLA-DRA*01:01,HLA-DRB1*13:01,netmhcpan,netmhcpan,0.9997390737116765,,,,73,105,DR
HLA-DPB1*04:02_HLA-DPA1*01:03,HLA-DPB1*04:02,netmhcpan,netmhcpan,0.9755307664627564,,,,397,14,DP
HLA-DRB1*14:54_HLA-DRA*01:01,HLA-DRB1*14:54,netmhcpan,netmhcpan,0.9966712580348944,,,,99,88,DR
H2-IAdB_H2-IAdA,H2-IAdB,netmhcpan,netmhcpan,0.846938775510204,,,,8,49,H2
HLA-DRB3*03:01_HLA-DRA*01:01,HLA-DRB3*03:01,netmhcpan,netmhcpan,1.0,,,,7,86,DR
HLA-DQB1*05:01_HLA-DQA1*01:02,HLA-DQB1*05:01,netmhcpan,netmhcpan,0.998641304347826,,,,8,92,DQ
H2-IEkB_H2-IEkA,H2-IEkB,netmhcpan,netmhcpan,0.4642857142857143,,,,8,7,H2
HLA-DRB1*01:03_HLA-DRA*01:01,HLA-DRB1*01:03,netmhcpan,netmhcpan,0.7424242424242424,,,,11,6,DR
HLA-DQB1*06:02_HLA-DQA1*01:02,HLA-DQB1*06:02,mixmhcpred,mixmhcpred,0.9388192154808492,,,,83,391,DQ
HLA-DRB1*15:01_HLA-DRA*01:01,HLA-DRB1*15:01,mixmhcpred,mixmhcpred,0.948521903400388,,,,252,2798,DR
HLA-DRB1*04:05_HLA-DRA*01:01,HLA-DRB1*04:05,mixmhcpred,mixmhcpred,0.987361811741977,,,,242,308,DR
HLA-DRB4*01:01_HLA-DRA*01:01,HLA-DRB4*01:01,mixmhcpred,mixmhcpred,0.9538490853658537,,,,40,328,DR
HLA-DPB1*01:01_HLA-DPA1*02:01,HLA-DPB1*01:01,mixmhcpred,mixmhcpred,0.9741327751196173,,,,416,209,DP
HLA-DPB1*04:01_HLA-DPA1*01:03,HLA-DPB1*04:01,mixmhcpred,mixmhcpred,0.9400619743249226,,,,753,210,DP
HLA-DQB1*05:01_HLA-DQA1*01:01,HLA-DQB1*05:01,mixmhcpred,mixmhcpred,0.5598323170731707,,,,16,246,DQ
HLA-DRB1*04:01_HLA-DRA*01:01,HLA-DRB1*04:01,mixmhcpred,mixmhcpred,0.9250904562828106,,,,463,699,DR
HLA-DRB1*13:02_HLA-DRA*01:01,HLA-DRB1*13:02,mixmhcpred,mixmhcpred,0.9590277777777777,,,,22,360,DR
HLA-DRB3*01:01_HLA-DRA*01:01,HLA-DRB3*01:01,mixmhcpred,mixmhcpred,0.9839270601925314,,,,138,548,DR
H2-IAbB_H2-IAbA,H2-IAbB,mixmhcpred,mixmhcpred,0.9100340533502487,,,,389,154,H2
HLA-DPB1*14:01_HLA-DPA1*02:01,HLA-DPB1*14:01,mixmhcpred,mixmhcpred,0.9579405366207396,,,,591,7,DP
HLA-DPB1*02:01_HLA-DPA1*01:03,HLA-DPB1*02:01,mixmhcpred,mixmhcpred,0.9565271202698103,,,,513,189,DP
HLA-DPB1*03:01_HLA-DPA1*01:03,HLA-DPB1*03:01,mixmhcpred,mixmhcpred,0.9703998232825272,,,,503,27,DP
HLA-DRB5*01:01_HLA-DRA*01:01,HLA-DRB5*01:01,mixmhcpred,mixmhcpred,0.9168853371501272,,,,192,393,DR
HLA-DRB1*01:01_HLA-DRA*01:01,HLA-DRB1*01:01,mixmhcpred,mixmhcpred,0.9656318185342296,,,,799,791,DR
HLA-DRB1*12:01_HLA-DRA*01:01,HLA-DRB1*12:01,mixmhcpred,mixmhcpred,0.974543664996421,,,,132,254,DR
HLA-DQB1*02:01_HLA-DQA1*05:01,HLA-DQB1*02:01,mixmhcpred,mixmhcpred,0.892740602158023,,,,208,221,DQ
HLA-DQB1*02:02_HLA-DQA1*02:01,HLA-DQB1*02:02,mixmhcpred,mixmhcpred,0.8551753393665158,,,,442,40,DQ
HLA-DQB1*03:01_HLA-DQA1*02:01,HLA-DQB1*03:01,mixmhcpred,mixmhcpred,0.954954954954955,,,,5,111,DQ
HLA-DRB1*08:01_HLA-DRA*01:01,HLA-DRB1*08:01,mixmhcpred,mixmhcpred,0.9481768590295722,,,,258,135,DR
HLA-DRB3*02:02_HLA-DRA*01:01,HLA-DRB3*02:02,mixmhcpred,mixmhcpred,0.9715104304502411,,,,233,373,DR
HLA-DRB1*03:01_HLA-DRA*01:01,HLA-DRB1*03:01,mixmhcpred,mixmhcpred,0.9825998685554768,,,,239,643,DR
HLA-DRB1*11:01_HLA-DRA*01:01,HLA-DRB1*11:01,mixmhcpred,mixmhcpred,0.9930835224049915,,,,215,656,DR
HLA-DRB1*07:01_HLA-DRA*01:01,HLA-DRB1*07:01,mixmhcpred,mixmhcpred,0.9819805194805196,,,,308,2870,DR
HLA-DRB1*10:01_HLA-DRA*01:01,HLA-DRB1*10:01,mixmhcpred,mixmhcpred,0.9993205598586764,,,,223,33,DR
HLA-DQB1*03:02_HLA-DQA1*03:01,HLA-DQB1*03:02,mixmhcpred,mixmhcpred,0.9482338772647265,,,,267,566,DQ
HLA-DRB1*04:04_HLA-DRA*01:01,HLA-DRB1*04:04,mixmhcpred,mixmhcpred,0.8897399197967841,,,,126,2462,DR
HLA-DQB1*03:03_HLA-DQA1*02:01,HLA-DQB1*03:03,mixmhcpred,mixmhcpred,0.7897897897897899,,,,6,111,DQ
HLA-DRB4*01:03_HLA-DRA*01:01,HLA-DRB4*01:03,mixmhcpred,mixmhcpred,0.9621525302922308,,,,230,61,DR
HLA-DPB1*05:01_HLA-DPA1*02:02,HLA-DPB1*05:01,mixmhcpred,mixmhcpred,0.9679933665008291,,,,720,402,DP
HLA-DQB1*06:03_HLA-DQA1*01:03,HLA-DQB1*06:03,mixmhcpred,mixmhcpred,0.9582089552238806,,,,5,67,DQ
H2-IAg7B_H2-IAg7A,H2-IAg7B,mixmhcpred,mixmhcpred,0.9150409951936669,,,,131,27,H2
HLA-DRB1*13:01_HLA-DRA*01:01,HLA-DRB1*13:01,mixmhcpred,mixmhcpred,0.9973907371167645,,,,73,105,DR
HLA-DPB1*04:02_HLA-DPA1*01:03,HLA-DPB1*04:02,mixmhcpred,mixmhcpred,0.9535804246131703,,,,397,14,DP
HLA-DRB1*14:54_HLA-DRA*01:01,HLA-DRB1*14:54,mixmhcpred,mixmhcpred,0.9949494949494949,,,,99,88,DR
H2-IAdB_H2-IAdA,H2-IAdB,mixmhcpred,mixmhcpred,0.8520408163265306,,,,8,49,H2
HLA-DRB3*03:01_HLA-DRA*01:01,HLA-DRB3*03:01,mixmhcpred,mixmhcpred,0.9999999999999999,,,,7,86,DR
HLA-DQB1*05:01_HLA-DQA1*01:02,HLA-DQB1*05:01,mixmhcpred,mixmhcpred,0.8362771739130435,,,,8,92,DQ
H2-IEkB_H2-IEkA,H2-IEkB,mixmhcpred,mixmhcpred,0.4642857142857143,,,,8,7,H2
HLA-DRB1*01:03_HLA-DRA*01:01,HLA-DRB1*01:03,mixmhcpred,mixmhcpred,0.6818181818181818,,,,11,6,DR
