model,lr,serotype,roc_auc,roc_auc_sd,pr_auc,pr_auc_sd,f1,f1_sd,accuracy,accuracy_sd,mcc,mcc_sd,n_seeds,seeds,n
af3,e5,DP,0.9505879280581917,0.0038208442277569013,0.9879781763395558,0.0007823217158458737,0.9444566930390823,0.004323060616411851,0.9092167399446344,0.00649296520709555,0.6966005859120434,0.01637517373877608,3.0,s100|s128|s42,
af3,e5,DQ,0.8488559264021779,0.0112476555817658,0.8751992732834536,0.009159581279876792,0.771465461150056,0.011899056591154016,0.7572854291417165,0.009433194406970052,0.5152854639600147,0.019563389755319977,3.0,s100|s128|s42,
af3,e5,DR,0.8521952572236513,0.005566388747195289,0.8710919480243534,0.004256633976499699,0.7850226910241488,0.004242970971321788,0.7682607788802479,0.005454226125007807,0.5345909496779546,0.011106414659753303,3.0,s100|s128|s42,
af3,e5,H2,0.8175588950226039,0.00419126074291621,0.9116485534540244,0.00475193830278454,0.8450905226079728,0.008644592990523399,0.772972972972973,0.005609133738842345,0.42972146133225436,0.011786632413280745,3.0,s100|s128|s42,
blosum,e3,DP,0.949355408764322,0.004340764937768182,0.987783957183951,0.0011509019073234008,0.9425805715380982,0.0028862526541222878,0.9065787331053574,0.0044703119533188685,0.6925715887369401,0.013655548684703377,3.0,s100|s128|s42,
blosum,e3,DQ,0.838578142823188,0.00847635218433123,0.8602203229721049,0.007357705211988215,0.7610441348214877,0.0066333267756807385,0.7532229658330398,0.0073018422166063164,0.5066103751888659,0.014524363720504807,3.0,s100|s128|s42,
blosum,e3,DR,0.8474218739301828,0.004705856696905891,0.8623884051969154,0.004487662565649866,0.7790005835045285,0.0032758809585238286,0.7651281745677027,0.004168035149665874,0.5286962259688961,0.008635753106425366,3.0,s100|s128|s42,
blosum,e3,H2,0.8128843984037196,0.0014386543386745818,0.8991354974860193,0.004432828443217519,0.8595342756887684,0.004045593053171615,0.7841441441441441,0.005614687337963984,0.42900530504081696,0.0201004497167414,3.0,s100|s128|s42,
boltz,e5,DP,0.962131516774436,0.004223039052349478,0.9910743708500366,0.0010404375402667148,0.9501102296659077,0.0015203336725093924,0.9187835857352223,0.0031124691607855846,0.7340715440875982,0.018922063053880785,3.0,s100|s128|s42,
boltz,e5,DQ,0.8424579188367343,0.008880242931628762,0.8640374852961084,0.008434293790475935,0.7696016247593365,0.011739873973218573,0.7532347070564752,0.009761745240776084,0.5070227964508475,0.0190925190048559,3.0,s100|s128|s42,
boltz,e5,DR,0.8625040622898851,0.0034418542750785145,0.8792112080967552,0.0030193313013021374,0.79539931031327,0.001655188119000654,0.7787729805428919,0.002492931840921518,0.5560535889533345,0.005171566714797058,3.0,s100|s128|s42,
boltz,e5,H2,0.8193893545968786,0.01246945982804698,0.9134794969990002,0.008320624903397718,0.8461578969019423,0.008114220454778233,0.7773693693693694,0.007602493407700053,0.4463302542459253,0.005959201683812126,3.0,s100|s128|s42,
chai,e5,DP,0.9800677316165731,0.0008244580554087532,0.9954900779988692,0.00019006649581041588,0.9645893727183604,0.001404217128474208,0.942615209249308,0.0022459073951938955,0.8145481549833381,0.006954561852605074,3.0,s100|s128|s42,
chai,e5,DQ,0.8826881225322057,0.0013905654569937574,0.9023327012646934,0.0014466234021510524,0.7974355745194334,0.005122064595834394,0.7926147704590818,0.0024531290785017213,0.5869671397478983,0.005496751928209419,3.0,s100|s128|s42,
chai,e5,DR,0.8949958222218508,0.000841855622888583,0.9090255388239701,0.0008165177623169501,0.8230940795955494,0.0016478947682516847,0.8114934993991042,0.0007371565706127334,0.6220325670598136,0.0016514934068981469,3.0,s100|s128|s42,
chai,e5,H2,0.8544113526734667,0.0009301783945743092,0.9335009778078466,7.959257015913204e-05,0.8614425749328382,0.0013816660417897964,0.8005765765765767,0.003120812265889861,0.5084131577976277,0.014346492269711303,3.0,s100|s128|s42,
deepneo,e3,DP,0.9623501059388572,0.0027458986869529265,0.9909631405461047,0.0007238947770706289,0.9528179582872296,0.0014053771711336279,0.9226780975709329,0.002475348194386887,0.7393470643597088,0.011863991846646518,3.0,s100|s128|s42,
deepneo,e3,DQ,0.853828078985908,0.002531923043560382,0.8854583932385832,0.002171668806408617,0.7816880486612671,0.0008442314513689293,0.7660219341974077,0.004360657844972759,0.5313982298674738,0.011693782456754585,3.0,s100|s128|s42,
deepneo,e3,DR,0.8751149794455131,0.0019114766603388774,0.8928074775206523,0.002053273664874437,0.8016234663007351,0.004123313381832489,0.7907471966469016,0.0018375167861633046,0.5810668599284924,0.0036585263579194944,3.0,s100|s128|s42,
deepneo,e3,H2,0.8420568390922102,0.003293232409890428,0.9226562052921837,0.0006749939423121389,0.8643992362197509,0.0045787049517366256,0.8018018018018017,0.008756979198598372,0.5005288683647117,0.028225567308105177,3.0,s100|s128|s42,
esm3_large,e5,DP,0.9858037800017289,0.000629952564103051,0.9968262880693857,0.00014071977966298587,0.969446423672768,0.0003629573103127486,0.9504233838137109,0.00072637378048167,0.8392206619433663,0.004502836052655252,3.0,s100|s128|s42,
esm3_large,e5,DQ,0.8962175061683458,0.0018302012199421993,0.9150166816162866,0.0015977757585954502,0.8112953243316658,0.0016098647186858605,0.8066572736879182,0.003448143660070182,0.6152737647467862,0.007160372342092809,3.0,s100|s128|s42,
esm3_large,e5,DR,0.9117998183253988,0.0026689590333500188,0.9249222930753328,0.002705698531399795,0.8375804861176223,0.0025629246770584135,0.8288787580822979,0.002995031951972981,0.6575337971415948,0.00663529403810351,3.0,s100|s128|s42,
esm3_large,e5,H2,0.8884069000507356,0.00402883578174058,0.952135442514547,0.002197087998075659,0.8703260612171314,0.0031160592281406995,0.8154954954954956,0.0017476548688984273,0.5526126063818919,0.011793460199755145,3.0,s100|s128|s42,
esm3_medium,e5,DP,0.9830538264430214,0.0013342092258110468,0.9961621972486663,0.0003147049009466096,0.9672279974938559,0.0013582245260616986,0.9467920534114965,0.0020733814092033596,0.8268827021909767,0.006509786572813446,3.0,s100|s128|s42,
esm3_medium,e5,DQ,0.8823026651431026,0.005728306953592382,0.9023838220142807,0.004638108423402184,0.7926161805593348,0.008141862993799931,0.792133380298227,0.007664717062274522,0.5889102764702531,0.014887719216932596,3.0,s100|s128|s42,
esm3_medium,e5,DR,0.902536680291834,0.0039013538196757108,0.9165395762122251,0.003482525542790031,0.8286005123020508,0.004868738305998819,0.8192644239841881,0.004431511791849274,0.6379183393712032,0.00871206311661223,3.0,s100|s128|s42,
esm3_medium,e5,H2,0.8711817624207727,0.0034232910115378273,0.9431252337951218,0.00220945723825453,0.8605658306805329,0.004265807709165809,0.8041801801801801,0.0016228223782626561,0.5343658585843413,0.012072410261967597,3.0,s100|s128|s42,
esm3_small,e5,DP,0.9826796541384265,0.0007968955435616665,0.9960972177247633,0.000198310493555703,0.966741888153163,0.0018277711326660459,0.9461651196873474,0.0028245570152366766,0.8268746295649828,0.0069802525480732016,3.0,s100|s128|s42,
esm3_small,e5,DQ,0.8866036547304242,0.0036368579904175265,0.9055578863562507,0.0032126590107192728,0.7992894934905738,0.006992349465549761,0.7961958436069039,0.0026795468122097353,0.5954510538810297,0.003631032515580785,3.0,s100|s128|s42,
esm3_small,e5,DR,0.9045512001052258,0.0008503495783322645,0.918729690125394,0.0005257151264936524,0.8291376755091203,0.00372997134966769,0.8209548781820168,0.0017517531901913507,0.6418523238131715,0.0027268064584006833,3.0,s100|s128|s42,
esm3_small,e5,H2,0.8710007799662267,0.001853635118395472,0.9427396894141425,0.0016024126115233553,0.8683962470674914,0.002709424726448875,0.8116036036036037,0.0010217979732437973,0.5388918987523379,0.009019900079042154,3.0,s100|s128|s42,
esmc_large,e5,DP,0.9796398757932555,0.0007174526166497526,0.995308605888721,0.00014532047704398702,0.9632279858791503,0.002803178603726381,0.9404901481843347,0.0040182299022541385,0.8089208898828671,0.006122738903691009,3.0,s100|s128|s42,
esmc_large,e5,DQ,0.8813944108139896,0.0004664568968823626,0.9020838550931994,0.0009823152040854771,0.7900556416589414,0.00546818042005888,0.7897851356111306,0.003261186896541806,0.5851920726727136,0.004592063304393488,3.0,s100|s128|s42,
esmc_large,e5,DR,0.8886938282325451,0.00046286498054287314,0.9042488155910936,0.000763742118588551,0.8110028103629311,0.002897702127231496,0.8045827001579214,0.0005172244977739199,0.6105241361161492,0.0002159378872053274,3.0,s100|s128|s42,
esmc_large,e5,H2,0.8615722756082601,0.007912433631183905,0.9391899163657801,0.0039845861200674005,0.8517066408444501,0.01037757385707458,0.7918558558558559,0.01102773359333196,0.505281138513574,0.015384577534243686,3.0,s100|s128|s42,
esmc_medium,e5,DP,0.9838480577971694,0.0005716343683864305,0.9964102365160374,0.00012875024814977616,0.9670502949153992,0.0026164603581428,0.9467350594365739,0.0039052056913777065,0.8297712079143342,0.007751873065672683,3.0,s100|s128|s42,
esmc_medium,e5,DQ,0.8930671165423716,0.001143028420203429,0.911895218197786,0.0005782608969703959,0.8047271877606628,0.0035210247966063223,0.8019255606434191,0.002237835297471063,0.6069797926628917,0.00400614745933406,3.0,s100|s128|s42,
esmc_medium,e5,DR,0.9037309127154791,0.0023938187704322564,0.9174976424626395,0.0021669395649863243,0.8282756153889871,0.002843861663477278,0.8199000824369556,0.0034613433861867245,0.6399500599373494,0.006772163515567189,3.0,s100|s128|s42,
esmc_medium,e5,H2,0.8720692579719364,0.0037676770700351223,0.9434288034737025,0.0015641857933840337,0.8637832637073801,0.007201954415265563,0.8056936936936937,0.006116792041144166,0.5283706450891872,0.0052977288325927845,3.0,s100|s128|s42,
esmc_small,e5,DP,0.9819095712631909,0.0009700890900236257,0.9959036985070665,0.00024001218637801017,0.9663020617218442,0.0005239665228974041,0.9453590620420127,0.0011131928544314757,0.8229648260877397,0.007275641703249321,3.0,s100|s128|s42,
esmc_small,e5,DQ,0.8930439116942822,0.003027756740028919,0.9116621243945305,0.00281693071801629,0.8062114973246984,0.005741328227361188,0.8032875425619349,0.005776717726559099,0.6088913758566988,0.011132612546304058,3.0,s100|s128|s42,
esmc_small,e5,DR,0.9007217721812079,0.001982819789991376,0.9147852012311349,0.001676449404771205,0.8263250606800584,0.001315092109617457,0.817871934686094,0.0029844899740982386,0.6356969707520764,0.00624506356678933,3.0,s100|s128|s42,
esmc_small,e5,H2,0.87109732918361,0.0010846787651797622,0.9442377835922121,0.0004711032724086277,0.8619743690188736,0.0006181285607709278,0.804972972972973,0.0017698060047291746,0.5311097989090028,0.007363490100257695,3.0,s100|s128|s42,
netmhcpan,,DR,0.792887177631426,,0.8417552220278861,,,,,,,,,,33561.0
netmhcpan,,DP,0.9630717977582437,,0.9914838112774849,,,,,,,,,,8188.0
netmhcpan,,DQ,0.8217073936612974,,0.8633199054512368,,,,,,,,,,5678.0
netmhcpan,,H2,0.8914819088773765,,0.9502199654156314,,,,,,,,,,748.0
mixmhcpred,,DR,0.7707855311853891,,0.8234537198327657,,,,,,,,,,33561.0
mixmhcpred,,DP,0.9472387849865325,,0.9879259327516409,,,,,,,,,,8188.0
mixmhcpred,,DQ,0.7728028655335409,,0.8119502797542572,,,,,,,,,,5678.0
mixmhcpred,,H2,0.8725456179468511,,0.945559677281366,,,,,,,,,,924.0
