model,lr,stratum,roc_auc,roc_auc_sd,pr_auc,pr_auc_sd,f1,f1_sd,accuracy,accuracy_sd,mcc,mcc_sd,n_seeds,seeds,n
af3,e5,"9-mer overlap, not exact",0.8942697396664867,0.008089961628988767,0.9762556111095607,0.0019699851763435488,0.9159629016598082,0.0044464323673255954,0.86172733352441,0.0068236863987825745,0.5278723823210988,0.02422806236908513,3.0,s100|s128|s42,
af3,e5,>=1 9-mer overlap,0.8659816617949104,0.0057869584026680725,0.889523130295947,0.0041085347029915596,0.7966712810673275,0.005079877948313081,0.7775994805676655,0.006249318313064374,0.5526511721203126,0.012716767698761632,3.0,s100|s128|s42,
af3,e5,Exact 15-mer match,0.8503883607350285,0.006251172166941399,0.8521736925802218,0.005137578972538104,0.7582779467389922,0.005546667491080779,0.7613585643409136,0.006694851256978759,0.5248923324490445,0.012624345494593413,3.0,s100|s128|s42,
af3,e5,No 9-mer overlap,0.8313297665136185,0.013567619872783336,0.9940208974515682,0.0005867816740410458,0.9471124541917563,0.004015049932078747,0.9009053812802857,0.007105274889553405,0.21465634765259237,0.019235108460516397,3.0,s100|s128|s42,
af3,e5,Overall,0.8760334497641095,0.005630896725230394,0.9130479037141944,0.003540779287335391,0.8225541107752727,0.004781856943188145,0.7909317780719171,0.005906363267337678,0.568846043181855,0.012819089179343336,3.0,s100|s128|s42,
blosum,e3,"9-mer overlap, not exact",0.8713034926117827,0.007694223413468481,0.9697179018288352,0.002217854661572254,0.911009255636861,0.0022728248685594176,0.8529760198719787,0.0031857279659768885,0.4891563761873708,0.007387919077329163,3.0,s100|s128|s42,
blosum,e3,>=1 9-mer overlap,0.8636653974158882,0.004778251738018157,0.8850763896649624,0.004365941999760708,0.7939507331960195,0.0034120202551128497,0.7773799585690876,0.004498885331075239,0.5523421649022761,0.009242932362609493,3.0,s100|s128|s42,
blosum,e3,Exact 15-mer match,0.8491947437266768,0.0050762265899703275,0.8476947949354323,0.00532112733005826,0.7554505494575693,0.004115832097452216,0.7627861081908556,0.005208473587786673,0.5258998253357093,0.010009650082665241,3.0,s100|s128|s42,
blosum,e3,No 9-mer overlap,0.7559353301615962,0.01970186506635606,0.9900326232576767,0.0012819333068370671,0.9331062187987255,0.003738191459163808,0.8760392756949757,0.0064825188093439136,0.1462306690480671,0.012872507842495103,3.0,s100|s128|s42,
blosum,e3,Overall,0.8713232960301921,0.004757517613977041,0.9072839539560613,0.003886339336735408,0.8179140495793097,0.00330484093062068,0.7880473748069711,0.004289697648292041,0.5645911863235478,0.00935776279472232,3.0,s100|s128|s42,
boltz,e5,"9-mer overlap, not exact",0.8853187547357196,0.0017971725514365573,0.9740292544895807,0.0006615879708042784,0.9144811605660855,0.0013393314032621806,0.8585841215247921,0.0018018038000001198,0.5068024197647496,0.0009811943090995538,3.0,s100|s128|s42,
boltz,e5,>=1 9-mer overlap,0.8745715429834418,0.004229970659489165,0.8963636724487256,0.0036303526569930584,0.8056460756035588,0.002480104081519657,0.7870806666048296,0.0038202215601551015,0.5720907301822026,0.007884201392542107,3.0,s100|s128|s42,
boltz,e5,Exact 15-mer match,0.8616476541311097,0.004576871851740462,0.8628910658523914,0.004566123492954814,0.7704335652290535,0.0027294038781167733,0.7732768955532193,0.004429950557299003,0.5491996194998251,0.008161164810091581,3.0,s100|s128|s42,
boltz,e5,No 9-mer overlap,0.8292140904148182,0.003332636896987396,0.9940173518259545,0.0002475721755184654,0.9475209890791669,0.002201350773500928,0.901542973731191,0.0040006474917560295,0.1955713283230888,0.005875708182430812,3.0,s100|s128|s42,
boltz,e5,Overall,0.883721534413208,0.0040495450202179106,0.9184354249570864,0.0030162039396496193,0.8300522388456457,0.0022904982893099343,0.7994567615265828,0.003441410459196961,0.586555940388953,0.007792458521765319,3.0,s100|s128|s42,
chai,e5,"9-mer overlap, not exact",0.9174262859889962,0.002775205067920726,0.9819148250123417,0.0006607453612849807,0.9276658923807165,0.0027274997429449755,0.8800133753702112,0.0038506107000891303,0.5764241960250889,0.00878926053435843,3.0,s100|s128|s42,
chai,e5,>=1 9-mer overlap,0.9053885171119296,0.0008886369157959433,0.9228407005534686,0.0007410600984854256,0.8323565188747031,0.0015295900570088633,0.8200955384472683,0.0010760869150711445,0.6388607963887147,0.002387945491503481,3.0,s100|s128|s42,
chai,e5,Exact 15-mer match,0.8938493857467386,0.0009594383804119342,0.8953980566390424,0.0009216318023342516,0.8005480675987532,0.0012653592416413276,0.8085283756616685,0.001310932008625541,0.6171985534927585,0.00248833027671276,3.0,s100|s128|s42,
chai,e5,No 9-mer overlap,0.8691846715368894,0.008723791688132275,0.9954948696092684,0.0004939058484042802,0.9596123891258211,0.0031540293658401854,0.923463402193318,0.005628421167845455,0.26428227310500857,0.009629828894061722,3.0,s100|s128|s42,
chai,e5,Overall,0.9138029647743537,0.0007336539659263775,0.9405280536989298,0.0005885071242090151,0.8548051905189533,0.0016194776038862984,0.8312720604456211,0.0009050193209779566,0.6539404005634694,0.0018644904156369187,3.0,s100|s128|s42,
deepneo,e3,"9-mer overlap, not exact",0.9062072511106655,0.004409394491809708,0.9787962969047578,0.0011291287519730215,0.9227457637386062,0.0007537529016292942,0.8726629369291828,0.0011332966529403517,0.562429327900896,0.011802010336380637,3.0,s100|s128|s42,
deepneo,e3,>=1 9-mer overlap,0.8823779174604439,0.0018807141953943052,0.9042749061252771,0.0017504189960779644,0.8106149386114657,0.0027516504162080706,0.7965444664342035,0.0018863574895289158,0.5912946793249684,0.004021886569989149,3.0,s100|s128|s42,
deepneo,e3,Exact 15-mer match,0.8670629867217734,0.0023817679259250696,0.8696557753225056,0.002569336813159284,0.7728241829737902,0.00407678030903377,0.7815859949820991,0.0024595069133580235,0.5630953766646893,0.004993396780468683,3.0,s100|s128|s42,
deepneo,e3,No 9-mer overlap,0.8606160281296898,0.006309749396885067,0.9946659374010335,0.000296176327345518,0.9621765105628038,0.0018444818633431095,0.928124601046853,0.003369993481174172,0.28185631256860627,0.008133341113478135,3.0,s100|s128|s42,
deepneo,e3,Overall,0.8942827071461861,0.0015157643588077645,0.9270332180788148,0.0012551024975635465,0.8377093775877326,0.0022321101536085233,0.8109595938404732,0.0015271384643069867,0.61176454362697,0.003554540906154574,3.0,s100|s128|s42,
esm3_large,e5,"9-mer overlap, not exact",0.9360275250411996,0.0021894440721669027,0.9860951528648852,0.00047115718981769443,0.9399389135386417,0.0012200835819263106,0.8996274004012611,0.0020554517792200815,0.6351141146599469,0.009986775570304775,3.0,s100|s128|s42,
esm3_large,e5,>=1 9-mer overlap,0.9187603910878939,0.00206656813089368,0.9345311459218119,0.0018323731326522845,0.84497683883739,0.0018320322565394855,0.835326036545775,0.0026230703150742288,0.6698521176116072,0.005806002466057128,3.0,s100|s128|s42,
esm3_large,e5,Exact 15-mer match,0.9065646024428363,0.002218057062432937,0.9086368867458482,0.0023414066960577703,0.8125290258918104,0.0020308396697252327,0.8229126321031374,0.0027328158695534297,0.6453189671354522,0.005501519124070807,3.0,s100|s128|s42,
esm3_large,e5,No 9-mer overlap,0.8962835012434023,0.002211395640885777,0.9964973764244797,4.1060591715126e-05,0.96834432570579,0.0004976018644430323,0.9395562356541699,0.0009760788693323949,0.32027374692237826,0.015607262790782657,3.0,s100|s128|s42,
esm3_large,e5,Overall,0.927396114944775,0.0019357454331247925,0.9505727925675602,0.001450900726415268,0.8670672984091131,0.001499008383257987,0.8465957974851092,0.002362780752664178,0.6862503321050787,0.005855466425472924,3.0,s100|s128|s42,
esm3_medium,e5,"9-mer overlap, not exact",0.9311762439486652,0.00416150531704156,0.9851365702144514,0.0009209232242739604,0.933818874562044,0.003376445541373863,0.890331518104519,0.005245160302407222,0.6147889840018533,0.013516974441309296,3.0,s100|s128|s42,
esm3_medium,e5,>=1 9-mer overlap,0.9105439564748125,0.0033461381468127553,0.9274192431133983,0.0026762044454290528,0.8359270456625391,0.0044470029969909276,0.8259499737191973,0.00414128649407117,0.6511149017726153,0.008159920865278227,3.0,s100|s128|s42,
esm3_medium,e5,Exact 15-mer match,0.8978090158064164,0.003466540996807994,0.8994070602512662,0.00328290825988651,0.8027958713271975,0.004984885216449721,0.8135210903926668,0.00418424413693214,0.62644785254704,0.00845713001735226,3.0,s100|s128|s42,
esm3_medium,e5,No 9-mer overlap,0.8863738071369625,0.0037838794377010442,0.9960750145419791,0.0001214887072276849,0.9640723650672253,0.0038636705468234806,0.9317138485080337,0.007092458745314318,0.30588561266993164,0.01774128059735828,3.0,s100|s128|s42,
esm3_medium,e5,Overall,0.9195864809113786,0.003304935112212637,0.944899415915466,0.002254085698879307,0.8588093816670836,0.004268614478093057,0.837385561438341,0.004330014908380085,0.6676994957006226,0.008403748887006202,3.0,s100|s128|s42,
esm3_small,e5,"9-mer overlap, not exact",0.9320522407991026,0.001391736105371198,0.9853622581213868,0.00024789591417916356,0.935109556546314,0.0025458126266513937,0.8924142543231107,0.0035431852930440213,0.6212933917517621,0.002690519981613078,3.0,s100|s128|s42,
esm3_small,e5,>=1 9-mer overlap,0.9122849605197753,0.0009887638016683243,0.9290985770069161,0.0006941807360940773,0.837219950271832,0.003148774455643347,0.8278947531150481,0.0012783005455650586,0.6552281471009512,0.001759400653742237,3.0,s100|s128|s42,
esm3_small,e5,Exact 15-mer match,0.899609172611156,0.0009915589088661549,0.9014591461011658,0.0007178595189963759,0.8039148087424884,0.003613635160810489,0.8154392371677824,0.0008963704354745931,0.6301873843035164,0.0019860853322202273,3.0,s100|s128|s42,
esm3_small,e5,No 9-mer overlap,0.8829496971341748,0.0022991858895542276,0.9959473307139222,7.93789818075942e-05,0.9638339110379096,0.003784196892574912,0.9312675337924,0.006861762728775205,0.3045247698274963,0.0011274598624314077,3.0,s100|s128|s42,
esm3_small,e5,Overall,0.9210836366459788,0.0011225998256721834,0.9461085894765647,0.0006955247734318174,0.8598867604775036,0.0031065109530542968,0.8390718067504963,0.0018809678376891096,0.6715714137654029,0.002258954850648694,3.0,s100|s128|s42,
esmc_large,e5,"9-mer overlap, not exact",0.9094644061827973,0.007242475705933003,0.9799692312496503,0.0018515828913844288,0.9225984359116035,0.004593720677433847,0.8725613833954333,0.006983200509666875,0.5637942526239256,0.01686911724220411,3.0,s100|s128|s42,
esmc_large,e5,>=1 9-mer overlap,0.8995577696059082,0.0005670666439946939,0.9189365546490529,0.0005960130628123775,0.8224324629100498,0.0026020534851033993,0.814312215935442,0.0007753434013692409,0.629143907588914,0.0011104133102442148,3.0,s100|s128|s42,
esmc_large,e5,Exact 15-mer match,0.8868166402210343,0.000464588262996672,0.8899863728278253,0.0002869804443743688,0.7881488599785672,0.0022099622214317794,0.803067190468286,0.000873292078813321,0.6055582568522584,0.0018515765058630196,3.0,s100|s128|s42,
esmc_large,e5,No 9-mer overlap,0.8675264326818164,0.00948730731064825,0.9954645740467534,0.00033212110806979297,0.9570097222513579,0.005532665648733335,0.9188599846977811,0.009974432395791164,0.2670704725649894,0.0204939326243978,3.0,s100|s128|s42,
esmc_large,e5,Overall,0.90935710186299,0.0009579029212872139,0.9379065581767948,0.0008217876069018607,0.8466204733786334,0.002949306046709465,0.8256163136995367,0.0015622696924507964,0.6461425302686871,0.0011721174691253396,3.0,s100|s128|s42,
esmc_medium,e5,"9-mer overlap, not exact",0.9261176199435374,0.00042981939505384273,0.9839423152132163,4.288271349764922e-05,0.9338877857795341,0.001464418010188265,0.8899015954905894,0.001943143118864813,0.6052312198448212,0.0010402163784849166,3.0,s100|s128|s42,
esmc_medium,e5,>=1 9-mer overlap,0.9133090928083353,0.0016854348770729305,0.9298364204446786,0.0014229254636614474,0.8378298472004005,0.0022153643900350317,0.8284837522802461,0.002672317567676258,0.6565971644990171,0.005253264154440901,3.0,s100|s128|s42,
esmc_medium,e5,Exact 15-mer match,0.9013984312564519,0.002322412982126148,0.9032561487914127,0.0023582267863932007,0.8049610287822023,0.0031783479961254827,0.8166270126708349,0.0034152907326439517,0.6328763288931178,0.006437110195097706,3.0,s100|s128|s42,
esmc_medium,e5,No 9-mer overlap,0.8752842655619126,0.003897261490281453,0.9958389271181268,0.0001494354752906473,0.960849148673485,0.0022772070511316513,0.9257077276205051,0.004111003100844594,0.2636049734808638,0.0073519896976440985,3.0,s100|s128|s42,
esmc_medium,e5,Overall,0.9214219975125341,0.0012666344190565037,0.9462958576689532,0.0008894592672803706,0.8598201438632822,0.0017748839966623736,0.8389959739686742,0.0022300720547264,0.671604126793223,0.0046164343462958835,3.0,s100|s128|s42,
esmc_small,e5,"9-mer overlap, not exact",0.926183994207337,0.0030126458016943615,0.9841541528973168,0.0007267913757739744,0.9323174044551328,0.0017091677545642266,0.8877042132416165,0.0028332882444843605,0.6032850201482528,0.01069168007735192,3.0,s100|s128|s42,
esmc_small,e5,>=1 9-mer overlap,0.9111593807279563,0.002216314295772017,0.9280660894680636,0.0017709016709181041,0.8368128385901255,0.002080793438917266,0.8272547382741241,0.003599421046932852,0.6538789790641416,0.007586064969747807,3.0,s100|s128|s42,
esmc_small,e5,Exact 15-mer match,0.8992396164100315,0.002531090827862125,0.9010937560370302,0.0024468747254297075,0.8043510970897024,0.0023238562658432827,0.8155849425478153,0.004136255958081207,0.6306041962397212,0.007889265220710885,3.0,s100|s128|s42,
esmc_small,e5,No 9-mer overlap,0.8750828473264544,0.004961129979018449,0.9957953559728284,0.00021432864642889136,0.9588301352606705,0.0017271006252108068,0.922022443254272,0.003126752339121645,0.2645778841089185,0.004500704579903578,3.0,s100|s128|s42,
esmc_small,e5,Overall,0.9192562871217403,0.0018359761307504955,0.9447623795861896,0.0012305943555381135,0.8585667504378528,0.0015082162515183781,0.8375013787778512,0.002883894746357135,0.6683183620404204,0.006910191594865146,3.0,s100|s128|s42,
netmhcpan,,Overall,0.8383539428172966,,0.8982639118216692,,,,,,,,,,48175.0
netmhcpan,,No 9-mer overlap,0.9258460847063257,,0.9977890213375962,,,,,,,,,,5172.0
netmhcpan,,>=1 9-mer overlap,0.8156219647827514,,0.8628387591835505,,,,,,,,,,43003.0
netmhcpan,,Exact 15-mer match,0.7910989312727923,,0.810698079360019,,,,,,,,,,36111.0
netmhcpan,,"9-mer overlap, not exact",0.8920240966444513,,0.9780013742929613,,,,,,,,,,6892.0
mixmhcpred,,Overall,0.8154775545553843,,0.8816641361283404,,,,,,,,,,48351.0
mixmhcpred,,No 9-mer overlap,0.9141475203235144,,0.9973525828615447,,,,,,,,,,5227.0
mixmhcpred,,>=1 9-mer overlap,0.7898358097573156,,0.8403675540197602,,,,,,,,,,43124.0
mixmhcpred,,Exact 15-mer match,0.7611529644095807,,0.7787146187104639,,,,,,,,,,36146.0
mixmhcpred,,"9-mer overlap, not exact",0.8753986907157144,,0.973390287175265,,,,,,,,,,6978.0
