model,lr,seed,stratum,roc_auc,pr_auc,f1,accuracy,mcc,n_folds
af3,e5,s100,"9-mer overlap, not exact",0.8947107081174439,0.9758481281748155,0.9210141394819011,0.8691602178274577,0.5406919890529911,5
af3,e5,s100,>=1 9-mer overlap,0.8692750448872566,0.8917967400068214,0.8010530085256505,0.7800853353121232,0.5575192256901749,5
af3,e5,s100,Exact 15-mer match,0.8537464289022072,0.8550834693929655,0.7626451902872473,0.7628893930172079,0.5291986253072322,5
af3,e5,s100,No 9-mer overlap,0.8268117948746351,0.9936996223647941,0.951748218546044,0.9091048201989288,0.2188990315093629,5
af3,e5,s100,Overall,0.879181160653336,0.914841419053732,0.82686287259737,0.7940354070152218,0.5739638479171478,5
af3,e5,s128,"9-mer overlap, not exact",0.9021301984105788,0.9783974727585607,0.9142338429446626,0.8602751504729149,0.5429972549125474,5
af3,e5,s128,>=1 9-mer overlap,0.8693702565771895,0.8919923040271973,0.7978576215562274,0.782223355903905,0.5622147584952971,5
af3,e5,s128,Exact 15-mer match,0.8542428325111251,0.8551959256680781,0.7601515294333725,0.7671554252199414,0.5348001138669906,5
af3,e5,s128,No 9-mer overlap,0.8465799515931611,0.9946981581380239,0.9448483548717563,0.8970543228768172,0.2314159252663389,5
af3,e5,s128,Overall,0.8793866558219126,0.9153330629205799,0.8233900617012354,0.7946393117140966,0.5783156529169802,5
af3,e5,s42,"9-mer overlap, not exact",0.8859683124714373,0.9745212323953056,0.9126407225528608,0.8557466322728576,0.4999279029977579,5
af3,e5,s42,>=1 9-mer overlap,0.8592996839202852,0.8847803468538222,0.7911032131201047,0.7704897504869679,0.5382195321754658,5
af3,e5,s42,Exact 15-mer match,0.8431758207917532,0.8462416826796219,0.7520371204963567,0.7540308747855918,0.5106782581729108,5
af3,e5,s42,No 9-mer overlap,0.8205975530730589,0.9936649118518865,0.9447407891574686,0.8965570007651109,0.19365408618207533,5
af3,e5,s42,Overall,0.8695325328170798,0.9089692291682713,0.8174093980272126,0.7841206154864329,0.5542586287114373,5
blosum,e3,s100,"9-mer overlap, not exact",0.8708918831496419,0.9694020005523747,0.9084092888053986,0.8492977930639152,0.48525388155636967,5
blosum,e3,s100,>=1 9-mer overlap,0.8617759368303439,0.8832584954817824,0.7916567769859544,0.7756933494110008,0.5489836552878875,5
blosum,e3,s100,Exact 15-mer match,0.8474227146820625,0.8457410901146668,0.7532884148956219,0.7614839816300558,0.5229384362170704,5
blosum,e3,s100,No 9-mer overlap,0.7436140634605906,0.9889827114791793,0.9287909019470044,0.8685539403213467,0.14138095029670075,5
blosum,e3,s100,Overall,0.8692092033254415,0.9054053278526005,0.8152600992711353,0.7857337855724685,0.5603611885735157,5
blosum,e3,s128,"9-mer overlap, not exact",0.8791952590376819,0.972076769114171,0.9119996227745736,0.8547721410146174,0.49767719350664025,5
blosum,e3,s128,>=1 9-mer overlap,0.8690994643738736,0.890057546856651,0.7978717347149814,0.782478434282534,0.5627947946893352,5
blosum,e3,s128,Exact 15-mer match,0.8549194575774713,0.8537166125753961,0.7601968526731646,0.7685221047972113,0.5370560418780231,5
blosum,e3,s128,No 9-mer overlap,0.7786580671603351,0.9914612477511202,0.9351766663462296,0.8797628156082633,0.16082358616439163,5
blosum,e3,s128,Overall,0.8767714621570774,0.9117526729652872,0.8216157635396684,0.7929971872931834,0.5753171121985059,5
blosum,e3,s42,"9-mer overlap, not exact",0.8638233356480246,0.9676749358199601,0.9126188553306106,0.8548581255374034,0.4845380534991025,5
blosum,e3,s42,>=1 9-mer overlap,0.8601207910434467,0.8819131266564538,0.7923236878871227,0.7739680920137278,0.5452480447296055,5
blosum,e3,s42,Exact 15-mer match,0.8452420589204965,0.8436266821162342,0.7528663808039211,0.7583522381452996,0.5177049979120346,5
blosum,e3,s42,No 9-mer overlap,0.7455338598638627,0.9896539105427304,0.9353510881029425,0.8798010711553175,0.1364874706831089,5
blosum,e3,s42,Overall,0.8679892226080576,0.9046938610502965,0.8168662859271256,0.7854111515552613,0.5580952581986217,5
boltz,e5,s100,"9-mer overlap, not exact",0.8837264450498251,0.973498573358424,0.9141820154949711,0.8582401834336487,0.5078865453263866,5
boltz,e5,s100,>=1 9-mer overlap,0.8780292177012203,0.8993213041679793,0.8075325256323496,0.7907754382710324,0.579464655043442,5
boltz,e5,s100,Exact 15-mer match,0.8655117462201979,0.8669419589924289,0.7727147496309259,0.7777513417805566,0.556987165377487,5
boltz,e5,s100,No 9-mer overlap,0.8322125636239776,0.994231902400014,0.9461690197277697,0.8990818668706962,0.18905391245496223,5
boltz,e5,s100,Overall,0.8868284661019104,0.9206561509028995,0.8315220075538592,0.8024859364659166,0.5934818356356422,5
boltz,e5,s128,"9-mer overlap, not exact",0.8849624159440677,0.9738186940193453,0.9133166962765935,0.8569790770994554,0.5059753199737668,5
boltz,e5,s128,>=1 9-mer overlap,0.8698550617469015,0.8923121592936353,0.8028368666739523,0.783146275855672,0.5637799645871133,5
boltz,e5,s128,Exact 15-mer match,0.8565932131415692,0.8579429180781932,0.7674096796831045,0.7688928235489405,0.5407101738180804,5
boltz,e5,s128,No 9-mer overlap,0.8256259934755998,0.9937464671856805,0.9463328172746699,0.8993879112471308,0.19719712032346073,5
boltz,e5,s128,Overall,0.8791416769084675,0.9150015369873803,0.827413091544465,0.7957147584381203,0.578118418302667,5
boltz,e5,s42,"9-mer overlap, not exact",0.8872674032132661,0.9747704960909728,0.9159447699266918,0.8605331040412725,0.5065453939940955,5
boltz,e5,s42,>=1 9-mer overlap,0.8758303495022034,0.8974575538845622,0.8065688345043748,0.7873202856877841,0.5730275709160526,5
boltz,e5,s42,Exact 15-mer match,0.8628380030315617,0.8637883204865519,0.7711762663731299,0.773186521330161,0.5499015193039081,5
boltz,e5,s42,No 9-mer overlap,0.8298037141448772,0.9940736858921688,0.950061130235061,0.906159143075746,0.2004629521908435,5
boltz,e5,s42,Overall,0.8851944602292463,0.9196485869809793,0.831221617438613,0.8001695896757115,0.5880675672285497,5
chai,e5,s100,"9-mer overlap, not exact",0.9151789731080366,0.9813661724679099,0.928893603075726,0.8812553740326742,0.5692742527680583,5
chai,e5,s100,>=1 9-mer overlap,0.9045437400883733,0.9221448208862973,0.8326644052565797,0.8190288470457286,0.636225716892174,5
chai,e5,s100,Exact 15-mer match,0.8928016557821469,0.8943675983112979,0.8005946659814409,0.8070159907043657,0.6143255319998905,5
chai,e5,s100,No 9-mer overlap,0.8692486416730821,0.9955253300389824,0.9625849118735855,0.9287681713848508,0.2539970762959548,5
chai,e5,s100,Overall,0.9132391792155365,0.9401388952362802,0.8555171497489324,0.8308942753143613,0.6520225961151552,5
chai,e5,s128,"9-mer overlap, not exact",0.9165715714378979,0.9817300001965965,0.92454030462613,0.875695041559186,0.5737613928655276,5
chai,e5,s128,>=1 9-mer overlap,0.9053064857554738,0.9227573821277936,0.8306964049682112,0.8200769872924589,0.6394750931451432,5
chai,e5,s128,Exact 15-mer match,0.8940614520010387,0.8956830209441964,0.7992600528451363,0.8093398992972943,0.6186019252569521,5
chai,e5,s128,No 9-mer overlap,0.8604290706883851,0.9949864385136798,0.956303771412992,0.9175592960979342,0.273084741654524,5
chai,e5,s128,Overall,0.9135372650734712,0.9402401835510903,0.8529516985498828,0.8306171409662475,0.6540520459885849,5
chai,e5,s42,"9-mer overlap, not exact",0.9205283134210541,0.9826483023725189,0.9295637694402934,0.8830897105187733,0.5862369424416807,5
chai,e5,s42,>=1 9-mer overlap,0.9063153254919414,0.9236198986463148,0.8337087463993186,0.8211807810036176,0.6408815791288272,5
chai,e5,s42,Exact 15-mer match,0.8946850494570304,0.8961435506616328,0.8017894839696822,0.8092292369833454,0.6186682032214332,5
chai,e5,s42,No 9-mer overlap,0.877876302249201,0.9959728402751425,0.9599484840908856,0.9240627390971691,0.265765001364547,5
chai,e5,s42,Overall,0.9146324500340535,0.9412050823094187,0.8559467232580447,0.8323047650562542,0.6557465595866678,5
deepneo,e3,s100,"9-mer overlap, not exact",0.9101328890273243,0.9797599662603383,0.9228594620755267,0.8735332090087505,0.5756776167384949,5
deepneo,e3,s100,>=1 9-mer overlap,0.8813794978479936,0.9035113881161246,0.807542586676427,0.7959476015455659,0.5907804235251589,5
deepneo,e3,s100,Exact 15-mer match,0.865152490420216,0.8678929165862419,0.7682849042691545,0.7807008147041412,0.56041553847907,5
deepneo,e3,s100,No 9-mer overlap,0.867887739778667,0.9950052594700928,0.9606950352549688,0.9254308693986978,0.279800993278343,5
deepneo,e3,s100,Overall,0.8937600760717416,0.9267506903352031,0.835180107941555,0.8101330088532708,0.6118479472448433,5
deepneo,e3,s128,"9-mer overlap, not exact",0.9014364462202364,0.9775539112632785,0.9234362083228635,0.8730741643953521,0.5530393960468987,5
deepneo,e3,s128,>=1 9-mer overlap,0.8812069612291555,0.9030359409555704,0.8114496374207929,0.7950287437564791,0.5875546548245847,5
deepneo,e3,s128,Exact 15-mer match,0.8663049569137062,0.8684706281819062,0.774013845789624,0.7796915964254503,0.5600139993547042,5
deepneo,e3,s128,No 9-mer overlap,0.8573733576585514,0.9945332333275105,0.9642424035013608,0.9319034852546917,0.29082015420695717,5
deepneo,e3,s128,Overall,0.8930974114151505,0.9259434596782967,0.8385445801920313,0.8100239164184113,0.6081690348549413,5
deepneo,e3,s42,"9-mer overlap, not exact",0.907052418084436,0.9790750131906567,0.9219416208174284,0.8713814373834458,0.5585709709172942,5
deepneo,e3,s42,>=1 9-mer overlap,0.8845472933041826,0.9062773893041364,0.8128525917371775,0.7986570540005655,0.5955489596251614,5
deepneo,e3,s42,Exact 15-mer match,0.8697315128313979,0.8726037811993687,0.7761737988625921,0.7843655738167057,0.5688565921602939,5
deepneo,e3,s42,No 9-mer overlap,0.8565869869518512,0.9944593194054969,0.9615920929320817,0.9270394484871696,0.2749477902205187,5
deepneo,e3,s42,Overall,0.8959906339516662,0.9284055042229445,0.8394034446296118,0.8127218562497378,0.6152766487811251,5
esm3_large,e5,s100,"9-mer overlap, not exact",0.9385534367228722,0.9866391812566585,0.9405684452810771,0.9010891372886214,0.6461991327734757,5
esm3_large,e5,s100,>=1 9-mer overlap,0.9195989686014316,0.9353788133987806,0.8450132636177614,0.8372553566459512,0.6746232598926711,5
esm3_large,e5,s100,Exact 15-mer match,0.9071221708426618,0.9093814364180567,0.8120425855802653,0.8249322193327062,0.649405993148185,5
esm3_large,e5,s100,No 9-mer overlap,0.8987881674632934,0.9965436136106103,0.9688541955784027,0.9405508798775823,0.3356675254528211,5
esm3_large,e5,s100,Overall,0.928438803135011,0.9514108164277045,0.8673943184416515,0.8484240569159496,0.6915489228001631,5
esm3_large,e5,s128,"9-mer overlap, not exact",0.9348567265518817,0.985819406481258,0.9407156472257545,0.9005159071367153,0.6323243254143314,5
esm3_large,e5,s128,>=1 9-mer overlap,0.9202758619169564,0.9357862065169986,0.8467903871072068,0.8363834523699101,0.671545371747579,5
esm3_large,e5,s128,Exact 15-mer match,0.9084506774165988,0.9105154827757765,0.8147589120063208,0.8240026558955348,0.6474872086863874,5
esm3_large,e5,s128,No 9-mer overlap,0.8954615819177748,0.9964833443134637,0.9678599737904943,0.9385998469778117,0.3044614193610876,5
esm3_large,e5,s128,Overall,0.9285869949545337,0.9514101245097157,0.8683758004705174,0.8474354731965585,0.6872383695089236,5
esm3_large,e5,s42,"9-mer overlap, not exact",0.9346724118488448,0.9858268708567393,0.9385326481090933,0.8972771567784464,0.6268188857920338,5
esm3_large,e5,s42,>=1 9-mer overlap,0.9164063427452934,0.9324284178496564,0.8431268657872021,0.8323393006214637,0.6633877211945717,5
esm3_large,e5,s42,Exact 15-mer match,0.9041209590692484,0.9060137410437111,0.8107855800888452,0.8198030210811709,0.6390636995717842,5
esm3_large,e5,s42,No 9-mer overlap,0.8946007543491385,0.9964651713493649,0.9683188077484729,0.9395179801071155,0.32069229595322607,5
esm3_large,e5,s42,Overall,0.9251625467447806,0.9488974367652604,0.8654317763151704,0.8439278623428192,0.6799637040061492,5
esm3_medium,e5,s100,"9-mer overlap, not exact",0.9344136560843734,0.9857753299629073,0.9373308258862169,0.895786758383491,0.6289081700019307,5
esm3_medium,e5,s100,>=1 9-mer overlap,0.912317877463178,0.9286855644335461,0.8390511385218538,0.8280957239588165,0.6550457929320869,5
esm3_medium,e5,s100,Exact 15-mer match,0.8993928358559978,0.9006457421650792,0.8059357241753767,0.8150279422342722,0.629692822234564,5
esm3_medium,e5,s100,No 9-mer overlap,0.887067509263208,0.9960483525642776,0.9680796650773471,0.9390589135424637,0.31373889208773587,5
esm3_medium,e5,s100,Overall,0.9215695806225659,0.9461919450756578,0.8620472592489374,0.8400934811383189,0.6723255932038025,5
esm3_medium,e5,s128,"9-mer overlap, not exact",0.9264822332615186,0.9840809233554811,0.9305965998457589,0.8853253081112067,0.6019678774794471,5
esm3_medium,e5,s128,>=1 9-mer overlap,0.906684363520531,0.9243448956580671,0.8308357119804708,0.8211761432149152,0.6417335692232113,5
esm3_medium,e5,s128,Exact 15-mer match,0.8938334691785477,0.8956850209557959,0.7970480179422798,0.8087921208432469,0.6168487972042673,5
esm3_medium,e5,s128,No 9-mer overlap,0.8822910724274866,0.9959690712243233,0.9603704482792208,0.9249043611323643,0.2855730784470391,5
esm3_medium,e5,s128,Overall,0.9157712662832681,0.9422966420419006,0.8539720300474037,0.8323916280608868,0.6579991327026937,5
esm3_medium,e5,s42,"9-mer overlap, not exact",0.9326328425001037,0.9855534573249658,0.9335291979541562,0.8898824878188594,0.6134909045241822,5
esm3_medium,e5,s42,>=1 9-mer overlap,0.9126296284407284,0.9292272692485817,0.8378942864852927,0.8285780539838605,0.6565653431625477,5
esm3_medium,e5,s42,Exact 15-mer match,0.9002007423847038,0.9018904176329231,0.805403871863936,0.8167432081004813,0.6328019382022888,5
esm3_medium,e5,s42,No 9-mer overlap,0.8897628397201929,0.9962076198373365,0.963766981845108,0.9311782708492732,0.3183448674750199,5
esm3_medium,e5,s42,Overall,0.9214185958283018,0.9462096606288396,0.8604088557049098,0.8396715751158172,0.6727737611953717,5
esm3_small,e5,s100,"9-mer overlap, not exact",0.9332475413825236,0.9855618415820511,0.9371859192487783,0.8952708512467756,0.6228134552763572,5
esm3_small,e5,s100,>=1 9-mer overlap,0.9133941594526178,0.9298875643631714,0.8400398081228986,0.8291948798812726,0.6572037575383683,5
esm3_small,e5,s100,Exact 15-mer match,0.9007229767395973,0.9022751738638309,0.8071731270659409,0.8164388867371217,0.6324298511104047,5
esm3_small,e5,s100,No 9-mer overlap,0.8846524289266864,0.9959650191787264,0.9678041859475058,0.9384850803366488,0.3058197774252333,5
esm3_small,e5,s100,Overall,0.9223546344833815,0.9469005109563046,0.86281865079025,0.8410117471872931,0.6741496082420173,5
esm3_small,e5,s128,"9-mer overlap, not exact",0.9305243369003318,0.9850847665994434,0.9322692374711886,0.8884494124390944,0.6181868832833463,5
esm3_small,e5,s128,>=1 9-mer overlap,0.9114960276348555,0.9285815635013484,0.8338222885052595,0.8266394583062796,0.653830203844425,5
esm3_small,e5,s128,Exact 15-mer match,0.8988225547609037,0.9009250516625157,0.8000282439121381,0.81470702152382,0.6286501678332735,5
esm3_small,e5,s128,No 9-mer overlap,0.883862356205657,0.9960163733315813,0.9602683198576116,0.9248278500382556,0.3039929476293535,5
esm3_small,e5,s128,Overall,0.9202275617957086,0.9455968704199205,0.8566310039632035,0.8372559563203177,0.6699394434487775,5
esm3_small,e5,s42,"9-mer overlap, not exact",0.9323848441144525,0.985440166182666,0.9358735129189751,0.8935224992834623,0.6228798366955829,5
esm3_small,e5,s42,>=1 9-mer overlap,0.9119646944718524,0.9288266031562282,0.8377977541873378,0.8278499211575922,0.6546504799200603,5
esm3_small,e5,s42,Exact 15-mer match,0.8992819863329673,0.9011772127771508,0.8045430552493864,0.8151718032424057,0.6294821339668709,5
esm3_small,e5,s42,No 9-mer overlap,0.8803343062701809,0.9958605996314589,0.9634292273086114,0.9304896710022954,0.30376158442790213,5
esm3_small,e5,s42,Overall,0.9206687136588461,0.9458283870534692,0.8602106266790571,0.8389477167438782,0.6706251896054137,5
esmc_large,e5,s100,"9-mer overlap, not exact",0.9051477099395212,0.9788417904250728,0.9218507926257076,0.870994554313557,0.5533822743491339,5
esmc_large,e5,s100,>=1 9-mer overlap,0.8998425830252585,0.9189697366929129,0.8222269540036663,0.8147435302847603,0.63039556378478,5
esmc_large,e5,s100,Exact 15-mer match,0.8873488733434038,0.8903166746182734,0.7878261006092303,0.8038842472196095,0.607276597368896,5
esmc_large,e5,s100,No 9-mer overlap,0.8604955331675462,0.9952135746713321,0.9539133632094654,0.9133129303749044,0.24621078368718222,5
esmc_large,e5,s100,Overall,0.909357817492098,0.93775535455975,0.8459140119570628,0.8254012243547318,0.6464365381101622,5
esmc_large,e5,s128,"9-mer overlap, not exact",0.9054196861516182,0.9789597329568716,0.9184243963209522,0.8664946976210949,0.5547433084362625,5
esmc_large,e5,s128,>=1 9-mer overlap,0.8989047499646988,0.9183246437257111,0.8199392576358214,0.8134171227158891,0.6282771743331279,5
esmc_large,e5,s128,Exact 15-mer match,0.8866087317495273,0.8898443156736017,0.7861180255285571,0.8031704752946384,0.6058008193014166,5
esmc_large,e5,s128,No 9-mer overlap,0.8637663179232691,0.9953389683470684,0.9537184999814375,0.9128921193573067,0.2678226980119006,5
esmc_large,e5,s128,Overall,0.9083988413276355,0.937170872138433,0.8440885541189613,0.8241727332892126,0.6448513983379383,5
esmc_large,e5,s42,"9-mer overlap, not exact",0.9178258224572524,0.9821061703670066,0.9275201187881505,0.880194898251648,0.5832571750863804,5
esmc_large,e5,s42,>=1 9-mer overlap,0.899925975827767,0.9195152835285347,0.8251311770906614,0.8147759948056766,0.6287589846488342,5
esmc_large,e5,s42,Exact 15-mer match,0.886492315570172,0.8897981281916009,0.7905024537979143,0.8021468488906104,0.6035973538864624,5
esmc_large,e5,s42,No 9-mer overlap,0.8783174469546339,0.9958411791218597,0.9633973035631707,0.9303749043611325,0.28717793599588537,5
esmc_large,e5,s42,Overall,0.9103146467692363,0.9387934478322013,0.8498588540598764,0.8272749834546659,0.6471396543579606,5
esmc_medium,e5,s100,"9-mer overlap, not exact",0.9265203959902427,0.9839910911004708,0.9348673422699083,0.8912582401834337,0.6060343893214586,5
esmc_medium,e5,s100,>=1 9-mer overlap,0.9113629509471766,0.9281934505140855,0.8353516091515871,0.825401168722753,0.6505312273971469,5
esmc_medium,e5,s100,Exact 15-mer match,0.8987415330769132,0.9005595926566217,0.8013048337797939,0.812687434294251,0.6254541908968563,5
esmc_medium,e5,s100,No 9-mer overlap,0.8782526460374516,0.9959427724671794,0.9620921101318635,0.9279265493496558,0.2559223382687828,5
esmc_medium,e5,s100,Overall,0.9200009759856987,0.9452867784778348,0.857991721556529,0.8364865982792853,0.66631211359702,5
esmc_medium,e5,s128,"9-mer overlap, not exact",0.9256650879285887,0.9839105372943644,0.932204327543651,0.8876755517340212,0.6056030943542439,5
esmc_medium,e5,s128,>=1 9-mer overlap,0.9142726971113188,0.9306721963340678,0.8385197927452076,0.8299044615527317,0.6596206681965366,5
esmc_medium,e5,s128,Exact 15-mer match,0.9030419535237865,0.9049325614881955,0.806513310107761,0.8187517290986556,0.6369342239819173,5
esmc_medium,e5,s128,No 9-mer overlap,0.8708708800186095,0.9956676601145127,0.9582209399947563,0.920964039785769,0.26431825821258303,5
esmc_medium,e5,s128,Overall,0.9218326981414643,0.9466346951894199,0.8599325650798713,0.8397501654533421,0.6736956847263704,5
esmc_medium,e5,s42,"9-mer overlap, not exact",0.9261673759117806,0.9839253172448135,0.9345916875250431,0.8907709945543136,0.604056175858761,5
esmc_medium,e5,s42,>=1 9-mer overlap,0.9142916303665107,0.9306436144858825,0.8396181397044067,0.8301456265652536,0.6596395979033675,5
esmc_medium,e5,s42,Exact 15-mer match,0.902411807168656,0.9042762922294207,0.8070649424590519,0.8184418746195983,0.6362405718005799,5
esmc_medium,e5,s42,No 9-mer overlap,0.8767292706296766,0.9959063487726887,0.9622343958938353,0.9282325937260903,0.27057432396122566,5
esmc_medium,e5,s42,Overall,0.9224323184104394,0.9469660993396047,0.8615361449534464,0.8407511581733951,0.6748045820562789,5
esmc_small,e5,s100,"9-mer overlap, not exact",0.9296427363210654,0.9849534912130004,0.9342898453734241,0.8909716251074806,0.6147159846578056,5
esmc_small,e5,s100,>=1 9-mer overlap,0.9121448157078273,0.9291727159976284,0.8379184270937591,0.8284992115759205,0.6561316702466564,5
esmc_small,e5,s100,Exact 15-mer match,0.8998947435228228,0.9021570913188647,0.8051475560267566,0.8164388867371217,0.6319840022402776,5
esmc_small,e5,s100,No 9-mer overlap,0.87942709342963,0.995980151171248,0.9577687074386689,0.9201224177505738,0.26960668346568795,5
esmc_small,e5,s100,Overall,0.9200567941773322,0.9455433083581933,0.8592669524676451,0.8384058570483124,0.6700400240788096,5
esmc_small,e5,s128,"9-mer overlap, not exact",0.9241323469187901,0.9835330804948972,0.9312732009714916,0.886213814846661,0.6016083261600798,5
esmc_small,e5,s128,>=1 9-mer overlap,0.9127120818951614,0.9290019457776104,0.8381074633164822,0.8300667841573137,0.6600835555535232,5
esmc_small,e5,s128,Exact 15-mer match,0.9013787362805173,0.9028290653436691,0.8061719998424476,0.8192275770486361,0.6377125370977319,5
esmc_small,e5,s128,No 9-mer overlap,0.8696767708096791,0.9955603932318032,0.9578986915865888,0.9203136954858454,0.2609278240554297,5
esmc_small,e5,s128,Overall,0.9205560923262082,0.9454000081715066,0.8595975926149272,0.8398246194573129,0.6742049496199879,5
esmc_small,e5,s42,"9-mer overlap, not exact",0.9247768993821556,0.9839758869840528,0.9313891670204827,0.8859271997707079,0.5935307496268731,5
esmc_small,e5,s42,>=1 9-mer overlap,0.9086212445808804,0.9260236066289519,0.8344126253601349,0.8231982190891383,0.6454217113922452,5
esmc_small,e5,s42,Exact 15-mer match,0.8964453694267543,0.8982951114485568,0.801733735399903,0.8110883638576883,0.6221160493811542,5
esmc_small,e5,s42,No 9-mer overlap,0.8761446777400541,0.995845523515434,0.9608230067567538,0.9256312165263963,0.26319914480563794,5
esmc_small,e5,s42,Overall,0.9171559748616807,0.9433438222288691,0.8568357062309859,0.8342736598279284,0.6607101124224635,5
