HLA_Name,offset,length
H2-IAbA,58,52
H2-IAbB,78,36
H2-IAdA,58,52
H2-IAdB,78,36
H2-IAg7A,58,52
H2-IAg7B,78,34
H2-IAkA,58,52
H2-IAkB,78,34
H2-IAqA,0,76
H2-IAqB,78,36
H2-IAsA,12,75
H2-IAsB,78,34
H2-IAuA,0,81
H2-IAuB,78,34
H2-IEdA,58,51
H2-IEdB,78,36
H2-IEkA,58,51
H2-IEkB,76,37
HLA-DPA1*01:03,68,46
HLA-DPA1*02:01,68,46
HLA-DPA1*02:02,68,46
HLA-DPA1*03:01,68,46
HLA-DPB1*01:01,82,32
HLA-DPB1*02:01,82,32
HLA-DPB1*03:01,82,32
HLA-DPB1*04:01,82,32
HLA-DPB1*04:02,82,32
HLA-DPB1*05:01,82,32
HLA-DPB1*06:01,82,32
HLA-DPB1*09:01,82,32
HLA-DPB1*104:01,82,32
HLA-DPB1*10:01,82,32
HLA-DPB1*11:01,82,32
HLA-DPB1*13:01,82,32
HLA-DPB1*14:01,82,32
HLA-DPB1*17:01,82,32
HLA-DPB1*19:01,82,32
HLA-DQA1*01:01,56,53
HLA-DQA1*01:02,56,53
HLA-DQA1*01:03,56,53
HLA-DQA1*01:04,56,53
HLA-DQA1*01:05,56,53
HLA-DQA1*02:01,56,52
HLA-DQA1*03:01,56,53
HLA-DQA1*03:02,56,53
HLA-DQA1*03:03,56,53
HLA-DQA1*04:01,56,52
HLA-DQA1*05:01,56,52
HLA-DQA1*05:05,56,52
HLA-DQA1*06:01,56,52
HLA-DQB1*02:01,88,31
HLA-DQB1*02:02,88,31
HLA-DQB1*03:01,88,31
HLA-DQB1*03:02,88,31
HLA-DQB1*03:03,88,31
HLA-DQB1*04:01,88,31
HLA-DQB1*04:02,88,31
HLA-DQB1*05:01,88,31
HLA-DQB1*05:02,88,31
HLA-DQB1*05:03,88,31
HLA-DQB1*06:02,88,31
HLA-DQB1*06:03,88,31
HLA-DQB1*06:04,88,31
HLA-DRA*01:01,58,51
HLA-DRB1*01:01,82,34
HLA-DRB1*01:02,82,34
HLA-DRB1*01:03,82,34
HLA-DRB1*03:01,82,34
HLA-DRB1*03:02,82,34
HLA-DRB1*03:03,14,68
HLA-DRB1*04:01,82,34
HLA-DRB1*04:02,82,34
HLA-DRB1*04:03,82,34
HLA-DRB1*04:04,82,34
HLA-DRB1*04:05,82,34
HLA-DRB1*04:06,82,34
HLA-DRB1*04:07,82,34
HLA-DRB1*04:08,82,34
HLA-DRB1*04:11,82,34
HLA-DRB1*07:01,82,34
HLA-DRB1*08:01,82,34
HLA-DRB1*08:02,82,34
HLA-DRB1*08:03,82,34
HLA-DRB1*08:04,82,34
HLA-DRB1*09:01,82,34
HLA-DRB1*10:01,82,34
HLA-DRB1*11:01,82,34
HLA-DRB1*11:02,82,34
HLA-DRB1*11:03,82,34
HLA-DRB1*11:04,82,34
HLA-DRB1*11:13,82,34
HLA-DRB1*12:01,82,34
HLA-DRB1*12:02,82,34
HLA-DRB1*13:01,82,34
HLA-DRB1*13:02,82,34
HLA-DRB1*13:03,82,34
HLA-DRB1*13:04,82,34
HLA-DRB1*14:01,82,34
HLA-DRB1*14:02,82,34
HLA-DRB1*14:05,82,34
HLA-DRB1*14:07,82,34
HLA-DRB1*14:54,82,34
HLA-DRB1*15:01,82,34
HLA-DRB1*15:02,82,34
HLA-DRB1*15:03,82,34
HLA-DRB1*16:01,82,34
HLA-DRB1*16:02,82,34
HLA-DRB3*01:01,82,34
HLA-DRB3*02:02,82,34
HLA-DRB3*03:01,82,34
HLA-DRB4*01:01,82,34
HLA-DRB4*01:02,82,34
HLA-DRB4*01:03,82,34
HLA-DRB5*01:01,82,34
HLA-DRB5*01:02,82,34
HLA-DRB5*02:02,82,34
