model,lr,seed,fold,dir,kind,group,root,rel,path,src_path,file_path,val_auc,val_loss,test_path,roc_auc,pr_auc,f1,accuracy,mcc
blosum,e3,s100,0,plot_ani,plots,,260905/9_blosum_rerun/3_humani,260905/9_blosum_rerun/3_humani/plot_ani/e3_s100/pred-blosum_fold0.csv,260905/9_blosum_rerun/3_humani/plot_ani/e3_s100/pred-blosum_fold0.csv,/home/hwjang/project/260905/9_blosum_rerun/3_humani/plot_ani/e3_s100/pred-blosum_fold0.csv,260905/9_blosum_rerun/3_humani/plot_ani/e3_s100/pred-blosum_fold0.csv,,,250513/5_hum_ani/ani_full.csv,0.4897904984308214,0.7147264349993687,0.4434941967012828,0.416025641025641,-0.0183808214549324
blosum,e3,s100,1,plot_ani,plots,,260905/9_blosum_rerun/3_humani,260905/9_blosum_rerun/3_humani/plot_ani/e3_s100/pred-blosum_fold1.csv,260905/9_blosum_rerun/3_humani/plot_ani/e3_s100/pred-blosum_fold1.csv,/home/hwjang/project/260905/9_blosum_rerun/3_humani/plot_ani/e3_s100/pred-blosum_fold1.csv,260905/9_blosum_rerun/3_humani/plot_ani/e3_s100/pred-blosum_fold1.csv,,,250513/5_hum_ani/ani_full.csv,0.4675996194505549,0.7162421301478737,0.5161830357142857,0.4442307692307692,-0.053081746305664
blosum,e3,s100,2,plot_ani,plots,,260905/9_blosum_rerun/3_humani,260905/9_blosum_rerun/3_humani/plot_ani/e3_s100/pred-blosum_fold2.csv,260905/9_blosum_rerun/3_humani/plot_ani/e3_s100/pred-blosum_fold2.csv,/home/hwjang/project/260905/9_blosum_rerun/3_humani/plot_ani/e3_s100/pred-blosum_fold2.csv,260905/9_blosum_rerun/3_humani/plot_ani/e3_s100/pred-blosum_fold2.csv,,,250513/5_hum_ani/ani_full.csv,0.4949757657893001,0.7274208177868169,0.5178672716959728,0.4551282051282051,-0.0100064488437568
blosum,e3,s100,3,plot_ani,plots,,260905/9_blosum_rerun/3_humani,260905/9_blosum_rerun/3_humani/plot_ani/e3_s100/pred-blosum_fold3.csv,260905/9_blosum_rerun/3_humani/plot_ani/e3_s100/pred-blosum_fold3.csv,/home/hwjang/project/260905/9_blosum_rerun/3_humani/plot_ani/e3_s100/pred-blosum_fold3.csv,260905/9_blosum_rerun/3_humani/plot_ani/e3_s100/pred-blosum_fold3.csv,,,250513/5_hum_ani/ani_full.csv,0.4783916520416191,0.7077235674361317,0.4301208552835451,0.410576923076923,-0.0156664112627673
blosum,e3,s100,4,plot_ani,plots,,260905/9_blosum_rerun/3_humani,260905/9_blosum_rerun/3_humani/plot_ani/e3_s100/pred-blosum_fold4.csv,260905/9_blosum_rerun/3_humani/plot_ani/e3_s100/pred-blosum_fold4.csv,/home/hwjang/project/260905/9_blosum_rerun/3_humani/plot_ani/e3_s100/pred-blosum_fold4.csv,260905/9_blosum_rerun/3_humani/plot_ani/e3_s100/pred-blosum_fold4.csv,,,250513/5_hum_ani/ani_full.csv,0.5208898333894819,0.7220909753045981,0.7132803632236095,0.5951923076923077,0.0262039886839833
blosum,e3,s128,0,plot_ani,plots,,260905/9_blosum_rerun/3_humani,260905/9_blosum_rerun/3_humani/plot_ani/e3_s128/pred-blosum_fold0.csv,260905/9_blosum_rerun/3_humani/plot_ani/e3_s128/pred-blosum_fold0.csv,/home/hwjang/project/260905/9_blosum_rerun/3_humani/plot_ani/e3_s128/pred-blosum_fold0.csv,260905/9_blosum_rerun/3_humani/plot_ani/e3_s128/pred-blosum_fold0.csv,,,250513/5_hum_ani/ani_full.csv,0.557391958260208,0.7574729809092153,0.8,0.6830128205128205,0.0715246580020703
blosum,e3,s128,1,plot_ani,plots,,260905/9_blosum_rerun/3_humani,260905/9_blosum_rerun/3_humani/plot_ani/e3_s128/pred-blosum_fold1.csv,260905/9_blosum_rerun/3_humani/plot_ani/e3_s128/pred-blosum_fold1.csv,/home/hwjang/project/260905/9_blosum_rerun/3_humani/plot_ani/e3_s128/pred-blosum_fold1.csv,260905/9_blosum_rerun/3_humani/plot_ani/e3_s128/pred-blosum_fold1.csv,,,250513/5_hum_ani/ani_full.csv,0.4446902259013894,0.6740107223928367,0.5142219743446738,0.4416666666666666,-0.05949217191845
blosum,e3,s128,2,plot_ani,plots,,260905/9_blosum_rerun/3_humani,260905/9_blosum_rerun/3_humani/plot_ani/e3_s128/pred-blosum_fold2.csv,260905/9_blosum_rerun/3_humani/plot_ani/e3_s128/pred-blosum_fold2.csv,/home/hwjang/project/260905/9_blosum_rerun/3_humani/plot_ani/e3_s128/pred-blosum_fold2.csv,260905/9_blosum_rerun/3_humani/plot_ani/e3_s128/pred-blosum_fold2.csv,,,250513/5_hum_ani/ani_full.csv,0.4908193213194085,0.6960155077941105,0.3684038020321206,0.3823717948717948,-0.0248556469776871
blosum,e3,s128,3,plot_ani,plots,,260905/9_blosum_rerun/3_humani,260905/9_blosum_rerun/3_humani/plot_ani/e3_s128/pred-blosum_fold3.csv,260905/9_blosum_rerun/3_humani/plot_ani/e3_s128/pred-blosum_fold3.csv,/home/hwjang/project/260905/9_blosum_rerun/3_humani/plot_ani/e3_s128/pred-blosum_fold3.csv,260905/9_blosum_rerun/3_humani/plot_ani/e3_s128/pred-blosum_fold3.csv,,,250513/5_hum_ani/ani_full.csv,0.4527651436338996,0.6753220741049815,0.2802101576182136,0.3413461538461538,-0.0647304068967787
blosum,e3,s128,4,plot_ani,plots,,260905/9_blosum_rerun/3_humani,260905/9_blosum_rerun/3_humani/plot_ani/e3_s128/pred-blosum_fold4.csv,260905/9_blosum_rerun/3_humani/plot_ani/e3_s128/pred-blosum_fold4.csv,/home/hwjang/project/260905/9_blosum_rerun/3_humani/plot_ani/e3_s128/pred-blosum_fold4.csv,260905/9_blosum_rerun/3_humani/plot_ani/e3_s128/pred-blosum_fold4.csv,,,250513/5_hum_ani/ani_full.csv,0.4431862274227692,0.67585205612114,0.5905491698595147,0.4862179487179487,-0.063824116727954
blosum,e3,s42,0,plot_ani,plots,,260905/9_blosum_rerun/3_humani,260905/9_blosum_rerun/3_humani/plot_ani/e3_s42/pred-blosum_fold0.csv,260905/9_blosum_rerun/3_humani/plot_ani/e3_s42/pred-blosum_fold0.csv,/home/hwjang/project/260905/9_blosum_rerun/3_humani/plot_ani/e3_s42/pred-blosum_fold0.csv,260905/9_blosum_rerun/3_humani/plot_ani/e3_s42/pred-blosum_fold0.csv,,,250513/5_hum_ani/ani_full.csv,0.4838524650085194,0.727748114683939,0.5384615384615384,0.4576923076923077,-0.0486675682395718
blosum,e3,s42,1,plot_ani,plots,,260905/9_blosum_rerun/3_humani,260905/9_blosum_rerun/3_humani/plot_ani/e3_s42/pred-blosum_fold1.csv,260905/9_blosum_rerun/3_humani/plot_ani/e3_s42/pred-blosum_fold1.csv,/home/hwjang/project/260905/9_blosum_rerun/3_humani/plot_ani/e3_s42/pred-blosum_fold1.csv,260905/9_blosum_rerun/3_humani/plot_ani/e3_s42/pred-blosum_fold1.csv,,,250513/5_hum_ani/ani_full.csv,0.4346893005998101,0.6764936421344026,0.8271301719251842,0.7067307692307693,-0.0262183612500824
blosum,e3,s42,2,plot_ani,plots,,260905/9_blosum_rerun/3_humani,260905/9_blosum_rerun/3_humani/plot_ani/e3_s42/pred-blosum_fold2.csv,260905/9_blosum_rerun/3_humani/plot_ani/e3_s42/pred-blosum_fold2.csv,/home/hwjang/project/260905/9_blosum_rerun/3_humani/plot_ani/e3_s42/pred-blosum_fold2.csv,260905/9_blosum_rerun/3_humani/plot_ani/e3_s42/pred-blosum_fold2.csv,,,250513/5_hum_ani/ani_full.csv,0.4349546218813885,0.6709892067843839,0.7347715736040609,0.5980769230769231,-0.088543509024352
blosum,e3,s42,3,plot_ani,plots,,260905/9_blosum_rerun/3_humani,260905/9_blosum_rerun/3_humani/plot_ani/e3_s42/pred-blosum_fold3.csv,260905/9_blosum_rerun/3_humani/plot_ani/e3_s42/pred-blosum_fold3.csv,/home/hwjang/project/260905/9_blosum_rerun/3_humani/plot_ani/e3_s42/pred-blosum_fold3.csv,260905/9_blosum_rerun/3_humani/plot_ani/e3_s42/pred-blosum_fold3.csv,,,250513/5_hum_ani/ani_full.csv,0.4827206320269881,0.6939267053116666,0.4193254329990884,0.3875,-0.0915094491988168
blosum,e3,s42,4,plot_ani,plots,,260905/9_blosum_rerun/3_humani,260905/9_blosum_rerun/3_humani/plot_ani/e3_s42/pred-blosum_fold4.csv,260905/9_blosum_rerun/3_humani/plot_ani/e3_s42/pred-blosum_fold4.csv,/home/hwjang/project/260905/9_blosum_rerun/3_humani/plot_ani/e3_s42/pred-blosum_fold4.csv,260905/9_blosum_rerun/3_humani/plot_ani/e3_s42/pred-blosum_fold4.csv,,,250513/5_hum_ani/ani_full.csv,0.4700521798520438,0.7138667020630629,0.6956128448665763,0.5685897435897436,-0.0440149252426666
chai,e5,s100,0,plot_ani,plots,,250513/5_hum_ani,250513/5_hum_ani/plot_ani/e5_s100/pred-chai_fold0.csv,250513/5_hum_ani/plot_ani/e5_s100/pred-chai_fold0.csv,/home/hwjang/project/250513/5_hum_ani/plot_ani/e5_s100/pred-chai_fold0.csv,250513/5_hum_ani/plot_ani/e5_s100/pred-chai_fold0.csv,-0.27473,0.37477,250513/5_hum_ani/ani_full.csv,0.6843484471036783,0.851210277394965,0.7877869207449112,0.6858974358974359,0.1859255949459256
chai,e5,s100,1,plot_ani,plots,,250513/5_hum_ani,250513/5_hum_ani/plot_ani/e5_s100/pred-chai_fold1.csv,250513/5_hum_ani/plot_ani/e5_s100/pred-chai_fold1.csv,/home/hwjang/project/250513/5_hum_ani/plot_ani/e5_s100/pred-chai_fold1.csv,250513/5_hum_ani/plot_ani/e5_s100/pred-chai_fold1.csv,-11.39854,0.42264,250513/5_hum_ani/ani_full.csv,0.6498053032560902,0.8115747161772671,0.8134206219312602,0.7076923076923077,0.1689478932797521
chai,e5,s100,2,plot_ani,plots,,250513/5_hum_ani,250513/5_hum_ani/plot_ani/e5_s100/pred-chai_fold2.csv,250513/5_hum_ani/plot_ani/e5_s100/pred-chai_fold2.csv,/home/hwjang/project/250513/5_hum_ani/plot_ani/e5_s100/pred-chai_fold2.csv,250513/5_hum_ani/plot_ani/e5_s100/pred-chai_fold2.csv,-1.24094,0.38089,250513/5_hum_ani/ani_full.csv,0.6724048997019096,0.8414824302959334,0.809122662831313,0.7022435897435897,0.1585753879182822
chai,e5,s100,3,plot_ani,plots,,250513/5_hum_ani,250513/5_hum_ani/plot_ani/e5_s100/pred-chai_fold3.csv,250513/5_hum_ani/plot_ani/e5_s100/pred-chai_fold3.csv,/home/hwjang/project/250513/5_hum_ani/plot_ani/e5_s100/pred-chai_fold3.csv,250513/5_hum_ani/plot_ani/e5_s100/pred-chai_fold3.csv,-0.51942,0.40483,250513/5_hum_ani/ani_full.csv,0.6511817532573427,0.821848162118574,0.8266509433962265,0.7173076923076923,0.1398603139530389
chai,e5,s100,4,plot_ani,plots,,250513/5_hum_ani,250513/5_hum_ani/plot_ani/e5_s100/pred-chai_fold4.csv,250513/5_hum_ani/plot_ani/e5_s100/pred-chai_fold4.csv,/home/hwjang/project/250513/5_hum_ani/plot_ani/e5_s100/pred-chai_fold4.csv,250513/5_hum_ani/plot_ani/e5_s100/pred-chai_fold4.csv,-3.68494,0.40022,250513/5_hum_ani/ani_full.csv,0.6046891830200514,0.7899619438609669,0.7316508451030331,0.628525641025641,0.1330798188798552
chai,e5,s128,0,plot_ani,plots,,250513/5_hum_ani,250513/5_hum_ani/plot_ani/e5_s128/pred-chai_fold0.csv,250513/5_hum_ani/plot_ani/e5_s128/pred-chai_fold0.csv,/home/hwjang/project/250513/5_hum_ani/plot_ani/e5_s128/pred-chai_fold0.csv,250513/5_hum_ani/plot_ani/e5_s128/pred-chai_fold0.csv,-1.49317,0.36898,250513/5_hum_ani/ani_full.csv,0.628311467758352,0.8119601390903648,0.7367688022284122,0.6365384615384615,0.155275709604088
chai,e5,s128,1,plot_ani,plots,,250513/5_hum_ani,250513/5_hum_ani/plot_ani/e5_s128/pred-chai_fold1.csv,250513/5_hum_ani/plot_ani/e5_s128/pred-chai_fold1.csv,/home/hwjang/project/250513/5_hum_ani/plot_ani/e5_s128/pred-chai_fold1.csv,250513/5_hum_ani/plot_ani/e5_s128/pred-chai_fold1.csv,-4.44589,0.39999,250513/5_hum_ani/ani_full.csv,0.6000800564791815,0.79354933461842,0.597904026475455,0.5326923076923077,0.1324546154109329
chai,e5,s128,2,plot_ani,plots,,250513/5_hum_ani,250513/5_hum_ani/plot_ani/e5_s128/pred-chai_fold2.csv,250513/5_hum_ani/plot_ani/e5_s128/pred-chai_fold2.csv,/home/hwjang/project/250513/5_hum_ani/plot_ani/e5_s128/pred-chai_fold2.csv,250513/5_hum_ani/plot_ani/e5_s128/pred-chai_fold2.csv,-0.72394,0.37813,250513/5_hum_ani/ani_full.csv,0.6346812233816042,0.8009827232435421,0.7552897884084636,0.658974358974359,0.1965800370262958
chai,e5,s128,3,plot_ani,plots,,250513/5_hum_ani,250513/5_hum_ani/plot_ani/e5_s128/pred-chai_fold3.csv,250513/5_hum_ani/plot_ani/e5_s128/pred-chai_fold3.csv,/home/hwjang/project/250513/5_hum_ani/plot_ani/e5_s128/pred-chai_fold3.csv,250513/5_hum_ani/plot_ani/e5_s128/pred-chai_fold3.csv,-0.13012,0.38607,250513/5_hum_ani/ani_full.csv,0.6003791180393422,0.7922121815941452,0.6711644177911045,0.5782051282051283,0.1148316882734008
chai,e5,s128,4,plot_ani,plots,,250513/5_hum_ani,250513/5_hum_ani/plot_ani/e5_s128/pred-chai_fold4.csv,250513/5_hum_ani/plot_ani/e5_s128/pred-chai_fold4.csv,/home/hwjang/project/250513/5_hum_ani/plot_ani/e5_s128/pred-chai_fold4.csv,250513/5_hum_ani/plot_ani/e5_s128/pred-chai_fold4.csv,-0.0662,0.38742,250513/5_hum_ani/ani_full.csv,0.6432931738815482,0.8142480193526205,0.7722772277227723,0.6682692307692307,0.1619571410509821
chai,e5,s42,0,plot_ani,plots,,250513/5_hum_ani,250513/5_hum_ani/plot_ani/e5_s42/pred-chai_fold0.csv,250513/5_hum_ani/plot_ani/e5_s42/pred-chai_fold0.csv,/home/hwjang/project/250513/5_hum_ani/plot_ani/e5_s42/pred-chai_fold0.csv,250513/5_hum_ani/plot_ani/e5_s42/pred-chai_fold0.csv,-0.14483,0.39119,250513/5_hum_ani/ani_full.csv,0.6534944959892521,0.8180377168648443,0.7957537154989385,0.6916666666666667,0.1747908782807959
chai,e5,s42,1,plot_ani,plots,,250513/5_hum_ani,250513/5_hum_ani/plot_ani/e5_s42/pred-chai_fold1.csv,250513/5_hum_ani/plot_ani/e5_s42/pred-chai_fold1.csv,/home/hwjang/project/250513/5_hum_ani/plot_ani/e5_s42/pred-chai_fold1.csv,250513/5_hum_ani/plot_ani/e5_s42/pred-chai_fold1.csv,-0.01298,0.40683,250513/5_hum_ani/ani_full.csv,0.5590028009543386,0.7516169546082592,0.6154652686762778,0.5298076923076923,0.0652278287534152
chai,e5,s42,2,plot_ani,plots,,250513/5_hum_ani,250513/5_hum_ani/plot_ani/e5_s42/pred-chai_fold2.csv,250513/5_hum_ani/plot_ani/e5_s42/pred-chai_fold2.csv,/home/hwjang/project/250513/5_hum_ani/plot_ani/e5_s42/pred-chai_fold2.csv,250513/5_hum_ani/plot_ani/e5_s42/pred-chai_fold2.csv,18.09965,0.38392,250513/5_hum_ani/ani_full.csv,0.5323254873553194,0.7741150099270621,0.6109958506224067,0.5192307692307693,0.0286598088174275
chai,e5,s42,3,plot_ani,plots,,250513/5_hum_ani,250513/5_hum_ani/plot_ani/e5_s42/pred-chai_fold3.csv,250513/5_hum_ani/plot_ani/e5_s42/pred-chai_fold3.csv,/home/hwjang/project/250513/5_hum_ani/plot_ani/e5_s42/pred-chai_fold3.csv,250513/5_hum_ani/plot_ani/e5_s42/pred-chai_fold3.csv,-0.16397,0.38965,250513/5_hum_ani/ani_full.csv,0.6490075501541572,0.8149387441978805,0.6987531172069825,0.6128205128205129,0.1902073760326208
chai,e5,s42,4,plot_ani,plots,,250513/5_hum_ani,250513/5_hum_ani/plot_ani/e5_s42/pred-chai_fold4.csv,250513/5_hum_ani/plot_ani/e5_s42/pred-chai_fold4.csv,/home/hwjang/project/250513/5_hum_ani/plot_ani/e5_s42/pred-chai_fold4.csv,250513/5_hum_ani/plot_ani/e5_s42/pred-chai_fold4.csv,0.06628,0.41061,250513/5_hum_ani/ani_full.csv,0.6495187664963123,0.8242803491995855,0.7714475726003104,0.669551282051282,0.1751622411247345
deepneo,e3,s100,0,plot_ani,plots,,250513/9_hum_ani_etc,250513/9_hum_ani_etc/plot_ani/e3_s100/pred-deepneo_fold0.csv,250513/9_hum_ani_etc/plot_ani/e3_s100/pred-deepneo_fold0.csv,/home/hwjang/project/250513/9_hum_ani_etc/plot_ani/e3_s100/pred-deepneo_fold0.csv,250513/9_hum_ani_etc/plot_ani/e3_s100/pred-deepneo_fold0.csv,0.74062,0.39915,250513/5_hum_ani/ani_full.csv,0.516732877703248,0.7407010185510077,0.2066306861989205,0.3403846153846154,0.0469355328382942
deepneo,e3,s100,1,plot_ani,plots,,250513/9_hum_ani_etc,250513/9_hum_ani_etc/plot_ani/e3_s100/pred-deepneo_fold1.csv,250513/9_hum_ani_etc/plot_ani/e3_s100/pred-deepneo_fold1.csv,/home/hwjang/project/250513/9_hum_ani_etc/plot_ani/e3_s100/pred-deepneo_fold1.csv,250513/9_hum_ani_etc/plot_ani/e3_s100/pred-deepneo_fold1.csv,0.74701,0.41525,250513/5_hum_ani/ani_full.csv,0.4749440090301254,0.7152516304060259,0.1768388106416275,0.3256410256410256,0.0143254475388403
deepneo,e3,s100,2,plot_ani,plots,,250513/9_hum_ani_etc,250513/9_hum_ani_etc/plot_ani/e3_s100/pred-deepneo_fold2.csv,250513/9_hum_ani_etc/plot_ani/e3_s100/pred-deepneo_fold2.csv,/home/hwjang/project/250513/9_hum_ani_etc/plot_ani/e3_s100/pred-deepneo_fold2.csv,250513/9_hum_ani_etc/plot_ani/e3_s100/pred-deepneo_fold2.csv,0.74824,0.40648,250513/5_hum_ani/ani_full.csv,0.5103431846426522,0.7410488967191318,0.247754491017964,0.3557692307692308,0.0570465107120996
deepneo,e3,s100,3,plot_ani,plots,,250513/9_hum_ani_etc,250513/9_hum_ani_etc/plot_ani/e3_s100/pred-deepneo_fold3.csv,250513/9_hum_ani_etc/plot_ani/e3_s100/pred-deepneo_fold3.csv,/home/hwjang/project/250513/9_hum_ani_etc/plot_ani/e3_s100/pred-deepneo_fold3.csv,250513/9_hum_ani_etc/plot_ani/e3_s100/pred-deepneo_fold3.csv,0.75243,0.40434,250513/5_hum_ani/ani_full.csv,0.4877167493388694,0.7364723618623333,0.2978112665949049,0.3727564102564102,0.0536237670736106
deepneo,e3,s100,4,plot_ani,plots,,250513/9_hum_ani_etc,250513/9_hum_ani_etc/plot_ani/e3_s100/pred-deepneo_fold4.csv,250513/9_hum_ani_etc/plot_ani/e3_s100/pred-deepneo_fold4.csv,/home/hwjang/project/250513/9_hum_ani_etc/plot_ani/e3_s100/pred-deepneo_fold4.csv,250513/9_hum_ani_etc/plot_ani/e3_s100/pred-deepneo_fold4.csv,0.74624,0.41427,250513/5_hum_ani/ani_full.csv,0.5059549035615931,0.7392177303028185,0.3312456506610995,0.383974358974359,0.047435264561069
deepneo,e3,s128,0,plot_ani,plots,,250513/9_hum_ani_etc,250513/9_hum_ani_etc/plot_ani/e3_s128/pred-deepneo_fold0.csv,250513/9_hum_ani_etc/plot_ani/e3_s128/pred-deepneo_fold0.csv,/home/hwjang/project/250513/9_hum_ani_etc/plot_ani/e3_s128/pred-deepneo_fold0.csv,250513/9_hum_ani_etc/plot_ani/e3_s128/pred-deepneo_fold0.csv,0.74893,0.40099,250513/5_hum_ani/ani_full.csv,0.5551602433185302,0.7722566198406537,0.609026644915715,0.5391025641025641,0.1298237957386189
deepneo,e3,s128,1,plot_ani,plots,,250513/9_hum_ani_etc,250513/9_hum_ani_etc/plot_ani/e3_s128/pred-deepneo_fold1.csv,250513/9_hum_ani_etc/plot_ani/e3_s128/pred-deepneo_fold1.csv,/home/hwjang/project/250513/9_hum_ani_etc/plot_ani/e3_s128/pred-deepneo_fold1.csv,250513/9_hum_ani_etc/plot_ani/e3_s128/pred-deepneo_fold1.csv,0.73485,0.4226,250513/5_hum_ani/ani_full.csv,0.5591725247799342,0.7736524136967157,0.6092643051771117,0.5403846153846154,0.1352985197650413
deepneo,e3,s128,2,plot_ani,plots,,250513/9_hum_ani_etc,250513/9_hum_ani_etc/plot_ani/e3_s128/pred-deepneo_fold2.csv,250513/9_hum_ani_etc/plot_ani/e3_s128/pred-deepneo_fold2.csv,/home/hwjang/project/250513/9_hum_ani_etc/plot_ani/e3_s128/pred-deepneo_fold2.csv,250513/9_hum_ani_etc/plot_ani/e3_s128/pred-deepneo_fold2.csv,0.75271,0.40964,250513/5_hum_ani/ani_full.csv,0.5788195912416372,0.7880362219081215,0.6642802352339555,0.5791666666666667,0.1452316350251017
deepneo,e3,s128,3,plot_ani,plots,,250513/9_hum_ani_etc,250513/9_hum_ani_etc/plot_ani/e3_s128/pred-deepneo_fold3.csv,250513/9_hum_ani_etc/plot_ani/e3_s128/pred-deepneo_fold3.csv,/home/hwjang/project/250513/9_hum_ani_etc/plot_ani/e3_s128/pred-deepneo_fold3.csv,250513/9_hum_ani_etc/plot_ani/e3_s128/pred-deepneo_fold3.csv,0.74458,0.40987,250513/5_hum_ani/ani_full.csv,0.5691504453461165,0.7854244618253048,0.6765946885083147,0.5823717948717949,0.1158483479149383
deepneo,e3,s128,4,plot_ani,plots,,250513/9_hum_ani_etc,250513/9_hum_ani_etc/plot_ani/e3_s128/pred-deepneo_fold4.csv,250513/9_hum_ani_etc/plot_ani/e3_s128/pred-deepneo_fold4.csv,/home/hwjang/project/250513/9_hum_ani_etc/plot_ani/e3_s128/pred-deepneo_fold4.csv,250513/9_hum_ani_etc/plot_ani/e3_s128/pred-deepneo_fold4.csv,0.74721,0.4212,250513/5_hum_ani/ani_full.csv,0.5642874998913665,0.7813872750777244,0.6619180870007632,0.5740384615384615,0.1275368109148729
deepneo,e3,s42,0,plot_ani,plots,,250513/9_hum_ani_etc,250513/9_hum_ani_etc/plot_ani/e3_s42/pred-deepneo_fold0.csv,250513/9_hum_ani_etc/plot_ani/e3_s42/pred-deepneo_fold0.csv,/home/hwjang/project/250513/9_hum_ani_etc/plot_ani/e3_s42/pred-deepneo_fold0.csv,250513/9_hum_ani_etc/plot_ani/e3_s42/pred-deepneo_fold0.csv,0.74209,0.40203,250513/5_hum_ani/ani_full.csv,0.5285429976397141,0.7597660145758404,0.4433811802232855,0.4407051282051282,0.0907857068326325
deepneo,e3,s42,1,plot_ani,plots,,250513/9_hum_ani_etc,250513/9_hum_ani_etc/plot_ani/e3_s42/pred-deepneo_fold1.csv,250513/9_hum_ani_etc/plot_ani/e3_s42/pred-deepneo_fold1.csv,/home/hwjang/project/250513/9_hum_ani_etc/plot_ani/e3_s42/pred-deepneo_fold1.csv,250513/9_hum_ani_etc/plot_ani/e3_s42/pred-deepneo_fold1.csv,0.74954,0.41986,250513/5_hum_ani/ani_full.csv,0.509218508689911,0.7520408872478136,0.5660481860980338,0.4977564102564102,0.0588215877144399
deepneo,e3,s42,2,plot_ani,plots,,250513/9_hum_ani_etc,250513/9_hum_ani_etc/plot_ani/e3_s42/pred-deepneo_fold2.csv,250513/9_hum_ani_etc/plot_ani/e3_s42/pred-deepneo_fold2.csv,/home/hwjang/project/250513/9_hum_ani_etc/plot_ani/e3_s42/pred-deepneo_fold2.csv,250513/9_hum_ani_etc/plot_ani/e3_s42/pred-deepneo_fold2.csv,0.75336,0.41025,250513/5_hum_ani/ani_full.csv,0.5195726844839195,0.7628358699794106,0.558282208588957,0.4923076923076923,0.0546705478017381
deepneo,e3,s42,3,plot_ani,plots,,250513/9_hum_ani_etc,250513/9_hum_ani_etc/plot_ani/e3_s42/pred-deepneo_fold3.csv,250513/9_hum_ani_etc/plot_ani/e3_s42/pred-deepneo_fold3.csv,/home/hwjang/project/250513/9_hum_ani_etc/plot_ani/e3_s42/pred-deepneo_fold3.csv,250513/9_hum_ani_etc/plot_ani/e3_s42/pred-deepneo_fold3.csv,0.75357,0.40667,250513/5_hum_ani/ani_full.csv,0.5194367009369062,0.760267895589649,0.5862819814915623,0.5128205128205128,0.0722676515399078
deepneo,e3,s42,4,plot_ani,plots,,250513/9_hum_ani_etc,250513/9_hum_ani_etc/plot_ani/e3_s42/pred-deepneo_fold4.csv,250513/9_hum_ani_etc/plot_ani/e3_s42/pred-deepneo_fold4.csv,/home/hwjang/project/250513/9_hum_ani_etc/plot_ani/e3_s42/pred-deepneo_fold4.csv,250513/9_hum_ani_etc/plot_ani/e3_s42/pred-deepneo_fold4.csv,0.74677,0.41408,250513/5_hum_ani/ani_full.csv,0.5352460663180512,0.7697892963876438,0.6150583244962884,0.5346153846153846,0.0895988705505499
esm3_small,e5,s100,0,plot_ani,plots,,250524/2_h2,250524/2_h2/plot_ani/e5_s100/pred-esm3_small_fold0.csv,250524/2_h2/plot_ani/e5_s100/pred-esm3_small_fold0.csv,/home/hwjang/project/250524/2_h2/plot_ani/e5_s100/pred-esm3_small_fold0.csv,250524/2_h2/plot_ani/e5_s100/pred-esm3_small_fold0.csv,-0.80939,0.36551,250513/5_hum_ani/ani_full.csv,0.680935055587109,0.8502062665476486,0.7667269439421338,0.6692307692307692,0.1994172883981895
esm3_small,e5,s100,1,plot_ani,plots,,250524/2_h2,250524/2_h2/plot_ani/e5_s100/pred-esm3_small_fold1.csv,250524/2_h2/plot_ani/e5_s100/pred-esm3_small_fold1.csv,/home/hwjang/project/250524/2_h2/plot_ani/e5_s100/pred-esm3_small_fold1.csv,250524/2_h2/plot_ani/e5_s100/pred-esm3_small_fold1.csv,-3.79035,0.379,250513/5_hum_ani/ani_full.csv,0.6384859510080931,0.8256888811475757,0.703269887750122,0.6102564102564103,0.1577561278464646
esm3_small,e5,s100,2,plot_ani,plots,,250524/2_h2,250524/2_h2/plot_ani/e5_s100/pred-esm3_small_fold2.csv,250524/2_h2/plot_ani/e5_s100/pred-esm3_small_fold2.csv,/home/hwjang/project/250524/2_h2/plot_ani/e5_s100/pred-esm3_small_fold2.csv,250524/2_h2/plot_ani/e5_s100/pred-esm3_small_fold2.csv,-0.53211,0.36116,250513/5_hum_ani/ani_full.csv,0.6755928448115887,0.8199920840103592,0.7269590931493346,0.6448717948717949,0.2480803226768086
esm3_small,e5,s100,3,plot_ani,plots,,250524/2_h2,250524/2_h2/plot_ani/e5_s100/pred-esm3_small_fold3.csv,250524/2_h2/plot_ani/e5_s100/pred-esm3_small_fold3.csv,/home/hwjang/project/250524/2_h2/plot_ani/e5_s100/pred-esm3_small_fold3.csv,250524/2_h2/plot_ani/e5_s100/pred-esm3_small_fold3.csv,-0.22367,0.37295,250513/5_hum_ani/ani_full.csv,0.6775630725942543,0.833371796207283,0.6666666666666666,0.6,0.2445230164002377
esm3_small,e5,s100,4,plot_ani,plots,,250524/2_h2,250524/2_h2/plot_ani/e5_s100/pred-esm3_small_fold4.csv,250524/2_h2/plot_ani/e5_s100/pred-esm3_small_fold4.csv,/home/hwjang/project/250524/2_h2/plot_ani/e5_s100/pred-esm3_small_fold4.csv,250524/2_h2/plot_ani/e5_s100/pred-esm3_small_fold4.csv,-1.59495,0.38246,250513/5_hum_ani/ani_full.csv,0.6508494626349419,0.8247893303048204,0.6894111700783422,0.6060897435897435,0.1912634553018088
esm3_small,e5,s128,0,plot_ani,plots,,250524/2_h2,250524/2_h2/plot_ani/e5_s128/pred-esm3_small_fold0.csv,250524/2_h2/plot_ani/e5_s128/pred-esm3_small_fold0.csv,/home/hwjang/project/250524/2_h2/plot_ani/e5_s128/pred-esm3_small_fold0.csv,250524/2_h2/plot_ani/e5_s128/pred-esm3_small_fold0.csv,-0.08406,0.35934,250513/5_hum_ani/ani_full.csv,0.7031990385043038,0.8549986070241005,0.7558084400189663,0.6698717948717948,0.2590182945490713
esm3_small,e5,s128,1,plot_ani,plots,,250524/2_h2,250524/2_h2/plot_ani/e5_s128/pred-esm3_small_fold1.csv,250524/2_h2/plot_ani/e5_s128/pred-esm3_small_fold1.csv,/home/hwjang/project/250524/2_h2/plot_ani/e5_s128/pred-esm3_small_fold1.csv,250524/2_h2/plot_ani/e5_s128/pred-esm3_small_fold1.csv,-0.9612,0.37756,250513/5_hum_ani/ani_full.csv,0.6519409095254429,0.829328973794289,0.7791477395630543,0.6727564102564103,0.1501624043030845
esm3_small,e5,s128,2,plot_ani,plots,,250524/2_h2,250524/2_h2/plot_ani/e5_s128/pred-esm3_small_fold2.csv,250524/2_h2/plot_ani/e5_s128/pred-esm3_small_fold2.csv,/home/hwjang/project/250524/2_h2/plot_ani/e5_s128/pred-esm3_small_fold2.csv,250524/2_h2/plot_ani/e5_s128/pred-esm3_small_fold2.csv,-4.71471,0.36304,250513/5_hum_ani/ani_full.csv,0.7371029063160266,0.8671600409809082,0.7916666666666666,0.7115384615384616,0.3286807144904254
esm3_small,e5,s128,3,plot_ani,plots,,250524/2_h2,250524/2_h2/plot_ani/e5_s128/pred-esm3_small_fold3.csv,250524/2_h2/plot_ani/e5_s128/pred-esm3_small_fold3.csv,/home/hwjang/project/250524/2_h2/plot_ani/e5_s128/pred-esm3_small_fold3.csv,250524/2_h2/plot_ani/e5_s128/pred-esm3_small_fold3.csv,-0.87197,0.37241,250513/5_hum_ani/ani_full.csv,0.5844721103368455,0.7806475205787168,0.7259395050412466,0.6166666666666667,0.0910310474760232
esm3_small,e5,s128,4,plot_ani,plots,,250524/2_h2,250524/2_h2/plot_ani/e5_s128/pred-esm3_small_fold4.csv,250524/2_h2/plot_ani/e5_s128/pred-esm3_small_fold4.csv,/home/hwjang/project/250524/2_h2/plot_ani/e5_s128/pred-esm3_small_fold4.csv,250524/2_h2/plot_ani/e5_s128/pred-esm3_small_fold4.csv,-0.18541,0.3735,250513/5_hum_ani/ani_full.csv,0.7239324396930862,0.8668993105786937,0.7803293899327303,0.6964743589743589,0.2955293571531027
esm3_small,e5,s42,0,plot_ani,plots,,250524/2_h2,250524/2_h2/plot_ani/e5_s42/pred-esm3_small_fold0.csv,250524/2_h2/plot_ani/e5_s42/pred-esm3_small_fold0.csv,/home/hwjang/project/250524/2_h2/plot_ani/e5_s42/pred-esm3_small_fold0.csv,250524/2_h2/plot_ani/e5_s42/pred-esm3_small_fold0.csv,-0.67772,0.363,250513/5_hum_ani/ani_full.csv,0.7632797391160762,0.894219817656665,0.8055303717135086,0.725,0.3376489192246267
esm3_small,e5,s42,1,plot_ani,plots,,250524/2_h2,250524/2_h2/plot_ani/e5_s42/pred-esm3_small_fold1.csv,250524/2_h2/plot_ani/e5_s42/pred-esm3_small_fold1.csv,/home/hwjang/project/250524/2_h2/plot_ani/e5_s42/pred-esm3_small_fold1.csv,250524/2_h2/plot_ani/e5_s42/pred-esm3_small_fold1.csv,-1.22112,0.38913,250513/5_hum_ani/ani_full.csv,0.6378144683426725,0.8255712864009193,0.6186770428015564,0.5602564102564103,0.2037856650564711
esm3_small,e5,s42,2,plot_ani,plots,,250524/2_h2,250524/2_h2/plot_ani/e5_s42/pred-esm3_small_fold2.csv,250524/2_h2/plot_ani/e5_s42/pred-esm3_small_fold2.csv,/home/hwjang/project/250524/2_h2/plot_ani/e5_s42/pred-esm3_small_fold2.csv,250524/2_h2/plot_ani/e5_s42/pred-esm3_small_fold2.csv,-2.12242,0.37099,250513/5_hum_ani/ani_full.csv,0.6289075460133049,0.8240962281077938,0.7110582639714625,0.6105769230769231,0.1259749724378135
esm3_small,e5,s42,3,plot_ani,plots,,250524/2_h2,250524/2_h2/plot_ani/e5_s42/pred-esm3_small_fold3.csv,250524/2_h2/plot_ani/e5_s42/pred-esm3_small_fold3.csv,/home/hwjang/project/250524/2_h2/plot_ani/e5_s42/pred-esm3_small_fold3.csv,250524/2_h2/plot_ani/e5_s42/pred-esm3_small_fold3.csv,-0.30777,0.36827,250513/5_hum_ani/ani_full.csv,0.7460568605488725,0.8846084616467265,0.8166484118291347,0.7317307692307692,0.317721037944225
esm3_small,e5,s42,4,plot_ani,plots,,250524/2_h2,250524/2_h2/plot_ani/e5_s42/pred-esm3_small_fold4.csv,250524/2_h2/plot_ani/e5_s42/pred-esm3_small_fold4.csv,/home/hwjang/project/250524/2_h2/plot_ani/e5_s42/pred-esm3_small_fold4.csv,250524/2_h2/plot_ani/e5_s42/pred-esm3_small_fold4.csv,-0.28488,0.37817,250513/5_hum_ani/ani_full.csv,0.7276070627604967,0.8695441156007053,0.823109243697479,0.7301282051282051,0.2681326834484833
esmc_small,e5,s100,0,plot_ani,plots,,250513/5_hum_ani,250513/5_hum_ani/plot_ani/e5_s100/pred-esmc_small_fold0.csv,250513/5_hum_ani/plot_ani/e5_s100/pred-esmc_small_fold0.csv,/home/hwjang/project/250513/5_hum_ani/plot_ani/e5_s100/pred-esmc_small_fold0.csv,250513/5_hum_ani/plot_ani/e5_s100/pred-esmc_small_fold0.csv,-0.06238,0.35474,250513/5_hum_ani/ani_full.csv,0.6879290063641322,0.840491336383605,0.7537119962290832,0.6650641025641025,0.2408231296719513
esmc_small,e5,s100,1,plot_ani,plots,,250513/5_hum_ani,250513/5_hum_ani/plot_ani/e5_s100/pred-esmc_small_fold1.csv,250513/5_hum_ani/plot_ani/e5_s100/pred-esmc_small_fold1.csv,/home/hwjang/project/250513/5_hum_ani/plot_ani/e5_s100/pred-esmc_small_fold1.csv,250513/5_hum_ani/plot_ani/e5_s100/pred-esmc_small_fold1.csv,-0.65592,0.38607,250513/5_hum_ani/ani_full.csv,0.6796401445924303,0.8437856539788242,0.7420427553444181,0.6519230769230769,0.2198544019164076
esmc_small,e5,s100,2,plot_ani,plots,,250513/5_hum_ani,250513/5_hum_ani/plot_ani/e5_s100/pred-esmc_small_fold2.csv,250513/5_hum_ani/plot_ani/e5_s100/pred-esmc_small_fold2.csv,/home/hwjang/project/250513/5_hum_ani/plot_ani/e5_s100/pred-esmc_small_fold2.csv,250513/5_hum_ani/plot_ani/e5_s100/pred-esmc_small_fold2.csv,-0.46728,0.36906,250513/5_hum_ani/ani_full.csv,0.7346066369172837,0.8705786181883087,0.8020394590999779,0.7137820512820513,0.2855707650731238
esmc_small,e5,s100,3,plot_ani,plots,,250513/5_hum_ani,250513/5_hum_ani/plot_ani/e5_s100/pred-esmc_small_fold3.csv,250513/5_hum_ani/plot_ani/e5_s100/pred-esmc_small_fold3.csv,/home/hwjang/project/250513/5_hum_ani/plot_ani/e5_s100/pred-esmc_small_fold3.csv,250513/5_hum_ani/plot_ani/e5_s100/pred-esmc_small_fold3.csv,0.16888,0.38153,250513/5_hum_ani/ani_full.csv,0.6888934159936078,0.8473348655491268,0.7878787878787878,0.6903846153846154,0.2153937301387709
esmc_small,e5,s100,4,plot_ani,plots,,250513/5_hum_ani,250513/5_hum_ani/plot_ani/e5_s100/pred-esmc_small_fold4.csv,250513/5_hum_ani/plot_ani/e5_s100/pred-esmc_small_fold4.csv,/home/hwjang/project/250513/5_hum_ani/plot_ani/e5_s100/pred-esmc_small_fold4.csv,250513/5_hum_ani/plot_ani/e5_s100/pred-esmc_small_fold4.csv,-0.59176,0.37438,250513/5_hum_ani/ani_full.csv,0.6900597560782346,0.8380667119934053,0.732726825670027,0.6516025641025641,0.2606490349339664
esmc_small,e5,s128,0,plot_ani,plots,,250513/5_hum_ani,250513/5_hum_ani/plot_ani/e5_s128/pred-esmc_small_fold0.csv,250513/5_hum_ani/plot_ani/e5_s128/pred-esmc_small_fold0.csv,/home/hwjang/project/250513/5_hum_ani/plot_ani/e5_s128/pred-esmc_small_fold0.csv,250513/5_hum_ani/plot_ani/e5_s128/pred-esmc_small_fold0.csv,-0.15481,0.35988,250513/5_hum_ani/ani_full.csv,0.6574134804682129,0.8097091745962761,0.7375684035212943,0.646474358974359,0.2093198747555311
esmc_small,e5,s128,1,plot_ani,plots,,250513/5_hum_ani,250513/5_hum_ani/plot_ani/e5_s128/pred-esmc_small_fold1.csv,250513/5_hum_ani/plot_ani/e5_s128/pred-esmc_small_fold1.csv,/home/hwjang/project/250513/5_hum_ani/plot_ani/e5_s128/pred-esmc_small_fold1.csv,250513/5_hum_ani/plot_ani/e5_s128/pred-esmc_small_fold1.csv,-0.64529,0.37858,250513/5_hum_ani/ani_full.csv,0.6885552463832723,0.8452894011406848,0.7400096292729899,0.6538461538461539,0.2404511901988751
esmc_small,e5,s128,2,plot_ani,plots,,250513/5_hum_ani,250513/5_hum_ani/plot_ani/e5_s128/pred-esmc_small_fold2.csv,250513/5_hum_ani/plot_ani/e5_s128/pred-esmc_small_fold2.csv,/home/hwjang/project/250513/5_hum_ani/plot_ani/e5_s128/pred-esmc_small_fold2.csv,250513/5_hum_ani/plot_ani/e5_s128/pred-esmc_small_fold2.csv,-1.27512,0.3542,250513/5_hum_ani/ani_full.csv,0.6632321448746216,0.8279760986582121,0.7170552147239264,0.6304487179487179,0.210427352423502
esmc_small,e5,s128,3,plot_ani,plots,,250513/5_hum_ani,250513/5_hum_ani/plot_ani/e5_s128/pred-esmc_small_fold3.csv,250513/5_hum_ani/plot_ani/e5_s128/pred-esmc_small_fold3.csv,/home/hwjang/project/250513/5_hum_ani/plot_ani/e5_s128/pred-esmc_small_fold3.csv,250513/5_hum_ani/plot_ani/e5_s128/pred-esmc_small_fold3.csv,-0.44713,0.37184,250513/5_hum_ani/ani_full.csv,0.6132428548569898,0.7922001899007994,0.6658124038954383,0.5820512820512821,0.1544812924957075
esmc_small,e5,s128,4,plot_ani,plots,,250513/5_hum_ani,250513/5_hum_ani/plot_ani/e5_s128/pred-esmc_small_fold4.csv,250513/5_hum_ani/plot_ani/e5_s128/pred-esmc_small_fold4.csv,/home/hwjang/project/250513/5_hum_ani/plot_ani/e5_s128/pred-esmc_small_fold4.csv,250513/5_hum_ani/plot_ani/e5_s128/pred-esmc_small_fold4.csv,-0.50194,0.36707,250513/5_hum_ani/ani_full.csv,0.6562100771987798,0.8169134645555283,0.7160009801519236,0.628525641025641,0.2042850529845971
esmc_small,e5,s42,0,plot_ani,plots,,250513/5_hum_ani,250513/5_hum_ani/plot_ani/e5_s42/pred-esmc_small_fold0.csv,250513/5_hum_ani/plot_ani/e5_s42/pred-esmc_small_fold0.csv,/home/hwjang/project/250513/5_hum_ani/plot_ani/e5_s42/pred-esmc_small_fold0.csv,250513/5_hum_ani/plot_ani/e5_s42/pred-esmc_small_fold0.csv,-0.25216,0.36664,250513/5_hum_ani/ani_full.csv,0.687977571916637,0.8340354591532166,0.7628235294117647,0.676923076923077,0.2664091220403598
esmc_small,e5,s42,1,plot_ani,plots,,250513/5_hum_ani,250513/5_hum_ani/plot_ani/e5_s42/pred-esmc_small_fold1.csv,250513/5_hum_ani/plot_ani/e5_s42/pred-esmc_small_fold1.csv,/home/hwjang/project/250513/5_hum_ani/plot_ani/e5_s42/pred-esmc_small_fold1.csv,250513/5_hum_ani/plot_ani/e5_s42/pred-esmc_small_fold1.csv,-1.03003,0.37486,250513/5_hum_ani/ani_full.csv,0.6605104290689882,0.8335726152421362,0.6559139784946236,0.5897435897435898,0.2294091658485302
esmc_small,e5,s42,2,plot_ani,plots,,250513/5_hum_ani,250513/5_hum_ani/plot_ani/e5_s42/pred-esmc_small_fold2.csv,250513/5_hum_ani/plot_ani/e5_s42/pred-esmc_small_fold2.csv,/home/hwjang/project/250513/5_hum_ani/plot_ani/e5_s42/pred-esmc_small_fold2.csv,250513/5_hum_ani/plot_ani/e5_s42/pred-esmc_small_fold2.csv,-0.98967,0.36332,250513/5_hum_ani/ani_full.csv,0.7222157752161295,0.8524289822182811,0.7226762002042901,0.6519230769230769,0.3063477519978661
esmc_small,e5,s42,3,plot_ani,plots,,250513/5_hum_ani,250513/5_hum_ani/plot_ani/e5_s42/pred-esmc_small_fold3.csv,250513/5_hum_ani/plot_ani/e5_s42/pred-esmc_small_fold3.csv,/home/hwjang/project/250513/5_hum_ani/plot_ani/e5_s42/pred-esmc_small_fold3.csv,250513/5_hum_ani/plot_ani/e5_s42/pred-esmc_small_fold3.csv,-0.33576,0.37046,250513/5_hum_ani/ani_full.csv,0.6817376652442924,0.8455507467495558,0.6902609144923793,0.6157051282051282,0.2392875285674878
esmc_small,e5,s42,4,plot_ani,plots,,250513/5_hum_ani,250513/5_hum_ani/plot_ani/e5_s42/pred-esmc_small_fold4.csv,250513/5_hum_ani/plot_ani/e5_s42/pred-esmc_small_fold4.csv,/home/hwjang/project/250513/5_hum_ani/plot_ani/e5_s42/pred-esmc_small_fold4.csv,250513/5_hum_ani/plot_ani/e5_s42/pred-esmc_small_fold4.csv,-0.4822,0.37803,250513/5_hum_ani/ani_full.csv,0.6848402372248314,0.8489117785669897,0.7220831246870305,0.6442307692307693,0.2656241117560416
