model,lr,molecule,roc_auc,roc_auc_sd,pr_auc,pr_auc_sd,f1,f1_sd,accuracy,accuracy_sd,mcc,mcc_sd,n_seeds,seeds,n,beta,HLA_Type
blosum,e3,H2-IAbB_H2-IAbA,0.6038202974850174,0.024950072444570207,0.822988973156393,0.011393563733584926,0.7749313631204123,0.03280504027944435,0.6697682011100229,0.032062947489044216,0.08297534710297867,0.02393994226355108,3.0,s100|s128|s42,,H2-IAbB,H2
blosum,e3,H2-IAdB_H2-IAdA,0.585504478398314,0.014596182019195814,0.4850230402807476,0.0217100327922656,0.5738599479977986,0.011478565575699876,0.4784,0.00445421149026405,0.0740187121014234,0.03138362100267167,3.0,s100|s128|s42,,H2-IAdB,H2
blosum,e3,H2-IEdB_H2-IEdA,0.5288715192965315,0.03729028670489422,0.2579013964116807,0.016120680552855354,0.3393655764518959,0.004247566029736858,0.2345238095238095,0.02030800251099046,-0.010624777439489114,0.061769367129053614,3.0,s100|s128|s42,,H2-IEdB,H2
blosum,e3,HLA-DPB1~01:01_HLA-DPA1~02:01,0.815386052958201,0.051898518221843416,0.9064538283673887,0.029438086723107267,0.8350283609114696,0.009678539390396212,0.7242488362251375,0.019630035413102893,0.19825141758686116,0.07081607192294531,3.0,s100|s128|s42,,HLA-DPB1~01:01,DP
blosum,e3,HLA-DPB1~02:01_HLA-DPA1~01:03,0.8890753616516766,0.022737018606554867,0.9576368789982305,0.009799005713159404,0.8867988187740607,0.007626654110415085,0.808266879319511,0.015496232501803337,0.37565510611819325,0.07473441089540292,3.0,s100|s128|s42,,HLA-DPB1~02:01,DP
blosum,e3,HLA-DPB1~04:01_HLA-DPA1~01:03,0.8536382544103992,0.04227810630255392,0.9490755110859426,0.016894665208886536,0.9045567927661388,0.010164718602194778,0.842830848518314,0.014791481307054846,0.4781514799026462,0.07156801078189338,3.0,s100|s128|s42,,HLA-DPB1~04:01,DP
blosum,e3,HLA-DPB1~04:02_HLA-DPA1~03:01,0.8068461223756871,0.007710805996345307,0.5583468900942458,0.015053539611932768,0.5447931555771891,0.008684461120411551,0.6353825136612022,0.03511480416388856,0.36827727262768845,0.009804088379662032,3.0,s100|s128|s42,,HLA-DPB1~04:02,DP
blosum,e3,HLA-DPB1~05:01_HLA-DPA1~02:01,0.7122632129774987,0.007578447544280347,0.3578321037442859,0.009183282171706109,0.42700887574367874,0.0061567974936397275,0.5755464480874317,0.019595493364746672,0.24769576278654948,0.013399284268452967,3.0,s100|s128|s42,,HLA-DPB1~05:01,DP
blosum,e3,HLA-DPB1~05:01_HLA-DPA1~02:02,0.7573197655979426,0.009548211483426858,0.8664376512283479,0.00851438920275676,0.5909863238609679,0.05262877783069435,0.5949584068565666,0.030228923303435518,0.3172109385333622,0.019478943522133516,3.0,s100|s128|s42,,HLA-DPB1~05:01,DP
blosum,e3,HLA-DQB1~02:01_HLA-DQA1~05:01,0.7763992402972343,0.02406817973031409,0.8322675512485137,0.020560348501076672,0.7584242708181873,0.011300929665313979,0.6853801169590644,0.024870377384192878,0.3467712351032741,0.05712387064357956,3.0,s100|s128|s42,,HLA-DQB1~02:01,DQ
blosum,e3,HLA-DQB1~03:01_HLA-DQA1~02:01,0.7150626198216221,0.03435733542793854,0.7336883423339192,0.03943721277647201,0.6898001424631781,0.01578708386771187,0.6050279329608939,0.05378019945110696,0.2324573011356852,0.09875834710966609,3.0,s100|s128|s42,,HLA-DQB1~03:01,DQ
blosum,e3,HLA-DQB1~03:01_HLA-DQA1~03:01,0.7686274509803922,0.025663904679938655,0.7374519810189395,0.034947418170086134,0.6719940914534969,0.02981463940919792,0.6789473684210526,0.04930261577682951,0.3835861638286006,0.07131933005514365,3.0,s100|s128|s42,,HLA-DQB1~03:01,DQ
blosum,e3,HLA-DQB1~03:01_HLA-DQA1~05:01,0.6947449272007847,0.025811538269568376,0.7555090531831885,0.02974286226092556,0.7449295266496208,0.0005329065211108932,0.5953379953379954,0.002011277904833911,0.034699329745736904,0.016863248488858937,3.0,s100|s128|s42,,HLA-DQB1~03:01,DQ
blosum,e3,HLA-DQB1~03:02_HLA-DQA1~03:01,0.6584865552478737,0.042173602710617195,0.6036638553301246,0.05025948169923883,0.5651940712214895,0.03742173052175849,0.5921702303481045,0.018740182106373345,0.20500422246680006,0.049685791498368645,3.0,s100|s128|s42,,HLA-DQB1~03:02,DQ
blosum,e3,HLA-DQB1~03:02_HLA-DQA1~05:01,0.753696575577179,0.014424731245477511,0.6286027338388391,0.019827683693046556,0.6162616292723911,0.0018648355759200458,0.6673059360730594,0.017811028931835556,0.350561665100013,0.01727902443297418,3.0,s100|s128|s42,,HLA-DQB1~03:02,DQ
blosum,e3,HLA-DQB1~03:03_HLA-DQA1~02:01,0.7810662324423792,0.0200963112850377,0.7493643063506609,0.030240825625326456,0.6611100624884765,0.01650652735248903,0.6985955056179775,0.010116260171555673,0.3957270629329357,0.02397987134975101,3.0,s100|s128|s42,,HLA-DQB1~03:03,DQ
blosum,e3,HLA-DQB1~03:03_HLA-DQA1~05:01,0.7981954156954156,0.0014084924062322385,0.7574481815035509,0.004552296470637106,0.6593775773337812,0.02251719697499065,0.7108998732572878,0.0012222624538646934,0.42437832722761554,0.002490331792271867,3.0,s100|s128|s42,,HLA-DQB1~03:03,DQ
blosum,e3,HLA-DQB1~04:02_HLA-DQA1~02:01,0.7724789828792419,0.011826089052903235,0.7189359674456872,0.012510292226980657,0.6649323700659869,0.022465931951546822,0.6746438746438747,0.02005058496856168,0.37966320621578076,0.03509091104884161,3.0,s100|s128|s42,,HLA-DQB1~04:02,DQ
blosum,e3,HLA-DQB1~04:02_HLA-DQA1~03:03,0.6747674615254523,0.025691801116193427,0.48325578036589967,0.030469879804019735,0.49768077503060715,0.01373587216580847,0.5936748893105629,0.02638139901093834,0.21706263535341605,0.03396453049449729,3.0,s100|s128|s42,,HLA-DQB1~04:02,DQ
blosum,e3,HLA-DQB1~04:02_HLA-DQA1~05:01,0.7456560692161983,0.009874421277351842,0.7771442476623246,0.0035650207590630346,0.5813208816721361,0.03121045134229356,0.634059022738268,0.018957770528148656,0.33386154848228095,0.026021054195927654,3.0,s100|s128|s42,,HLA-DQB1~04:02,DQ
blosum,e3,HLA-DQB1~04:02_HLA-DQA1~06:01,0.7744289131494518,0.00789544045342139,0.6103054933607869,0.012683376819217546,0.5799249618487107,0.01368123624050053,0.6444444444444445,0.023864571285917038,0.3481422106249544,0.0270927400366981,3.0,s100|s128|s42,,HLA-DQB1~04:02,DQ
blosum,e3,HLA-DQB1~05:01_HLA-DQA1~01:01,0.630694275274056,0.06722993654722191,0.3368974302454151,0.06321003717746397,0.4044022540443493,0.054525384504291965,0.5646511627906977,0.023040491551754243,0.15348842811519747,0.08543328674299308,3.0,s100|s128|s42,,HLA-DQB1~05:01,DQ
blosum,e3,HLA-DQB1~05:01_HLA-DQA1~01:02,0.636455566905005,0.026719399997079486,0.6980716631717231,0.027171526151333714,0.42182475722578056,0.05369741423734642,0.502234382124943,0.014673449638862367,0.12626640260339567,0.028941146378791985,3.0,s100|s128|s42,,HLA-DQB1~05:01,DQ
blosum,e3,HLA-DQB1~05:02_HLA-DQA1~01:02,0.6411419753086419,0.024099167833363674,0.48505969082456096,0.025259838362625527,0.4477767778694051,0.0071102253125678114,0.6059523809523809,0.01761743879398662,0.16412767114237128,0.0038315101242877513,3.0,s100|s128|s42,,HLA-DQB1~05:02,DQ
blosum,e3,HLA-DQB1~05:03_HLA-DQA1~01:04,0.6085698005698005,0.022388577421484375,0.38361769558259823,0.02817191205171793,0.31264744759315805,0.073871867470972,0.6550898203592815,0.033597030273306745,0.11518978040625161,0.057255570502172594,3.0,s100|s128|s42,,HLA-DQB1~05:03,DQ
blosum,e3,HLA-DQB1~06:02_HLA-DQA1~01:02,0.5719717739687341,0.0078018460757495614,0.4297444498819685,0.004598431525519696,0.40468277859715934,0.06453855317051423,0.57089072543618,0.02017299024498764,0.09250508750034632,0.013559356262726153,3.0,s100|s128|s42,,HLA-DQB1~06:02,DQ
blosum,e3,HLA-DQB1~06:03_HLA-DQA1~01:03,0.7409381330839957,0.0024482137723800643,0.43779832176404154,0.007078849129243817,0.39035571633926763,0.015235651638939434,0.7568773234200744,0.01048827953878506,0.2557210402712198,0.012904223995792299,3.0,s100|s128|s42,,HLA-DQB1~06:03,DQ
blosum,e3,HLA-DRB1~01:01_HLA-DRA~01:01,0.6581167477185441,0.02291620516989033,0.8313094594806519,0.015628457575144482,0.8533131921008624,0.00399622869268061,0.7544649838916518,0.006316689659946121,0.18065725663669177,0.022679714900766947,3.0,s100|s128|s42,,HLA-DRB1~01:01,DR
blosum,e3,HLA-DRB1~03:01_HLA-DRA~01:01,0.6886207248743377,0.01600144424401316,0.6568123095199595,0.016731942207876917,0.6612561839505845,0.020308042284603672,0.6245419479267117,0.004509936802882405,0.26801290952481005,0.008998381758595433,3.0,s100|s128|s42,,HLA-DRB1~03:01,DR
blosum,e3,HLA-DRB1~04:04_HLA-DRA~01:01,0.5920303388906182,0.010599814748102353,0.4142513843712079,0.008501016531483366,0.5524309079380766,0.0017067417609262078,0.43832892310159566,0.003828461064064932,0.1502105986332399,0.0068449129104720015,3.0,s100|s128|s42,,HLA-DRB1~04:04,DR
blosum,e3,HLA-DRB1~04:05_HLA-DRA~01:01,0.700273360340152,0.011653861187614079,0.7707256425166262,0.009801574135670064,0.7807786208026056,0.030837059702990596,0.6933428947053902,0.023002950311132,0.3040434490146396,0.025273291259940135,3.0,s100|s128|s42,,HLA-DRB1~04:05,DR
blosum,e3,HLA-DRB1~07:01_HLA-DRA~01:01,0.7207616013775748,0.017825318264775545,0.5386552480190171,0.023149900505931423,0.5403969388957642,0.019690624506336248,0.6008497922211328,0.05186619159796661,0.27790923957544483,0.031284471422063455,3.0,s100|s128|s42,,HLA-DRB1~07:01,DR
blosum,e3,HLA-DRB1~08:01_HLA-DRA~01:01,0.7179353942240541,0.008816914891717612,0.8799402394737738,0.0023619417215612988,0.48630961428110103,0.04770644907560487,0.4644003777148253,0.02749885852706873,0.1986201014553982,0.015720053939403848,3.0,s100|s128|s42,,HLA-DRB1~08:01,DR
blosum,e3,HLA-DRB1~08:02_HLA-DRA~01:01,0.6889258557424792,0.0027126665124951477,0.6166485704899216,0.0011777802117648858,0.6259785248209105,0.012241066535070065,0.6163593380614657,0.008493810524022948,0.26210556761848913,0.010043047906340764,3.0,s100|s128|s42,,HLA-DRB1~08:02,DR
blosum,e3,HLA-DRB1~09:01_HLA-DRA~01:01,0.7385225385001921,0.014619707534566661,0.7629777243118893,0.013772349961296634,0.6637509395669995,0.03759013558850507,0.658392101551481,0.011448241971864115,0.3399105521895467,0.012055173074363318,3.0,s100|s128|s42,,HLA-DRB1~09:01,DR
blosum,e3,HLA-DRB1~11:01_HLA-DRA~01:01,0.8060416102454392,0.010912355874662499,0.807343363652585,0.00947116482109644,0.7692871414606105,0.010192428044957519,0.7165618448637318,0.03198854863108462,0.44539307943429396,0.04629342512274744,3.0,s100|s128|s42,,HLA-DRB1~11:01,DR
blosum,e3,HLA-DRB1~12:01_HLA-DRA~01:01,0.7259566344371997,0.014780124747776019,0.6859119749667143,0.016738047352289134,0.7208294800505443,0.0031098813942647013,0.6494287432351172,0.022123780470791207,0.3386105266862021,0.03066183329644032,3.0,s100|s128|s42,,HLA-DRB1~12:01,DR
blosum,e3,HLA-DRB1~13:01_HLA-DRA~01:01,0.864992601170945,0.008030176656856349,0.9201376747654454,0.009357193487333378,0.8394095892462771,0.016690702822071052,0.7903471634208298,0.013223249596132084,0.5413738933405458,0.01590692272146979,3.0,s100|s128|s42,,HLA-DRB1~13:01,DR
blosum,e3,HLA-DRB1~13:02_HLA-DRA~01:01,0.7071421791216942,0.006746792289144231,0.6509819121628019,0.009356583628202148,0.6501093783784063,0.03360690288713295,0.6458790806616893,0.01039919365010936,0.30704111034890413,0.019129521222748757,3.0,s100|s128|s42,,HLA-DRB1~13:02,DR
blosum,e3,HLA-DRB1~14:54_HLA-DRA~01:01,0.8098082460644092,0.019083057007165036,0.9188532969551247,0.011061712029269264,0.8771650484977899,0.0013638184752779925,0.7965014577259475,0.00477280045007147,0.35954491642508385,0.0388403038675788,3.0,s100|s128|s42,,HLA-DRB1~14:54,DR
blosum,e3,HLA-DRB1~15:01_HLA-DRA~01:01,0.7306822214861612,0.004852031005244778,0.4922394454059893,0.00596307974327506,0.4457630382175836,0.024135882933479066,0.7195149547422274,0.005811142888312395,0.28008532844411343,0.010859298193043996,3.0,s100|s128|s42,,HLA-DRB1~15:01,DR
blosum,e3,HLA-DRB1~16:02_HLA-DRA~01:01,0.6395061728395062,0.03707799083658891,0.850740834769416,0.007384030924473647,0.8296932042220284,0.026534568490514623,0.7261904761904762,0.035408212276231005,0.12083345446533529,0.0683995270589495,3.0,s100|s128|s42,,HLA-DRB1~16:02,DR
blosum,e3,HLA-DRB3~01:01_HLA-DRA~01:01,0.6494171567145844,0.002379994755620281,0.495994081256168,0.00116536629639804,0.572333291270744,0.009689133922579132,0.6,0.004056300119761341,0.2262723764515956,0.003877221536229765,3.0,s100|s128|s42,,HLA-DRB3~01:01,DR
blosum,e3,HLA-DRB3~02:02_HLA-DRA~01:01,0.6997124822202632,0.003941937208061337,0.688413223490374,0.00276544223608854,0.5944770653472956,0.0258590023021159,0.6188053949903661,0.009867834406423828,0.2546451405486938,0.01420933055099641,3.0,s100|s128|s42,,HLA-DRB3~02:02,DR
blosum,e3,HLA-DRB3~03:01_HLA-DRA~01:01,0.7289201771888215,0.012032609751474492,0.8224784004261437,0.006055407614831161,0.739330588129956,0.03752480529198628,0.6775173611111112,0.028135045145434648,0.3190547076634224,0.027579057086463882,3.0,s100|s128|s42,,HLA-DRB3~03:01,DR
blosum,e3,HLA-DRB4~01:01_HLA-DRA~01:01,0.7239516952191783,0.006525291858315173,0.6941194142289979,0.00048209133423475503,0.689767395082901,0.00620633328439775,0.5822343489464908,0.013419530003607889,0.2561317164747323,0.029165746306442284,3.0,s100|s128|s42,,HLA-DRB4~01:01,DR
blosum,e3,HLA-DRB5~01:01_HLA-DRA~01:01,0.747779271693136,0.013202802737977064,0.8269143191838682,0.009409902138584276,0.7952940181073173,0.013193354457862851,0.7199732031773376,0.008804899155256094,0.3648489121454559,0.013522080998317759,3.0,s100|s128|s42,,HLA-DRB5~01:01,DR
chai,e5,H2-IAbB_H2-IAbA,0.7015477440000409,0.05795098594607843,0.876172170020809,0.025363771764672995,0.8035202845084278,0.027145493215643343,0.7079333986287953,0.03728060683287546,0.22506384086735828,0.09397871683254645,3.0,s100|s128|s42,,H2-IAbB,H2
chai,e5,H2-IAdB_H2-IAdA,0.666706181945908,0.006559712680465342,0.5627192731643325,0.005873607382939434,0.6021914831894449,0.01006273048298789,0.6128,0.013948476619330174,0.2538447892177355,0.023059044288903097,3.0,s100|s128|s42,,H2-IAdB,H2
chai,e5,H2-IEdB_H2-IEdA,0.6112359550561798,0.006404641569740033,0.25763909616039404,0.009840466222741456,0.3785647441050553,0.008654503849780977,0.44107142857142856,0.022374935868110145,0.15083505166525035,0.02453544726988913,3.0,s100|s128|s42,,H2-IEdB,H2
chai,e5,HLA-DPB1~01:01_HLA-DPA1~02:01,0.9441375334077463,0.008760110305462577,0.9773410993810655,0.00377528308283399,0.8836233750065662,0.004486680359268952,0.8197771194808858,0.009021545108828648,0.544576493749238,0.028297007445161358,3.0,s100|s128|s42,,HLA-DPB1~01:01,DP
chai,e5,HLA-DPB1~02:01_HLA-DPA1~01:03,0.9175208638238305,0.04131879401653752,0.969464744631993,0.01791041478001288,0.9063408502717293,0.015019642602785311,0.8423179160021265,0.026608651843828275,0.48681433916581884,0.10179346700391721,3.0,s100|s128|s42,,HLA-DPB1~02:01,DP
chai,e5,HLA-DPB1~04:01_HLA-DPA1~01:03,0.9719782729805013,0.003487206536073307,0.9920912313861253,0.0009564258108580989,0.9502743519166691,0.012989496257545783,0.9223265230995766,0.017848722509173624,0.7764417504778046,0.0321049014824738,3.0,s100|s128|s42,,HLA-DPB1~04:01,DP
chai,e5,HLA-DPB1~04:02_HLA-DPA1~03:01,0.8480679910179584,0.002934945977765183,0.6349211013065068,0.005705430831637174,0.6251466339191247,0.02137575478746283,0.7914617486338797,0.008553538227790775,0.48815016111891224,0.027496849200798437,3.0,s100|s128|s42,,HLA-DPB1~04:02,DP
chai,e5,HLA-DPB1~05:01_HLA-DPA1~02:01,0.8507818768533054,0.005490736904581789,0.583619181542317,0.015336315428559344,0.5738468266495035,0.0033542943542885467,0.7843579234972676,0.01532964032310358,0.4594635774127773,0.007564973445760836,3.0,s100|s128|s42,,HLA-DPB1~05:01,DP
chai,e5,HLA-DPB1~05:01_HLA-DPA1~02:02,0.8278997597924139,0.005030187477424455,0.9040508215799318,0.002735135660167649,0.8218616222716753,0.019196486758410684,0.7625745735652467,0.011682181087992858,0.4708290120323566,0.01542008670782924,3.0,s100|s128|s42,,HLA-DPB1~05:01,DP
chai,e5,HLA-DQB1~02:01_HLA-DQA1~05:01,0.8409127593220117,0.008889159415545408,0.8958583979465434,0.006394363124064578,0.7797362109094771,0.0073284606754041625,0.7169956140350878,0.019274868716017204,0.416169605041565,0.042766214504725,3.0,s100|s128|s42,,HLA-DQB1~02:01,DQ
chai,e5,HLA-DQB1~03:01_HLA-DQA1~02:01,0.7601983829290656,0.024823784846932248,0.7820924752159891,0.02557911491045476,0.7221951189111732,0.011492957646949374,0.6581936685288641,0.018499832210277255,0.3334651311947427,0.035284608868484044,3.0,s100|s128|s42,,HLA-DQB1~03:01,DQ
chai,e5,HLA-DQB1~03:01_HLA-DQA1~03:01,0.7997198879551822,0.020136432550393227,0.7858718692033939,0.029162747346066872,0.6985006614259356,0.01855646234845054,0.7219298245614034,0.03083929093201215,0.4451331009333667,0.05435416828508859,3.0,s100|s128|s42,,HLA-DQB1~03:01,DQ
chai,e5,HLA-DQB1~03:01_HLA-DQA1~05:01,0.7676776444135833,0.00562857684643527,0.8260559666272377,0.00242235872431307,0.7541771578428463,0.0006508486332193623,0.6219780219780219,0.0031145768767472594,0.15828708321718757,0.01902757483193071,3.0,s100|s128|s42,,HLA-DQB1~03:01,DQ
chai,e5,HLA-DQB1~03:02_HLA-DQA1~03:01,0.7156746295172344,0.015013771976252636,0.6579691370532857,0.018689002826600718,0.5963008722052155,0.024833407981112565,0.6548290465860965,0.010665159258129976,0.30434228973566113,0.02053341114418761,3.0,s100|s128|s42,,HLA-DQB1~03:02,DQ
chai,e5,HLA-DQB1~03:02_HLA-DQA1~05:01,0.7708513639515147,0.011021936505457205,0.6420524385825885,0.015350254754092935,0.6487430222106961,0.01305249988798256,0.6873972602739725,0.018616030114366192,0.39668139584713996,0.023369029601046424,3.0,s100|s128|s42,,HLA-DQB1~03:02,DQ
chai,e5,HLA-DQB1~03:03_HLA-DQA1~02:01,0.8840271654950554,0.005559440753491657,0.8678324714806273,0.006874616014785972,0.7465909451687508,0.0107457037269103,0.7870786516853933,0.007056099262404742,0.5796720994151522,0.011255924467035553,3.0,s100|s128|s42,,HLA-DQB1~03:03,DQ
chai,e5,HLA-DQB1~03:03_HLA-DQA1~05:01,0.8419201631701632,0.00603883357742328,0.8147689575410606,0.007276741004472533,0.7385092672872475,0.007182264806519551,0.744359949302915,0.011178534783940226,0.5018688254370766,0.011002016564826796,3.0,s100|s128|s42,,HLA-DQB1~03:03,DQ
chai,e5,HLA-DQB1~04:02_HLA-DQA1~02:01,0.8482507171686154,0.0038666516310681617,0.8110210428178889,0.007352941455090501,0.7291000560379706,0.01780807308515426,0.7709401709401709,0.007269145767619945,0.5374605255314271,0.014427084959385628,3.0,s100|s128|s42,,HLA-DQB1~04:02,DQ
chai,e5,HLA-DQB1~04:02_HLA-DQA1~03:03,0.7441896386493038,0.0129511755808339,0.542752636824221,0.020322599096628438,0.5487363975762268,0.008380662118580202,0.5440860215053763,0.02817139259895724,0.28591124996804823,0.019995073277790768,3.0,s100|s128|s42,,HLA-DQB1~04:02,DQ
chai,e5,HLA-DQB1~04:02_HLA-DQA1~05:01,0.8412270971632054,0.005326466681649953,0.8720697373283063,0.00578318377008407,0.7199947173407194,0.04019287421639866,0.7340106434446056,0.020090633958201383,0.5066485396836498,0.016740041523482657,3.0,s100|s128|s42,,HLA-DQB1~04:02,DQ
chai,e5,HLA-DQB1~04:02_HLA-DQA1~06:01,0.8468183518688569,0.006310304460918953,0.6932620483983584,0.005527361296611151,0.6444402976047535,0.0050066376975790175,0.6960000000000001,0.006509717139289529,0.46430136148357803,0.008411510305037482,3.0,s100|s128|s42,,HLA-DQB1~04:02,DQ
chai,e5,HLA-DQB1~05:01_HLA-DQA1~01:01,0.717313563575564,0.010648412145876593,0.46879607051441335,0.011681947776086946,0.4619349583282318,0.004900670920192211,0.6492403100775194,0.055807854963979296,0.25584493902084726,0.020522647265967888,3.0,s100|s128|s42,,HLA-DQB1~05:01,DQ
chai,e5,HLA-DQB1~05:01_HLA-DQA1~01:02,0.6895529189911213,0.007371795722942453,0.7607758341610698,0.007128709376054365,0.6007120937452326,0.037432217256128796,0.5969904240766074,0.016007225692268173,0.243130555505194,0.008639423107086344,3.0,s100|s128|s42,,HLA-DQB1~05:01,DQ
chai,e5,HLA-DQB1~05:02_HLA-DQA1~01:02,0.7255246913580247,0.01526355492095061,0.6158024726296806,0.01622215874782029,0.5858720121347801,0.0037382850828344798,0.6373015873015873,0.028079427889419833,0.30949566709840126,0.028101868786485778,3.0,s100|s128|s42,,HLA-DQB1~05:02,DQ
chai,e5,HLA-DQB1~05:03_HLA-DQA1~01:04,0.6688091168091169,0.018269284916865493,0.49100406291192106,0.018994013356477237,0.4759151609179841,0.004875747011955414,0.5824351297405189,0.024611676873131132,0.18955622038635397,0.017767918447100035,3.0,s100|s128|s42,,HLA-DQB1~05:03,DQ
chai,e5,HLA-DQB1~06:02_HLA-DQA1~01:02,0.6723696267153422,0.00818429258956079,0.5299380830802031,0.020246805632481643,0.44763647377703664,0.016472016053903915,0.650719314355678,0.013033772249375814,0.2122490346980838,0.02424937918747691,3.0,s100|s128|s42,,HLA-DQB1~06:02,DQ
chai,e5,HLA-DQB1~06:03_HLA-DQA1~01:03,0.8387408446314478,0.017455718781199597,0.6082831034939385,0.01889876293909291,0.5836497444107921,0.030567694213730814,0.7479553903345725,0.02417214603272695,0.444160310384167,0.04514588154126559,3.0,s100|s128|s42,,HLA-DQB1~06:03,DQ
chai,e5,HLA-DRB1~01:01_HLA-DRA~01:01,0.7587949422873844,0.0017746220508035753,0.8886058699283729,0.0026799009485376137,0.8567826184820256,0.00532637780519787,0.7769541146664164,0.005007099527642575,0.3609636687455549,0.00220695862522161,3.0,s100|s128|s42,,HLA-DRB1~01:01,DR
chai,e5,HLA-DRB1~03:01_HLA-DRA~01:01,0.7512380258044997,0.018806702164717894,0.7389213408834147,0.019621630393109615,0.6838741667439265,0.012061252532870608,0.6779974284795885,0.017340163941688285,0.360791641673619,0.03468944460617988,3.0,s100|s128|s42,,HLA-DRB1~03:01,DR
chai,e5,HLA-DRB1~04:04_HLA-DRA~01:01,0.6949742389485646,0.008654362730342095,0.538885878531968,0.018122577770519135,0.5807445902579608,0.005449927469607892,0.5251597038462567,0.021664991585933616,0.2419109504518333,0.016461049187896527,3.0,s100|s128|s42,,HLA-DRB1~04:04,DR
chai,e5,HLA-DRB1~04:05_HLA-DRA~01:01,0.8257419435237575,0.010683696614195114,0.8831469462274345,0.00788990903475544,0.8002257888299557,0.02359926416028031,0.7553961993546073,0.02013680626930397,0.4898620180041379,0.02560929848951299,3.0,s100|s128|s42,,HLA-DRB1~04:05,DR
chai,e5,HLA-DRB1~07:01_HLA-DRA~01:01,0.7472517336303585,0.00708312962594279,0.5662800099654507,0.012979017968330482,0.5698518414857322,0.006466107549797245,0.6644721482934117,0.02305691569535787,0.33793893364408123,0.01693213321525321,3.0,s100|s128|s42,,HLA-DRB1~07:01,DR
chai,e5,HLA-DRB1~08:01_HLA-DRA~01:01,0.8475077165798816,0.007875071626373622,0.9451260420550157,0.0029030103523306036,0.8462198185171728,0.0072230522687858935,0.7800188857412653,0.008071881587251157,0.4789719324116406,0.011758149137455964,3.0,s100|s128|s42,,HLA-DRB1~08:01,DR
chai,e5,HLA-DRB1~08:02_HLA-DRA~01:01,0.744439843678427,0.002172784909314915,0.666757483295199,0.004964918095975121,0.6782391958751126,0.007624823923741955,0.6805358550039401,0.0035183574688900706,0.37550203977289726,0.0076101863473618655,3.0,s100|s128|s42,,HLA-DRB1~08:02,DR
chai,e5,HLA-DRB1~09:01_HLA-DRA~01:01,0.8143181274992927,0.007495208199319788,0.8227831557178537,0.008848156245212157,0.7822209968845012,0.0170158958200457,0.7484015044663845,0.006746673349774455,0.4921740559655942,0.012324375191301003,3.0,s100|s128|s42,,HLA-DRB1~09:01,DR
chai,e5,HLA-DRB1~11:01_HLA-DRA~01:01,0.8663015551329322,0.004944881698535104,0.8734385822235907,0.0042620066680670345,0.8024873533331479,0.004478625586151495,0.7735415311212318,0.00904897262236235,0.5530790248608799,0.017148927013283976,3.0,s100|s128|s42,,HLA-DRB1~11:01,DR
chai,e5,HLA-DRB1~12:01_HLA-DRA~01:01,0.8026480061815752,0.0014044781792270531,0.8031362858031845,0.0018955183176312185,0.7333241930442335,0.019276078084842677,0.7223090799759472,0.004173025032566951,0.45082996940589726,0.0071996868947830145,3.0,s100|s128|s42,,HLA-DRB1~12:01,DR
chai,e5,HLA-DRB1~13:01_HLA-DRA~01:01,0.898573634433507,0.0086248840960797,0.9447298987847561,0.005938396426501725,0.8649444051848288,0.006273990253986144,0.8233135760654813,0.007761116641843091,0.6121074218846242,0.017010759457917395,3.0,s100|s128|s42,,HLA-DRB1~13:01,DR
chai,e5,HLA-DRB1~13:02_HLA-DRA~01:01,0.7371173031148145,0.005802545854608716,0.6915588336766115,0.006577197872451896,0.6850160054661781,0.007392272512064334,0.6703850095154443,0.004306895196158872,0.356480566247471,0.008897126732745462,3.0,s100|s128|s42,,HLA-DRB1~13:02,DR
chai,e5,HLA-DRB1~14:54_HLA-DRA~01:01,0.9042466348831208,0.011288106843751438,0.9648125265740989,0.005144808470683554,0.9011550252366757,0.005595470433088866,0.8489795918367347,0.010962168048360388,0.5869240735356663,0.04633884889308953,3.0,s100|s128|s42,,HLA-DRB1~14:54,DR
chai,e5,HLA-DRB1~15:01_HLA-DRA~01:01,0.7473936329823948,0.007170900460900208,0.5213653596680842,0.013417325076621415,0.5407439502342654,0.005924639112826566,0.6329791420700511,0.00475017134023775,0.3208041930127617,0.00943378698950376,3.0,s100|s128|s42,,HLA-DRB1~15:01,DR
chai,e5,HLA-DRB1~16:02_HLA-DRA~01:01,0.7648148148148147,0.01805416438728884,0.9146090309795283,0.006430292225934737,0.8569527865185319,0.016061535195236756,0.7714285714285715,0.020751198637619983,0.2969134621748389,0.045524328236947284,3.0,s100|s128|s42,,HLA-DRB1~16:02,DR
chai,e5,HLA-DRB3~01:01_HLA-DRA~01:01,0.7611797207654822,0.006399420767331944,0.6837168463947654,0.012791583262572933,0.6381009954161517,0.006516251381562166,0.6699826614651062,0.01476749338997138,0.3613860684753027,0.013252329973928384,3.0,s100|s128|s42,,HLA-DRB3~01:01,DR
chai,e5,HLA-DRB3~02:02_HLA-DRA~01:01,0.8544538514180645,0.013266980630208727,0.8633259745811892,0.011541589401860971,0.7950786202018231,0.010336697377742598,0.754296724470135,0.007392016760249852,0.5210353844474466,0.019802879806231605,3.0,s100|s128|s42,,HLA-DRB3~02:02,DR
chai,e5,HLA-DRB3~03:01_HLA-DRA~01:01,0.7721442106187805,0.011831353236842129,0.8557621474351985,0.009870851568545768,0.7519026931928402,0.02270755695038716,0.6977430555555556,0.013922756017660912,0.37729275635187776,0.006476286138102776,3.0,s100|s128|s42,,HLA-DRB3~03:01,DR
chai,e5,HLA-DRB4~01:01_HLA-DRA~01:01,0.7836743082567795,0.008802092105797832,0.7657948030371601,0.009170557361950592,0.726506076012829,0.004142910024209432,0.6911929664999242,0.003111426553026593,0.4060396425398108,0.007741206172000808,3.0,s100|s128|s42,,HLA-DRB4~01:01,DR
chai,e5,HLA-DRB5~01:01_HLA-DRA~01:01,0.8498788151441632,0.00401668524708261,0.9078057209235605,0.0016532275701581622,0.8411194921526177,0.006391942775966306,0.7863527610297636,0.006922677169392381,0.5186774817071877,0.013014821875387233,3.0,s100|s128|s42,,HLA-DRB5~01:01,DR
deepneo,e3,H2-IAbB,0.5927481886170693,0.06374624129736961,0.8036416614514367,0.034969305281185595,0.8034651226185726,0.017502351783758047,0.6913483512895854,0.026499803455562528,0.07537670081812918,0.08818006391174986,3.0,s100|s128|s42,,H2-IAbB,H2
deepneo,e3,H2-IAdB,0.47901738672286615,0.04921650370154532,0.40624849129476726,0.05323017187118749,0.16447003115108322,0.2568913594547434,0.5392,0.07766183103687417,-0.015621474516736567,0.05448753277006593,3.0,s100|s128|s42,,H2-IAdB,H2
deepneo,e3,H2-IEdB,0.6089236280736037,0.007230312869367733,0.2833111763110834,0.015065468853591876,0.36173921210236043,0.01488009501551594,0.6178571428571429,0.03138999255579809,0.14754683230013646,0.02381733558959791,3.0,s100|s128|s42,,H2-IEdB,H2
deepneo,e3,HLA-DPB1~01:01,0.9300725641367955,0.004757069152742057,0.96976646075235,0.0020792204507026047,0.8404242807858138,0.0017063443639587109,0.7331943286071727,0.0035658979693798097,0.26113272779335067,0.015954482765238674,3.0,s100|s128|s42,,HLA-DPB1~01:01,DP
deepneo,e3,HLA-DPB1~02:01,0.9496510848912222,0.004013787775748376,0.9833148347258396,0.0016102383439089484,0.9307012332742097,0.001911585557618891,0.8962196577795464,0.0031714856896413726,0.7258700130305491,0.01260917633006564,3.0,s100|s128|s42,,HLA-DPB1~02:01,DP
deepneo,e3,HLA-DPB1~04:01,0.9420356172839507,0.00216324539222907,0.9831653075521647,0.0006722878027629353,0.821659482619506,0.03252917948622974,0.7591919191919191,0.03625739272507908,0.5484595772245827,0.035974965789181704,3.0,s100|s128|s42,,HLA-DPB1~04:01,DP
deepneo,e3,HLA-DPB1~04:02,0.9402243843646331,0.0022856931354417864,0.9689317540484472,0.0008642347811393176,0.9137737935386747,0.003906856789977654,0.8797936371453138,0.005444253179114969,0.7179011064101024,0.012340160691239613,3.0,s100|s128|s42,,HLA-DPB1~04:02,DP
deepneo,e3,HLA-DPB1~05:01,0.8317680879692774,0.005540403860126989,0.8696502656362569,0.004783729822690313,0.7829967060648313,0.006068918433147985,0.6906370070778564,0.013280529089495303,0.38151192948279716,0.02531342733906926,3.0,s100|s128|s42,,HLA-DPB1~05:01,DP
deepneo,e3,HLA-DQB1~02:01,0.7995141121654319,0.009657199292579932,0.8569025390502557,0.009246030016775496,0.7676300827625083,0.0020055966154188185,0.6854280510018214,0.0017153016199626249,0.3480031308284799,0.0027485311379583407,3.0,s100|s128|s42,,HLA-DQB1~02:01,DQ
deepneo,e3,HLA-DQB1~03:01,0.7606047810513109,0.005520544712737862,0.9088610093571075,0.002961863789861226,0.6339179461476885,0.04252081898940635,0.5763902028802691,0.032001004667590795,0.30466804310023393,0.012069103436414019,3.0,s100|s128|s42,,HLA-DQB1~03:01,DQ
deepneo,e3,HLA-DQB1~03:02,0.7120944690264331,0.008634484089809305,0.627730150756972,0.011171522016259951,0.6205093670449762,0.0040325432274469645,0.5407463312368973,0.014994160926365203,0.23711650189114372,0.014714083732301897,3.0,s100|s128|s42,,HLA-DQB1~03:02,DQ
deepneo,e3,HLA-DQB1~03:03,0.8336199493682179,0.007821817968149897,0.8493585381826229,0.007508349450643438,0.6320079433406954,0.027081040385766416,0.7004306632213609,0.016033864146863877,0.46265366912042327,0.026007253042126553,3.0,s100|s128|s42,,HLA-DQB1~03:03,DQ
deepneo,e3,HLA-DQB1~04:02,0.6940015572727808,0.007949888118884575,0.7641227351076337,0.008697738011073935,0.7495679389889611,0.004538300471968217,0.6440187313750533,0.00293834549625159,0.2142527611185344,0.009349312318900797,3.0,s100|s128|s42,,HLA-DQB1~04:02,DQ
deepneo,e3,HLA-DQB1~05:01,0.6368521679384994,0.01372501410014107,0.521065153468626,0.011121358986484265,0.2666240538385296,0.03031965104983879,0.6262151829601311,0.0030171987584780065,0.14771527871317228,0.012047216449433455,3.0,s100|s128|s42,,HLA-DQB1~05:01,DQ
deepneo,e3,HLA-DQB1~05:02,0.7234871483505363,0.00041882619078270904,0.6050498469262579,0.014427292827967612,0.5771106960946145,0.008965763791641901,0.6915187376725838,0.014984946677098637,0.34359061653557327,0.01229307634636726,3.0,s100|s128|s42,,HLA-DQB1~05:02,DQ
deepneo,e3,HLA-DQB1~05:03,0.6946364424625294,0.010021325794064246,0.589721721114192,0.020731009083314725,0.56677568792542,0.009692186649251507,0.5935483870967743,0.02850983566357603,0.23357248351225177,0.034518095854961066,3.0,s100|s128|s42,,HLA-DQB1~05:03,DQ
deepneo,e3,HLA-DQB1~06:02,0.51836154384571,0.003873861213854158,0.38828659790435244,0.0058543769239780205,0.23429208987175565,0.04824349044951595,0.594601152562936,0.017274630114823854,0.02306774928107422,0.01368296171908834,3.0,s100|s128|s42,,HLA-DQB1~06:02,DQ
deepneo,e3,HLA-DQB1~06:03,0.7940793682306487,0.003866577145257748,0.5644761282290255,0.018451768902034746,0.5733210770635732,0.00734065154718698,0.7197619047619047,0.02501360174202917,0.40021357403741376,0.012874740049991933,3.0,s100|s128|s42,,HLA-DQB1~06:03,DQ
deepneo,e3,HLA-DRB1~01:01,0.7789626664566281,0.004933343469213752,0.9103873043265885,0.0011953889295426082,0.8641253232917888,0.002817991038638435,0.7746645397391386,0.003107456056825294,0.27875528926845394,0.009597335977822355,3.0,s100|s128|s42,,HLA-DRB1~01:01,DR
deepneo,e3,HLA-DRB1~03:01,0.7266214449379188,0.005417750455024379,0.7106528679670383,0.009832417614474297,0.18020735691149015,0.0657160431464878,0.5404853744776599,0.014752076091022144,0.16296400841179956,0.026092778954796385,3.0,s100|s128|s42,,HLA-DRB1~03:01,DR
deepneo,e3,HLA-DRB1~04:04,0.7170186384127047,0.004023988784751485,0.5737978578676001,0.003167579403936356,0.5548685289145832,0.0011247569381781285,0.4311656376125945,0.0031622318330672356,0.16243837512878778,0.004465357881171752,3.0,s100|s128|s42,,HLA-DRB1~04:04,DR
deepneo,e3,HLA-DRB1~04:05,0.8202160917487845,0.006040400608807243,0.8746092189449769,0.0056257411922254925,0.8136074755885149,0.0019001058966984757,0.7637384964742441,0.0007667749459708287,0.49193385846656884,0.00388931760419326,3.0,s100|s128|s42,,HLA-DRB1~04:05,DR
deepneo,e3,HLA-DRB1~07:01,0.6961188140051972,0.006242107811324632,0.49122299827421684,0.008287397950825691,0.5111660884718779,0.0061217325371841465,0.4283092870149881,0.026319359326844538,0.18510236100994204,0.015672902270773274,3.0,s100|s128|s42,,HLA-DRB1~07:01,DR
deepneo,e3,HLA-DRB1~08:01,0.796347364904066,0.007280432333188079,0.9204789925526192,0.002814005980213158,0.7885384081546073,0.015165436001457021,0.7109348441926345,0.017088705351918546,0.3806790767398287,0.019424655787812675,3.0,s100|s128|s42,,HLA-DRB1~08:01,DR
deepneo,e3,HLA-DRB1~08:02,0.7288538246228176,0.0014189958769944466,0.6576283533976264,0.0021882500630532676,0.5460340425766289,0.003930620732811866,0.6537115839243498,0.0009313340710918451,0.291031907974281,0.002033844634811322,3.0,s100|s128|s42,,HLA-DRB1~08:02,DR
deepneo,e3,HLA-DRB1~09:01,0.7811237875659266,0.002733774236516193,0.7952867662044177,0.004933382160423973,0.5055452207968115,0.04656524184140183,0.5986835919134932,0.0205067501558532,0.3116107378636261,0.02333150693032069,3.0,s100|s128|s42,,HLA-DRB1~09:01,DR
deepneo,e3,HLA-DRB1~11:01,0.8484509252576968,0.006325915612539294,0.856400562129784,0.005365118661813155,0.7816079541372011,0.014442028523813513,0.716923299356611,0.03137515610360786,0.4659595525793863,0.04529301396882741,3.0,s100|s128|s42,,HLA-DRB1~11:01,DR
deepneo,e3,HLA-DRB1~12:01,0.8072552957711968,0.001139604079489285,0.801143747237015,0.0025997845555198055,0.7510353527945451,0.00349283446977373,0.6880336740829825,0.008272944568572384,0.41866661015420914,0.01171874208816171,3.0,s100|s128|s42,,HLA-DRB1~12:01,DR
deepneo,e3,HLA-DRB1~13:01,0.8274793583392309,0.0015243244522981036,0.8957305316169503,0.0023932877454355705,0.8318917932642352,0.0014720995978153445,0.7755009878633926,0.000932696113003538,0.49478451320174816,0.006179923517871918,3.0,s100|s128|s42,,HLA-DRB1~13:01,DR
deepneo,e3,HLA-DRB1~13:02,0.7397045987080159,0.004360177068183169,0.683028832876532,0.0069784260108486425,0.6988195815817521,0.003822949351834717,0.6366856975552628,0.01352609474304036,0.3404125644812284,0.014564103601523878,3.0,s100|s128|s42,,HLA-DRB1~13:02,DR
deepneo,e3,HLA-DRB1~14:54,0.896973092647678,0.004204903610259949,0.9637871937483192,0.0014244946482555754,0.8620481358489364,0.007047307897047019,0.8066083576287658,0.008657359553477214,0.5612467479842915,0.014648781159133595,3.0,s100|s128|s42,,HLA-DRB1~14:54,DR
deepneo,e3,HLA-DRB1~15:01,0.7291778248766477,0.006271063561166607,0.5056797233934245,0.008971961010926887,0.42986451841660994,0.027506758029791415,0.7389462809917355,0.0009500281546299432,0.28388324957602507,0.01676614066892034,3.0,s100|s128|s42,,HLA-DRB1~15:01,DR
deepneo,e3,HLA-DRB1~16:02,0.7807195216049383,0.013561817684025555,0.9207417335580096,0.006596930996469066,0.871113105512601,0.003652309218987842,0.7804761904761905,0.00594761714133187,0.21750434193594934,0.02862630346820914,3.0,s100|s128|s42,,HLA-DRB1~16:02,DR
deepneo,e3,HLA-DRB3~01:01,0.7110217624285401,0.011165285159742327,0.6083061748664399,0.01980617430435977,0.6206949573118251,0.00539470698577613,0.6065669700910273,0.025613971993620442,0.2911914517819371,0.020990529534025762,3.0,s100|s128|s42,,HLA-DRB3~01:01,DR
deepneo,e3,HLA-DRB3~02:02,0.8010893307263677,0.005703559407562124,0.8060267804417581,0.006512870425440548,0.6054668223393381,0.06618420717776255,0.6692614001284521,0.031091969989010038,0.3920823866327922,0.03798983759646217,3.0,s100|s128|s42,,HLA-DRB3~02:02,DR
deepneo,e3,HLA-DRB3~03:01,0.7524150133644544,0.008549901304595722,0.8409964855316551,0.011568908175484236,0.807909613374525,0.004811274146387203,0.7183159722222222,0.0013107351450122708,0.3258164161030865,0.01180292606515332,3.0,s100|s128|s42,,HLA-DRB3~03:01,DR
deepneo,e3,HLA-DRB4~01:01,0.7407300891059064,0.004505694267163743,0.710807537768082,0.00447801822299528,0.6991148145012823,0.0006080385982310231,0.609428528118842,0.0013922646661458662,0.296124322861024,0.001440179149090533,3.0,s100|s128|s42,,HLA-DRB4~01:01,DR
deepneo,e3,HLA-DRB5~01:01,0.8105122141578383,0.004427150431167047,0.8800497920570862,0.0027887464077286533,0.8067951423108844,0.00087976824278302,0.6895970906306824,0.00156344743854241,0.23861838393727433,0.007654721737820856,3.0,s100|s128|s42,,HLA-DRB5~01:01,DR
esm3_small,e5,H2-IAbB_H2-IAbA,0.7349528021595195,0.050337626784432765,0.8980561982497641,0.022091569184526615,0.755199256398894,0.03855663172257259,0.6733920992491021,0.043999101284338656,0.29290046166126305,0.07167126309766167,3.0,s100|s128|s42,,H2-IAbB,H2
esm3_small,e5,H2-IAdB_H2-IAdA,0.625728837372673,0.011963854586469919,0.5254000163054907,0.013910113976291952,0.5656359211165588,0.007051085481997703,0.5709333333333333,0.012427925544246463,0.17449778920894496,0.015312343474174638,3.0,s100|s128|s42,,H2-IAdB,H2
esm3_small,e5,H2-IEdB_H2-IEdA,0.4946751343429409,0.042162059411202615,0.20403437271693792,0.0043023815230173075,0.2996920313151806,0.045689209123270506,0.4851190476190476,0.029951775298593115,0.017632701142203614,0.07349490577276965,3.0,s100|s128|s42,,H2-IEdB,H2
esm3_small,e5,HLA-DPB1~01:01_HLA-DPA1~02:01,0.9596873517775336,0.010185284402670674,0.9832305531981859,0.003844037243594412,0.9129025188587141,0.016372024506672366,0.8762589928057555,0.03294121561463219,0.7102879649464402,0.10062121299023027,3.0,s100|s128|s42,,HLA-DPB1~01:01,DP
esm3_small,e5,HLA-DPB1~02:01_HLA-DPA1~01:03,0.9303406394716767,0.021361157126569084,0.9759738962465311,0.00831382261826616,0.8955093880765452,0.005705498953529428,0.8229133439659755,0.011992605887617075,0.42397688660144706,0.07772467346530369,3.0,s100|s128|s42,,HLA-DPB1~02:01,DP
esm3_small,e5,HLA-DPB1~04:01_HLA-DPA1~01:03,0.9702303621169915,0.0018238021420903204,0.9915504946832017,0.0006277603952601391,0.9478792427388684,0.007646886006990799,0.9194919933738266,0.01049187711611431,0.7756728853623605,0.0174318611290855,3.0,s100|s128|s42,,HLA-DPB1~04:01,DP
esm3_small,e5,HLA-DPB1~04:02_HLA-DPA1~03:01,0.8431271277275177,0.0016742653917120496,0.6278534976817767,0.006543546061978106,0.6233336864029136,0.00607228259949398,0.7923497267759564,0.006350255214413432,0.4876588012704171,0.006163495641451456,3.0,s100|s128|s42,,HLA-DPB1~04:02,DP
esm3_small,e5,HLA-DPB1~05:01_HLA-DPA1~02:01,0.8100889586603873,0.020035341211489748,0.524654770929296,0.04179780839916275,0.5245113464619725,0.023563664511035958,0.735928961748634,0.04058015211722159,0.39050512750532484,0.03440229345791955,3.0,s100|s128|s42,,HLA-DPB1~05:01,DP
esm3_small,e5,HLA-DPB1~05:01_HLA-DPA1~02:02,0.845395048559868,0.007325457881685209,0.9181186067818442,0.0040032817782253505,0.7984731061613878,0.023085579676357645,0.7527938828669859,0.019478848270033766,0.5000565234616831,0.01738943710573491,3.0,s100|s128|s42,,HLA-DPB1~05:01,DP
esm3_small,e5,HLA-DQB1~02:01_HLA-DQA1~05:01,0.8420728282352092,0.0021489125143124553,0.8967583978627394,0.0024230955042418858,0.7814546290400672,0.003065101539718386,0.7130482456140351,0.008571588303154912,0.40681677870185523,0.016605050717187726,3.0,s100|s128|s42,,HLA-DQB1~02:01,DQ
esm3_small,e5,HLA-DQB1~03:01_HLA-DQA1~02:01,0.7442704426106527,0.021376602789363985,0.7553001093111741,0.01924490036660281,0.7187414156466376,0.008456663004749287,0.6615456238361266,0.021888346104313453,0.3362155790471045,0.04012085863758409,3.0,s100|s128|s42,,HLA-DQB1~03:01,DQ
esm3_small,e5,HLA-DQB1~03:01_HLA-DQA1~03:01,0.8489729225023342,0.030476374985710437,0.8385719725961148,0.0265401687308062,0.7281278482257263,0.03784291188084694,0.7508771929824561,0.0395904705136729,0.5102941137697398,0.07611323421571323,3.0,s100|s128|s42,,HLA-DQB1~03:01,DQ
esm3_small,e5,HLA-DQB1~03:01_HLA-DQA1~05:01,0.7622233519602332,0.006829019818349431,0.8196437629981936,0.008724482952166842,0.7528556327570777,0.008672590275778623,0.6387612387612388,0.039264170793595954,0.18720629807866893,0.13710395779626572,3.0,s100|s128|s42,,HLA-DQB1~03:01,DQ
esm3_small,e5,HLA-DQB1~03:02_HLA-DQA1~03:01,0.6785229844725995,0.021099719175828268,0.6346301756034018,0.017144694733773835,0.5702493179675883,0.027062409428881513,0.6155562441896498,0.012181450519561193,0.23433376347242552,0.028702165038278393,3.0,s100|s128|s42,,HLA-DQB1~03:02,DQ
esm3_small,e5,HLA-DQB1~03:02_HLA-DQA1~05:01,0.7568232109509275,0.0614074570517988,0.6182593421560963,0.07897072581000046,0.5700366345630375,0.094870496416781,0.6896803652968037,0.04612541205594079,0.33804750793292576,0.11806102993336254,3.0,s100|s128|s42,,HLA-DQB1~03:02,DQ
esm3_small,e5,HLA-DQB1~03:03_HLA-DQA1~02:01,0.8463804493162291,0.006622577312954162,0.7985325583829695,0.015063577093357846,0.7138161580903636,0.02219115472577853,0.7584269662921348,0.012677847299322227,0.5178692896362643,0.024553993372760517,3.0,s100|s128|s42,,HLA-DQB1~03:03,DQ
esm3_small,e5,HLA-DQB1~03:03_HLA-DQA1~05:01,0.8503156565656566,0.0052476749297926525,0.8279404968854992,0.006967034864672781,0.7362905055021386,0.019924031148470845,0.7550063371356147,0.008059879896367347,0.5194744886894732,0.013322478168678058,3.0,s100|s128|s42,,HLA-DQB1~03:03,DQ
esm3_small,e5,HLA-DQB1~04:02_HLA-DQA1~02:01,0.8529849982433864,0.011846170671254708,0.8174385380885053,0.015565628929158231,0.6995177531036733,0.043269879351457256,0.771415004748338,0.009907541390879326,0.5378249876337003,0.021061803989218083,3.0,s100|s128|s42,,HLA-DQB1~04:02,DQ
esm3_small,e5,HLA-DQB1~04:02_HLA-DQA1~03:03,0.753957945769209,0.0332887103631541,0.5583707252038935,0.05050616688606321,0.5789029502667226,0.029301376545344638,0.6716002530044275,0.026266502461481423,0.35385415370308376,0.04475973716739373,3.0,s100|s128|s42,,HLA-DQB1~04:02,DQ
esm3_small,e5,HLA-DQB1~04:02_HLA-DQA1~05:01,0.845134444842631,0.005214332133407237,0.873425829120746,0.005826299538312119,0.6782646777307831,0.04739656209733985,0.714562167392356,0.027866977095910888,0.4952164838136177,0.034044077992680104,3.0,s100|s128|s42,,HLA-DQB1~04:02,DQ
esm3_small,e5,HLA-DQB1~04:02_HLA-DQA1~06:01,0.8479871668423856,0.004221580304565027,0.7049387723946187,0.015236965140720446,0.6458044208423002,0.0072507796709782805,0.6938412698412698,0.014755861538231142,0.4679844124022175,0.009732306628795899,3.0,s100|s128|s42,,HLA-DQB1~04:02,DQ
esm3_small,e5,HLA-DQB1~05:01_HLA-DQA1~01:01,0.7098110300158887,0.01935663061161985,0.45562484148176435,0.022967895077948115,0.4480235546997844,0.018997504166477625,0.6837829457364341,0.0243118967836909,0.2509156736765865,0.03093480299292748,3.0,s100|s128|s42,,HLA-DQB1~05:01,DQ
esm3_small,e5,HLA-DQB1~05:01_HLA-DQA1~01:02,0.6587574971844634,0.009264025491395177,0.7332192567777112,0.009842966296525866,0.5390663865089192,0.01801457720113716,0.5543091655266758,0.00876794547686023,0.1769928822664909,0.01684715323604605,3.0,s100|s128|s42,,HLA-DQB1~05:01,DQ
esm3_small,e5,HLA-DQB1~05:02_HLA-DQA1~01:02,0.7455349794238683,0.015659842141476126,0.6329054239576998,0.023418392682703834,0.5804357232076515,0.02406153436611172,0.6734126984126986,0.005991932091484701,0.33556691710708314,0.02038185712470802,3.0,s100|s128|s42,,HLA-DQB1~05:02,DQ
esm3_small,e5,HLA-DQB1~05:03_HLA-DQA1~01:04,0.6567863247863247,0.01005290992108806,0.4656677309834149,0.015201022977616115,0.4660581388151929,0.01447126313838958,0.6379241516966068,0.010185509638461583,0.20714038790990985,0.011451263494029244,3.0,s100|s128|s42,,HLA-DQB1~05:03,DQ
esm3_small,e5,HLA-DQB1~06:02_HLA-DQA1~01:02,0.7104558610709116,0.028097541789562443,0.595269519410667,0.029030601090676574,0.49262818019254473,0.038625618433789116,0.6776247321701868,0.013508405634303711,0.2776898334875992,0.036768631359997875,3.0,s100|s128|s42,,HLA-DQB1~06:02,DQ
esm3_small,e5,HLA-DQB1~06:03_HLA-DQA1~01:03,0.8095319723650719,0.011461626596652275,0.5219798402277812,0.02943720224852072,0.5536646058887092,0.01935221856232321,0.7449814126394053,0.005204460966542786,0.40522190582628254,0.02518655447074184,3.0,s100|s128|s42,,HLA-DQB1~06:03,DQ
esm3_small,e5,HLA-DRB1~01:01_HLA-DRA~01:01,0.7551438959706109,0.01340102029455134,0.8885119639061134,0.007582935586387629,0.8687982598477374,0.0020663899001999897,0.7830158581214226,0.005440004894674195,0.3129974879470188,0.031214091757102103,3.0,s100|s128|s42,,HLA-DRB1~01:01,DR
esm3_small,e5,HLA-DRB1~03:01_HLA-DRA~01:01,0.7266360600898173,0.007034660936937876,0.7132747497966986,0.008371157356900347,0.671297625870389,0.015428972995330591,0.658614593378335,0.008646991305440862,0.3260051576266216,0.014334752043016437,3.0,s100|s128|s42,,HLA-DRB1~03:01,DR
esm3_small,e5,HLA-DRB1~04:04_HLA-DRA~01:01,0.6626254429843623,0.018827148506160348,0.48122727176931246,0.020315262199210298,0.5780983824801352,0.005300371097965488,0.5324352497794883,0.01259471152373706,0.23804190643298076,0.011970980039572638,3.0,s100|s128|s42,,HLA-DRB1~04:04,DR
esm3_small,e5,HLA-DRB1~04:05_HLA-DRA~01:01,0.8268941786541975,0.02881362227176411,0.8871634539987534,0.016349739436843605,0.7991867841883854,0.047692276592969256,0.7545356758694872,0.03973112507787736,0.49045202116211534,0.05177129410742311,3.0,s100|s128|s42,,HLA-DRB1~04:05,DR
esm3_small,e5,HLA-DRB1~07:01_HLA-DRA~01:01,0.7429770189243837,0.05857508045901603,0.5555921468310326,0.08052637248300511,0.5286968090464148,0.0889731921397314,0.6774244758836439,0.05167331028876548,0.32126191031043183,0.10960501088371408,3.0,s100|s128|s42,,HLA-DRB1~07:01,DR
esm3_small,e5,HLA-DRB1~08:01_HLA-DRA~01:01,0.7964627366689222,0.01530996276011802,0.9224894556982822,0.006800219218480625,0.7295372963560887,0.018412912971102414,0.657752596789424,0.01827187415344124,0.36322386582057,0.02016469783051518,3.0,s100|s128|s42,,HLA-DRB1~08:01,DR
esm3_small,e5,HLA-DRB1~08:02_HLA-DRA~01:01,0.7236014474934063,0.0019718113846136777,0.6500760701995526,0.0016113500166910972,0.6151872680772289,0.0226714729674516,0.6610244286840031,0.0033624080592429494,0.31537115662260956,0.012474717463469802,3.0,s100|s128|s42,,HLA-DRB1~08:02,DR
esm3_small,e5,HLA-DRB1~09:01_HLA-DRA~01:01,0.7864749912379602,0.010087454976839359,0.797262175712297,0.011305471411925425,0.7637710745788521,0.007050353681668625,0.7283262811471555,0.009419971600740486,0.44641793425593973,0.019864478570385886,3.0,s100|s128|s42,,HLA-DRB1~09:01,DR
esm3_small,e5,HLA-DRB1~11:01_HLA-DRA~01:01,0.8369601213503977,0.009720929391251147,0.8461013729177144,0.013596440985113345,0.7766830278006966,0.01829748126107636,0.7412419576375334,0.020928398673387614,0.49321000327466846,0.03085899779232725,3.0,s100|s128|s42,,HLA-DRB1~11:01,DR
esm3_small,e5,HLA-DRB1~12:01_HLA-DRA~01:01,0.7961238784560338,0.018849510684287443,0.7984312164396501,0.021351771564706645,0.6930557373148899,0.04226799265515045,0.7087592703948687,0.020695411260364078,0.42806384956088755,0.03274580404352708,3.0,s100|s128|s42,,HLA-DRB1~12:01,DR
esm3_small,e5,HLA-DRB1~13:01_HLA-DRA~01:01,0.8681888953226533,0.02151113695914661,0.9218668051306108,0.016071147004241535,0.8147649284033464,0.0393568425619775,0.7731865650578605,0.03892585978797568,0.5370456938857053,0.06008764011953527,3.0,s100|s128|s42,,HLA-DRB1~13:01,DR
esm3_small,e5,HLA-DRB1~13:02_HLA-DRA~01:01,0.7244410120851376,0.006001499653717855,0.6798741003226163,0.006713883191343192,0.6648051169959941,0.027301881762616283,0.6576782315912751,0.005971694685424334,0.32866261018320364,0.01569969194473823,3.0,s100|s128|s42,,HLA-DRB1~13:02,DR
esm3_small,e5,HLA-DRB1~14:54_HLA-DRA~01:01,0.900688303926762,0.0027078930454169548,0.9656748080945396,0.0013214402912233199,0.8906274686009567,0.0030606044955950396,0.8386783284742468,0.00423605339508329,0.5876289389895887,0.013695438633088395,3.0,s100|s128|s42,,HLA-DRB1~14:54,DR
esm3_small,e5,HLA-DRB1~15:01_HLA-DRA~01:01,0.7757303388747886,0.005172170211318532,0.5790044359558929,0.0023615440352506077,0.5764067287948215,0.004821412907726208,0.710827430145612,0.014372181087326399,0.3856585857902933,0.004352114035110658,3.0,s100|s128|s42,,HLA-DRB1~15:01,DR
esm3_small,e5,HLA-DRB1~16:02_HLA-DRA~01:01,0.7396604938271606,0.0532016743916861,0.9059643054269211,0.024478665351103,0.8322750793392659,0.039486566480948934,0.7390476190476191,0.04651822845112754,0.23410329667834776,0.04963355397434166,3.0,s100|s128|s42,,HLA-DRB1~16:02,DR
esm3_small,e5,HLA-DRB3~01:01_HLA-DRA~01:01,0.6956884620891154,0.015661287941925443,0.6078361805327918,0.02126239268039782,0.6029261313040262,0.011707042826746736,0.594928478543563,0.005239216751085337,0.25704802487080786,0.019028196787175884,3.0,s100|s128|s42,,HLA-DRB3~01:01,DR
esm3_small,e5,HLA-DRB3~02:02_HLA-DRA~01:01,0.8342732884232191,0.002228516824808932,0.8470114171252273,0.003557829821214006,0.7542694689443499,0.022820744053688984,0.7421451509312781,0.0068243280749779095,0.49197730225180264,0.006554092580058251,3.0,s100|s128|s42,,HLA-DRB3~02:02,DR
esm3_small,e5,HLA-DRB3~03:01_HLA-DRA~01:01,0.7528732949340561,0.05121594919044111,0.8333676244063403,0.04586595379581648,0.7173997147604788,0.09857444942323212,0.6723090277777777,0.07907423903664543,0.3490600399937036,0.0989665267330099,3.0,s100|s128|s42,,HLA-DRB3~03:01,DR
esm3_small,e5,HLA-DRB4~01:01_HLA-DRA~01:01,0.7899623713757621,0.003527742236267571,0.7792047992420016,0.004205769013736119,0.7274488859348934,0.0008643619640541173,0.6896468091556768,0.008387352649212273,0.40741586128803536,0.009207195905694257,3.0,s100|s128|s42,,HLA-DRB4~01:01,DR
esm3_small,e5,HLA-DRB5~01:01_HLA-DRA~01:01,0.8318148953666876,0.007298719915144468,0.900519008320369,0.007230505996921432,0.8288644867924405,0.011655407115445283,0.7645516317350943,0.009815650902612348,0.4637584642353671,0.010982635814520367,3.0,s100|s128|s42,,HLA-DRB5~01:01,DR
esmc_small,e5,H2-IAbB_H2-IAbA,0.7116381753785204,0.014840846455115382,0.8859414395553135,0.007155112451512361,0.7353386752786267,0.008934406534692166,0.6501795625204049,0.010103984857395993,0.25975811309710456,0.027913404108387416,3.0,s100|s128|s42,,H2-IAbB,H2
esmc_small,e5,H2-IAdB_H2-IAdA,0.6661837021426062,0.018866973819642495,0.5784768958214372,0.029342567739989396,0.5462310829274762,0.029302917743415067,0.6237333333333334,0.011602298622830421,0.22866046325948697,0.022124456385920217,3.0,s100|s128|s42,,H2-IAdB,H2
esmc_small,e5,H2-IEdB_H2-IEdA,0.6193453834880313,0.023595859615166314,0.2932993524095306,0.01281970937809723,0.388485508165792,0.024009218127449432,0.4672619047619048,0.0446904508207047,0.17062408171873136,0.06407244950409409,3.0,s100|s128|s42,,H2-IEdB,H2
esmc_small,e5,HLA-DPB1~01:01_HLA-DPA1~02:01,0.9659411682841554,0.004083041782242585,0.9865290170249601,0.0016301564380854488,0.9264396693640785,0.006996064299900276,0.8988573846804909,0.008680675096399687,0.7680100243909144,0.01820035311621622,3.0,s100|s128|s42,,HLA-DPB1~01:01,DP
esmc_small,e5,HLA-DPB1~02:01_HLA-DPA1~01:03,0.9209274612074019,0.0027172960273009654,0.972352014774318,0.0010530703414713335,0.8759221631680748,0.009649867741670873,0.7850877192982457,0.01902695281151497,0.24482952342556116,0.10392442832452974,3.0,s100|s128|s42,,HLA-DPB1~02:01,DP
esmc_small,e5,HLA-DPB1~04:01_HLA-DPA1~01:03,0.9760619622407923,0.0012888306783784375,0.9934410147175613,0.00033030686985447257,0.9588141565729833,0.0032047556090075407,0.9347874102705687,0.004926185959070354,0.8038274239459264,0.012853006981029294,3.0,s100|s128|s42,,HLA-DPB1~04:01,DP
esmc_small,e5,HLA-DPB1~04:02_HLA-DPA1~03:01,0.8259797959603028,0.004325878594019539,0.6066345730107098,0.0013855398521028604,0.5892299839605756,0.005475115356806803,0.7749316939890711,0.011790060715158101,0.44216618897141396,0.007857081688689552,3.0,s100|s128|s42,,HLA-DPB1~04:02,DP
esmc_small,e5,HLA-DPB1~05:01_HLA-DPA1~02:01,0.8224969474969476,0.009938866816707996,0.5161039836524542,0.022599670980755018,0.5455855821681629,0.0023599426239354626,0.757035519125683,0.013343820060877398,0.41979906070317824,0.002794934684887715,3.0,s100|s128|s42,,HLA-DPB1~05:01,DP
esmc_small,e5,HLA-DPB1~05:01_HLA-DPA1~02:02,0.8505079549564701,0.015840741709426773,0.9196192688968079,0.00711180880185306,0.8354022311987214,0.014769716200670158,0.7819847071674649,0.01802898897083619,0.5155417510557919,0.035600138257655,3.0,s100|s128|s42,,HLA-DPB1~05:01,DP
esmc_small,e5,HLA-DQB1~02:01_HLA-DQA1~05:01,0.8533768738698929,0.008223423313974946,0.9044684182621895,0.005487981126405304,0.7913159203530792,0.002608427237516909,0.7357090643274854,0.0022075539284418274,0.45460574527302655,0.006812157141146451,3.0,s100|s128|s42,,HLA-DQB1~02:01,DQ
esmc_small,e5,HLA-DQB1~03:01_HLA-DQA1~02:01,0.7211183004084355,0.02753657613728941,0.7391439716702518,0.025298243491209328,0.7131595876950524,0.011055105360083847,0.6371508379888268,0.01790326297090742,0.2923556785553485,0.037243251642749664,3.0,s100|s128|s42,,HLA-DQB1~03:01,DQ
esmc_small,e5,HLA-DQB1~03:01_HLA-DQA1~03:01,0.8492997198879552,0.023730301550317065,0.8377483042093788,0.018678857691273885,0.7439227064534865,0.03650844150267097,0.7929824561403508,0.022688626590136117,0.5856615174091194,0.04397830865068331,3.0,s100|s128|s42,,HLA-DQB1~03:01,DQ
esmc_small,e5,HLA-DQB1~03:01_HLA-DQA1~05:01,0.7815593691102073,0.003440465264355623,0.8453464607517901,0.0027843900563891627,0.7534416895754226,0.0030080199800975303,0.6195138195138196,0.011857991768583619,0.16534008706441639,0.03402199576211379,3.0,s100|s128|s42,,HLA-DQB1~03:01,DQ
esmc_small,e5,HLA-DQB1~03:02_HLA-DQA1~03:01,0.7172572157735461,0.014298745562563109,0.6806372903381668,0.020083052837847344,0.5894984886133718,0.029651363748423486,0.6578865819646731,0.009534804890552043,0.3021500841026323,0.02263173777183258,3.0,s100|s128|s42,,HLA-DQB1~03:02,DQ
esmc_small,e5,HLA-DQB1~03:02_HLA-DQA1~05:01,0.7492167472897623,0.03453669593002593,0.5903085177868231,0.04342696885098744,0.5700749667408259,0.04203740080090222,0.6845662100456621,0.029007907287181365,0.32832862298035764,0.04848683312401585,3.0,s100|s128|s42,,HLA-DQB1~03:02,DQ
esmc_small,e5,HLA-DQB1~03:03_HLA-DQA1~02:01,0.8749248712551466,0.02201374441444102,0.8501912273856466,0.030193243204757973,0.7246149101177686,0.028115131356402236,0.7774344569288388,0.020862927681952012,0.559886576020497,0.04181182348287257,3.0,s100|s128|s42,,HLA-DQB1~03:03,DQ
esmc_small,e5,HLA-DQB1~03:03_HLA-DQA1~05:01,0.8505934343434344,0.0026899579003287675,0.8254187106101084,0.006329187991171593,0.7531773970161421,0.014207743317116868,0.7564005069708492,0.01717492360222145,0.5262982805583133,0.024879580866222693,3.0,s100|s128|s42,,HLA-DQB1~03:03,DQ
esmc_small,e5,HLA-DQB1~04:02_HLA-DQA1~02:01,0.8600629061304431,0.002903280500134638,0.8293892456033393,0.0018103403364772934,0.7167786967775344,0.02449188949541885,0.7824311490978157,0.0057711356521324185,0.5569185776448998,0.009747250307749136,3.0,s100|s128|s42,,HLA-DQB1~04:02,DQ
esmc_small,e5,HLA-DQB1~04:02_HLA-DQA1~03:03,0.7828039912058177,0.006827628507162034,0.607946135992753,0.011173037889547082,0.5932666556962757,0.024918246952893245,0.6416192283364959,0.056512519033752304,0.3732813747672192,0.04334659640680081,3.0,s100|s128|s42,,HLA-DQB1~04:02,DQ
esmc_small,e5,HLA-DQB1~04:02_HLA-DQA1~05:01,0.845592928206966,0.011022094181828857,0.8717485300943956,0.009556570452159914,0.7408598049977231,0.030058687575180553,0.7478471214320271,0.019589492300641935,0.5242559390370142,0.026111847638956125,3.0,s100|s128|s42,,HLA-DQB1~04:02,DQ
esmc_small,e5,HLA-DQB1~04:02_HLA-DQA1~06:01,0.8569363670373771,0.0033604268044840906,0.7219845763833085,0.0033711605056464143,0.6814925331057622,0.008146214089055056,0.7537777777777777,0.015717844714820618,0.5223920308747885,0.01260912838530332,3.0,s100|s128|s42,,HLA-DQB1~04:02,DQ
esmc_small,e5,HLA-DQB1~05:01_HLA-DQA1~01:01,0.7446414813251877,0.01095504810117086,0.5179630366315776,0.008410970859949199,0.48387180469396235,0.012161843573661096,0.710263565891473,0.04763892798844485,0.30417812759788515,0.03129352406052119,3.0,s100|s128|s42,,HLA-DQB1~05:01,DQ
esmc_small,e5,HLA-DQB1~05:01_HLA-DQA1~01:02,0.6729881354600455,0.029101616187491977,0.7446196979798433,0.025060017230874206,0.5669757306684985,0.08006540580664241,0.5800273597811217,0.04318427498818224,0.2230566545380591,0.05310141738739048,3.0,s100|s128|s42,,HLA-DQB1~05:01,DQ
esmc_small,e5,HLA-DQB1~05:02_HLA-DQA1~01:02,0.7495267489711934,0.018402629495308905,0.6676915449149571,0.023284893650407895,0.5834750810816668,0.029620217015374192,0.6904761904761906,0.019597711468040877,0.3464861627548139,0.04478280792422006,3.0,s100|s128|s42,,HLA-DQB1~05:02,DQ
esmc_small,e5,HLA-DQB1~05:03_HLA-DQA1~01:04,0.6695042735042734,0.0048934292466330164,0.5071790517909819,0.021325814930586467,0.47790946120810274,0.012741770988199178,0.6111776447105789,0.012693104267931849,0.20553354730050133,0.014674461806724307,3.0,s100|s128|s42,,HLA-DQB1~05:03,DQ
esmc_small,e5,HLA-DQB1~06:02_HLA-DQA1~01:02,0.7227862055089728,0.015250039661677407,0.6034933510628054,0.0246807802422805,0.5523805650452932,0.02736809658582499,0.6731864095500458,0.009503577702156651,0.298586094353039,0.02755222009379488,3.0,s100|s128|s42,,HLA-DQB1~06:02,DQ
esmc_small,e5,HLA-DQB1~06:03_HLA-DQA1~01:03,0.856376292140668,0.014872544361535456,0.641075741675717,0.04292379443729602,0.6023579528204827,0.014803613725895903,0.7826517967781909,0.03289350190441058,0.47837389212615444,0.025509705053636086,3.0,s100|s128|s42,,HLA-DQB1~06:03,DQ
esmc_small,e5,HLA-DRB1~01:01_HLA-DRA~01:01,0.7599726698508867,0.005112032713360941,0.8896999777544896,0.003584275733684333,0.8645944671642184,0.00028471105325749986,0.7851803196646961,0.000731993492918433,0.3646268970166953,0.003998423660672507,3.0,s100|s128|s42,,HLA-DRB1~01:01,DR
esmc_small,e5,HLA-DRB1~03:01_HLA-DRA~01:01,0.7778313485864065,0.0031265484961724168,0.7669685443934556,0.0031653426302241912,0.6749212281128796,0.02967559231786313,0.6973159755705561,0.005880047079026483,0.4018748228192342,0.005541337711044149,3.0,s100|s128|s42,,HLA-DRB1~03:01,DR
esmc_small,e5,HLA-DRB1~04:04_HLA-DRA~01:01,0.7165005007136028,0.02464138206716222,0.5727939507716343,0.03763059710640541,0.5864384424639484,0.006151085033941596,0.5318632560874562,0.006046650655409096,0.2581248668961306,0.01601812076350552,3.0,s100|s128|s42,,HLA-DRB1~04:04,DR
esmc_small,e5,HLA-DRB1~04:05_HLA-DRA~01:01,0.8195424092611813,0.016295882635141562,0.8837200836870497,0.012134953031422686,0.8131893787301491,0.013988443773629074,0.7568543085932831,0.01516402786651902,0.46883198613781674,0.03139548025139392,3.0,s100|s128|s42,,HLA-DRB1~04:05,DR
esmc_small,e5,HLA-DRB1~07:01_HLA-DRA~01:01,0.7670222845908224,0.013425375346744288,0.605818150670837,0.01902815651753358,0.5761379736331436,0.016248540156909113,0.6146612504085539,0.03921961939679873,0.331154611315755,0.03484587359192409,3.0,s100|s128|s42,,HLA-DRB1~07:01,DR
esmc_small,e5,HLA-DRB1~08:01_HLA-DRA~01:01,0.8184507978322412,0.009993082652723367,0.9323901206531592,0.005734361297025388,0.7672312203175755,0.03867935160331801,0.6959773371104815,0.03530995281471801,0.4011186816957548,0.01745735500238186,3.0,s100|s128|s42,,HLA-DRB1~08:01,DR
esmc_small,e5,HLA-DRB1~08:02_HLA-DRA~01:01,0.7449602325054366,0.01047933583976913,0.6765407218853751,0.014345423516521958,0.6539225379175627,0.020937769989580638,0.6786130811662726,0.00805967456281581,0.36037250221330835,0.018876967231233624,3.0,s100|s128|s42,,HLA-DRB1~08:02,DR
esmc_small,e5,HLA-DRB1~09:01_HLA-DRA~01:01,0.8065900336546785,0.0077886692167002634,0.8149665716766227,0.010522822336894876,0.7722544954179682,0.010951963200958603,0.74158439116126,0.0018407872073766918,0.4774635632485508,0.005365587670199609,3.0,s100|s128|s42,,HLA-DRB1~09:01,DR
esmc_small,e5,HLA-DRB1~11:01_HLA-DRA~01:01,0.8700887748612732,0.0020099188234970434,0.8764599488756731,0.0031633786847364196,0.8053017994817524,0.012229800484638204,0.785527362105111,0.003429698435170898,0.5729159184508559,0.004510782095233441,3.0,s100|s128|s42,,HLA-DRB1~11:01,DR
esmc_small,e5,HLA-DRB1~12:01_HLA-DRA~01:01,0.8181637789411641,0.016077118414288754,0.8247786179599476,0.020125645100864554,0.7161797412703986,0.022065607701245563,0.7315293646021247,0.001216595783162409,0.475279746050969,0.013168771190236978,3.0,s100|s128|s42,,HLA-DRB1~12:01,DR
esmc_small,e5,HLA-DRB1~13:01_HLA-DRA~01:01,0.8786971627099015,0.009347366756625805,0.9274420680074428,0.00633396013067431,0.842296975939783,0.009236703157235102,0.7989274626023145,0.006858768635650746,0.5743371730479613,0.0148086696621262,3.0,s100|s128|s42,,HLA-DRB1~13:01,DR
esmc_small,e5,HLA-DRB1~13:02_HLA-DRA~01:01,0.7283354845765663,0.008268570951493354,0.6853850898479696,0.009697223219588949,0.6569247594526519,0.016971961208955492,0.665583369931196,0.007457865008770869,0.33415499841889,0.015206279623370329,3.0,s100|s128|s42,,HLA-DRB1~13:02,DR
esmc_small,e5,HLA-DRB1~14:54_HLA-DRA~01:01,0.876214294446029,0.01726993424736503,0.9525798469389773,0.007701659851978331,0.8978128668275144,0.0061910241490328675,0.8390670553935861,0.010279236402081473,0.5347370144042874,0.031754532983081785,3.0,s100|s128|s42,,HLA-DRB1~14:54,DR
esmc_small,e5,HLA-DRB1~15:01_HLA-DRA~01:01,0.7448245842553852,0.01322278347219873,0.5403404095677405,0.018705172260127093,0.5392773354338062,0.008138697004157295,0.7031188508461236,0.02108035450467937,0.335420300294909,0.021410370646178296,3.0,s100|s128|s42,,HLA-DRB1~15:01,DR
esmc_small,e5,HLA-DRB1~16:02_HLA-DRA~01:01,0.7973572530864198,0.01481010456322443,0.9311979871343437,0.005795947283433191,0.865465267025891,0.004843683458171981,0.7799999999999999,0.006226998490772376,0.2861274398154262,0.038666621729562485,3.0,s100|s128|s42,,HLA-DRB1~16:02,DR
esmc_small,e5,HLA-DRB3~01:01_HLA-DRA~01:01,0.7688786725607928,0.00876529026424443,0.6969606725441612,0.016445586694096483,0.6505105581324213,0.006543602884838878,0.6434330299089727,0.024816421628480953,0.35901910613199095,0.019327992377471095,3.0,s100|s128|s42,,HLA-DRB3~01:01,DR
esmc_small,e5,HLA-DRB3~02:02_HLA-DRA~01:01,0.8501371679110991,0.0025875691030161894,0.8621785455677217,0.0028946895615981107,0.788339606138936,0.0023320650086956934,0.7425048169556842,0.013338455585531515,0.5025691812970985,0.015498719638860016,3.0,s100|s128|s42,,HLA-DRB3~02:02,DR
esmc_small,e5,HLA-DRB3~03:01_HLA-DRA~01:01,0.7701333935674937,0.019773410791555326,0.8542082893724497,0.015334043670841032,0.7678994443333798,0.0051669215424930744,0.7092881944444445,0.010728829552416944,0.3848471548404457,0.039518957726749855,3.0,s100|s128|s42,,HLA-DRB3~03:01,DR
esmc_small,e5,HLA-DRB4~01:01_HLA-DRA~01:01,0.7858742310132693,0.005099142439132538,0.7791665474703512,0.006677739233220631,0.7242036112566433,0.004921563044421201,0.6950735182658784,0.007339611579889631,0.4073325112530403,0.012320788069513677,3.0,s100|s128|s42,,HLA-DRB4~01:01,DR
esmc_small,e5,HLA-DRB5~01:01_HLA-DRA~01:01,0.8522800426703124,0.0024821298996960633,0.9105740650066553,0.0017433900512449905,0.8454712919172174,0.001107429033016854,0.7866781510192363,0.0058064164272628735,0.5125183707715276,0.018286514405562875,3.0,s100|s128|s42,,HLA-DRB5~01:01,DR
netmhcpan,,H2-IAbB_H2-IAbA,0.914375551873197,,0.9728750385011038,,,,,,,,,,2042.0,H2-IAbB,H2
mixmhcpred,,H2-IAbB_H2-IAbA,0.9021878848694792,,0.9691319468674728,,,,,,,,,,2042.0,H2-IAbB,H2
netmhcpan,,H2-IAdB_H2-IAdA,0.7471022128556375,,0.6484721873038277,,,,,,,,,,250.0,H2-IAdB,H2
mixmhcpred,,H2-IAdB_H2-IAdA,0.704326923076923,,0.6212650730943534,,,,,,,,,,250.0,H2-IAdB,H2
netmhcpan,,H2-IEdB_H2-IEdA,0.6787982413287738,,0.3552676347150422,,,,,,,,,,112.0,H2-IEdB,H2
mixmhcpred,,H2-IEdB_H2-IEdA,0.6692721055202736,,0.35649472638709767,,,,,,,,,,112.0,H2-IEdB,H2
netmhcpan,,HLA-DPB1~01:01_HLA-DPA1~02:01,0.9336703219924507,,0.9728451656616892,,,,,,,,,,2363.0,HLA-DPB1~01:01,DP
mixmhcpred,,HLA-DPB1~01:01_HLA-DPA1~02:01,0.9252860782359006,,0.9693616229724933,,,,,,,,,,2363.0,HLA-DPB1~01:01,DP
netmhcpan,,HLA-DPB1~02:01_HLA-DPA1~01:03,0.944173401718904,,0.9836899435967735,,,,,,,,,,2508.0,HLA-DPB1~02:01,DP
mixmhcpred,,HLA-DPB1~02:01_HLA-DPA1~01:03,0.9264267381211917,,0.9778015860732431,,,,,,,,,,2508.0,HLA-DPB1~02:01,DP
netmhcpan,,HLA-DPB1~04:01_HLA-DPA1~01:03,0.9479740018570103,,0.9871721920906686,,,,,,,,,,3622.0,HLA-DPB1~04:01,DP
mixmhcpred,,HLA-DPB1~04:01_HLA-DPA1~01:03,0.9225691736304549,,0.9802342610812652,,,,,,,,,,3622.0,HLA-DPB1~04:01,DP
netmhcpan,,HLA-DPB1~04:02_HLA-DPA1~03:01,0.7388802807906122,,0.5197017472207168,,,,,,,,,,976.0,HLA-DPB1~04:02,DP
mixmhcpred,,HLA-DPB1~04:02_HLA-DPA1~03:01,0.7321243120463394,,0.4935918357402881,,,,,,,,,,976.0,HLA-DPB1~04:02,DP
netmhcpan,,HLA-DPB1~05:01_HLA-DPA1~02:01,0.7735413396127683,,0.47080280685687287,,,,,,,,,,976.0,HLA-DPB1~05:01,DP
mixmhcpred,,HLA-DPB1~05:01_HLA-DPA1~02:01,0.7538461538461538,,0.45914891989817885,,,,,,,,,,976.0,HLA-DPB1~05:01,DP
netmhcpan,,HLA-DPB1~05:01_HLA-DPA1~02:02,0.9394777961568321,,0.967508150601381,,,,,,,,,,3967.0,HLA-DPB1~05:01,DP
mixmhcpred,,HLA-DPB1~05:01_HLA-DPA1~02:02,0.9265864125288837,,0.9636535868128631,,,,,,,,,,3967.0,HLA-DPB1~05:01,DP
netmhcpan,,HLA-DQB1~02:01_HLA-DQA1~05:01,0.8746121170867884,,0.9155854924558845,,,,,,,,,,1824.0,HLA-DQB1~02:01,DQ
mixmhcpred,,HLA-DQB1~02:01_HLA-DQA1~05:01,0.8178024255837169,,0.8635940858353621,,,,,,,,,,1824.0,HLA-DQB1~02:01,DQ
netmhcpan,,HLA-DQB1~03:01_HLA-DQA1~02:01,0.7165853963490871,,0.7482628923725652,,,,,,,,,,716.0,HLA-DQB1~03:01,DQ
mixmhcpred,,HLA-DQB1~03:01_HLA-DQA1~02:01,0.7320619217304326,,0.7684827846067632,,,,,,,,,,716.0,HLA-DQB1~03:01,DQ
netmhcpan,,HLA-DQB1~03:01_HLA-DQA1~03:01,0.8228291316526611,,0.8233115081536274,,,,,,,,,,76.0,HLA-DQB1~03:01,DQ
mixmhcpred,,HLA-DQB1~03:01_HLA-DQA1~03:01,0.7965686274509804,,0.7991018456807588,,,,,,,,,,76.0,HLA-DQB1~03:01,DQ
netmhcpan,,HLA-DQB1~03:01_HLA-DQA1~05:01,0.7846175147968125,,0.8537656209421889,,,,,,,,,,1001.0,HLA-DQB1~03:01,DQ
mixmhcpred,,HLA-DQB1~03:01_HLA-DQA1~05:01,0.805831101411897,,0.8667633153611116,,,,,,,,,,1001.0,HLA-DQB1~03:01,DQ
netmhcpan,,HLA-DQB1~03:02_HLA-DQA1~03:01,0.8827889892016286,,0.8730339013438169,,,,,,,,,,3227.0,HLA-DQB1~03:02,DQ
mixmhcpred,,HLA-DQB1~03:02_HLA-DQA1~03:01,0.8674882011354726,,0.8546431723003504,,,,,,,,,,3227.0,HLA-DQB1~03:02,DQ
netmhcpan,,HLA-DQB1~03:02_HLA-DQA1~05:01,0.6296132482208462,,0.4675877625145822,,,,,,,,,,730.0,HLA-DQB1~03:02,DQ
mixmhcpred,,HLA-DQB1~03:02_HLA-DQA1~05:01,0.6653039105521951,,0.5284612134652392,,,,,,,,,,730.0,HLA-DQB1~03:02,DQ
netmhcpan,,HLA-DQB1~03:03_HLA-DQA1~02:01,0.7514516064974781,,0.7142619739507305,,,,,,,,,,712.0,HLA-DQB1~03:03,DQ
mixmhcpred,,HLA-DQB1~03:03_HLA-DQA1~02:01,0.7106715914055364,,0.677859378393925,,,,,,,,,,712.0,HLA-DQB1~03:03,DQ
netmhcpan,,HLA-DQB1~03:03_HLA-DQA1~05:01,0.714634324009324,,0.6232634373487882,,,,,,,,,,526.0,HLA-DQB1~03:03,DQ
mixmhcpred,,HLA-DQB1~03:03_HLA-DQA1~05:01,0.7311844405594405,,0.6631043772309991,,,,,,,,,,526.0,HLA-DQB1~03:03,DQ
netmhcpan,,HLA-DQB1~04:02_HLA-DQA1~02:01,0.659099396665477,,0.6186658524897082,,,,,,,,,,702.0,HLA-DQB1~04:02,DQ
mixmhcpred,,HLA-DQB1~04:02_HLA-DQA1~02:01,0.6233267218270995,,0.549501122166872,,,,,,,,,,702.0,HLA-DQB1~04:02,DQ
netmhcpan,,HLA-DQB1~04:02_HLA-DQA1~03:03,0.6818789108743446,,0.5034723146424942,,,,,,,,,,527.0,HLA-DQB1~04:02,DQ
mixmhcpred,,HLA-DQB1~04:02_HLA-DQA1~03:03,0.6336546592254354,,0.428955381093613,,,,,,,,,,527.0,HLA-DQB1~04:02,DQ
netmhcpan,,HLA-DQB1~04:02_HLA-DQA1~05:01,0.6621657366166658,,0.7357839165092145,,,,,,,,,,689.0,HLA-DQB1~04:02,DQ
mixmhcpred,,HLA-DQB1~04:02_HLA-DQA1~05:01,0.6425408283417806,,0.6888088125219197,,,,,,,,,,689.0,HLA-DQB1~04:02,DQ
netmhcpan,,HLA-DQB1~04:02_HLA-DQA1~06:01,0.6554348195762338,,0.5146798992498827,,,,,,,,,,525.0,HLA-DQB1~04:02,DQ
mixmhcpred,,HLA-DQB1~04:02_HLA-DQA1~06:01,0.649576573818998,,0.4787101294894189,,,,,,,,,,525.0,HLA-DQB1~04:02,DQ
netmhcpan,,HLA-DQB1~05:01_HLA-DQA1~01:01,0.7451734489339867,,0.5816645880112785,,,,,,,,,,1075.0,HLA-DQB1~05:01,DQ
mixmhcpred,,HLA-DQB1~05:01_HLA-DQA1~01:01,0.7001016620790854,,0.47221740304402726,,,,,,,,,,1075.0,HLA-DQB1~05:01,DQ
netmhcpan,,HLA-DQB1~05:01_HLA-DQA1~01:02,0.5848982478195961,,0.6751691213840916,,,,,,,,,,731.0,HLA-DQB1~05:01,DQ
mixmhcpred,,HLA-DQB1~05:01_HLA-DQA1~01:02,0.49436237919383985,,0.6001519843714692,,,,,,,,,,731.0,HLA-DQB1~05:01,DQ
netmhcpan,,HLA-DQB1~05:02_HLA-DQA1~01:02,0.7819444444444444,,0.734798340116058,,,,,,,,,,168.0,HLA-DQB1~05:02,DQ
mixmhcpred,,HLA-DQB1~05:02_HLA-DQA1~01:02,0.6668981481481482,,0.5882053566138548,,,,,,,,,,168.0,HLA-DQB1~05:02,DQ
netmhcpan,,HLA-DQB1~05:03_HLA-DQA1~01:04,0.7856410256410257,,0.6967019039042287,,,,,,,,,,167.0,HLA-DQB1~05:03,DQ
mixmhcpred,,HLA-DQB1~05:03_HLA-DQA1~01:04,0.7152136752136753,,0.5797983212211139,,,,,,,,,,167.0,HLA-DQB1~05:03,DQ
netmhcpan,,HLA-DQB1~06:02_HLA-DQA1~01:02,0.8481658473263568,,0.8049496276116813,,,,,,,,,,2178.0,HLA-DQB1~06:02,DQ
mixmhcpred,,HLA-DQB1~06:02_HLA-DQA1~01:02,0.8440029379895133,,0.7905410354335544,,,,,,,,,,2178.0,HLA-DQB1~06:02,DQ
netmhcpan,,HLA-DQB1~06:03_HLA-DQA1~01:03,0.8230871123577996,,0.6530621317147234,,,,,,,,,,269.0,HLA-DQB1~06:03,DQ
mixmhcpred,,HLA-DQB1~06:03_HLA-DQA1~01:03,0.7717780894498988,,0.6214384656466249,,,,,,,,,,269.0,HLA-DQB1~06:03,DQ
netmhcpan,,HLA-DRB1~01:01_HLA-DRA~01:01,0.7982296638080375,,0.9288051887286748,,,,,,,,,,10657.0,HLA-DRB1~01:01,DR
mixmhcpred,,HLA-DRB1~01:01_HLA-DRA~01:01,0.780703851956871,,0.9208553314963821,,,,,,,,,,10657.0,HLA-DRB1~01:01,DR
netmhcpan,,HLA-DRB1~03:01_HLA-DRA~01:01,0.8286322682095804,,0.8616619243697861,,,,,,,,,,4148.0,HLA-DRB1~03:01,DR
mixmhcpred,,HLA-DRB1~03:01_HLA-DRA~01:01,0.812681681991653,,0.8501723213446756,,,,,,,,,,4148.0,HLA-DRB1~03:01,DR
netmhcpan,,HLA-DRB1~04:04_HLA-DRA~01:01,0.7397139313011344,,0.6510701609532376,,,,,,,,,,12471.0,HLA-DRB1~04:04,DR
mixmhcpred,,HLA-DRB1~04:04_HLA-DRA~01:01,0.7207796709962463,,0.6202104746826331,,,,,,,,,,12471.0,HLA-DRB1~04:04,DR
netmhcpan,,HLA-DRB1~04:05_HLA-DRA~01:01,0.8477839342908478,,0.9192504509192105,,,,,,,,,,2789.0,HLA-DRB1~04:05,DR
mixmhcpred,,HLA-DRB1~04:05_HLA-DRA~01:01,0.8448159741984443,,0.9178143458700996,,,,,,,,,,2789.0,HLA-DRB1~04:05,DR
netmhcpan,,HLA-DRB1~07:01_HLA-DRA~01:01,0.7822824971929005,,0.7015820720780335,,,,,,,,,,14278.0,HLA-DRB1~07:01,DR
mixmhcpred,,HLA-DRB1~07:01_HLA-DRA~01:01,0.7680222044666044,,0.6674159866265513,,,,,,,,,,14278.0,HLA-DRB1~07:01,DR
netmhcpan,,HLA-DRB1~08:01_HLA-DRA~01:01,0.902895029183689,,0.9701139228268821,,,,,,,,,,1765.0,HLA-DRB1~08:01,DR
mixmhcpred,,HLA-DRB1~08:01_HLA-DRA~01:01,0.8669817226518258,,0.9589909514819362,,,,,,,,,,1765.0,HLA-DRB1~08:01,DR
netmhcpan,,HLA-DRB1~08:02_HLA-DRA~01:01,0.711612283201458,,0.6506023372622025,,,,,,,,,,2115.0,HLA-DRB1~08:02,DR
mixmhcpred,,HLA-DRB1~08:02_HLA-DRA~01:01,0.6774710332557029,,0.5994656182438206,,,,,,,,,,2115.0,HLA-DRB1~08:02,DR
netmhcpan,,HLA-DRB1~09:01_HLA-DRA~01:01,0.7143784441150762,,0.7676925698752171,,,,,,,,,,2836.0,HLA-DRB1~09:01,DR
mixmhcpred,,HLA-DRB1~09:01_HLA-DRA~01:01,0.6880550805052001,,0.7387766235299105,,,,,,,,,,2836.0,HLA-DRB1~09:01,DR
netmhcpan,,HLA-DRB1~11:01_HLA-DRA~01:01,0.8217069987033835,,0.8631644729288275,,,,,,,,,,4611.0,HLA-DRB1~11:01,DR
mixmhcpred,,HLA-DRB1~11:01_HLA-DRA~01:01,0.8019420123428213,,0.8506920740387536,,,,,,,,,,4611.0,HLA-DRB1~11:01,DR
netmhcpan,,HLA-DRB1~12:01_HLA-DRA~01:01,0.8930046332873188,,0.9193607273787786,,,,,,,,,,1663.0,HLA-DRB1~12:01,DR
mixmhcpred,,HLA-DRB1~12:01_HLA-DRA~01:01,0.8764205902015089,,0.9036432659591611,,,,,,,,,,1663.0,HLA-DRB1~12:01,DR
netmhcpan,,HLA-DRB1~13:01_HLA-DRA~01:01,0.7997603422762658,,0.8997543359513331,,,,,,,,,,1181.0,HLA-DRB1~13:01,DR
mixmhcpred,,HLA-DRB1~13:01_HLA-DRA~01:01,0.7824197387891656,,0.8930211785838954,,,,,,,,,,1181.0,HLA-DRB1~13:01,DR
netmhcpan,,HLA-DRB1~13:02_HLA-DRA~01:01,0.6990437801212744,,0.6633788045581402,,,,,,,,,,2277.0,HLA-DRB1~13:02,DR
mixmhcpred,,HLA-DRB1~13:02_HLA-DRA~01:01,0.6450065620656887,,0.6140918768304627,,,,,,,,,,2277.0,HLA-DRB1~13:02,DR
netmhcpan,,HLA-DRB1~14:54_HLA-DRA~01:01,0.8507293916303328,,0.9504034431896979,,,,,,,,,,1029.0,HLA-DRB1~14:54,DR
mixmhcpred,,HLA-DRB1~14:54_HLA-DRA~01:01,0.8534747972780246,,0.9512194776332306,,,,,,,,,,1029.0,HLA-DRB1~14:54,DR
netmhcpan,,HLA-DRB1~15:01_HLA-DRA~01:01,0.7707226244592154,,0.65342895875107,,,,,,,,,,13552.0,HLA-DRB1~15:01,DR
mixmhcpred,,HLA-DRB1~15:01_HLA-DRA~01:01,0.744990344280095,,0.6124688148312132,,,,,,,,,,13552.0,HLA-DRB1~15:01,DR
netmhcpan,,HLA-DRB1~16:02_HLA-DRA~01:01,0.7220775462962963,,0.8949315193256366,,,,,,,,,,140.0,HLA-DRB1~16:02,DR
mixmhcpred,,HLA-DRB1~16:02_HLA-DRA~01:01,0.7442129629629629,,0.9041898476790866,,,,,,,,,,140.0,HLA-DRB1~16:02,DR
netmhcpan,,HLA-DRB3~01:01_HLA-DRA~01:01,0.8551877471229018,,0.8453396463029845,,,,,,,,,,3076.0,HLA-DRB3~01:01,DR
mixmhcpred,,HLA-DRB3~01:01_HLA-DRA~01:01,0.8219115492230817,,0.8105833716291311,,,,,,,,,,3076.0,HLA-DRB3~01:01,DR
netmhcpan,,HLA-DRB3~02:02_HLA-DRA~01:01,0.879717619803714,,0.9177687406253625,,,,,,,,,,2595.0,HLA-DRB3~02:02,DR
mixmhcpred,,HLA-DRB3~02:02_HLA-DRA~01:01,0.8571815423963963,,0.9043631507558227,,,,,,,,,,2595.0,HLA-DRB3~02:02,DR
netmhcpan,,HLA-DRB3~03:01_HLA-DRA~01:01,0.7184316530512367,,0.8415022332937763,,,,,,,,,,768.0,HLA-DRB3~03:01,DR
mixmhcpred,,HLA-DRB3~03:01_HLA-DRA~01:01,0.6936678838986561,,0.8198546887487139,,,,,,,,,,768.0,HLA-DRB3~03:01,DR
netmhcpan,,HLA-DRB4~01:01_HLA-DRA~01:01,0.7408942315650087,,0.761415016899498,,,,,,,,,,2199.0,HLA-DRB4~01:01,DR
mixmhcpred,,HLA-DRB4~01:01_HLA-DRA~01:01,0.728999006869155,,0.7486335889887017,,,,,,,,,,2199.0,HLA-DRB4~01:01,DR
netmhcpan,,HLA-DRB5~01:01_HLA-DRA~01:01,0.8149366299119669,,0.9037840142224398,,,,,,,,,,3483.0,HLA-DRB5~01:01,DR
mixmhcpred,,HLA-DRB5~01:01_HLA-DRA~01:01,0.7820571433579355,,0.8851661563864539,,,,,,,,,,3483.0,HLA-DRB5~01:01,DR
netmhcpan,,H2-IAbB,0.914375551873197,,0.9728750385011038,,,,,,,,,,2042.0,H2-IAbB,H2
mixmhcpred,,H2-IAbB,0.9021878848694792,,0.9691319468674728,,,,,,,,,,2042.0,H2-IAbB,H2
netmhcpan,,H2-IAdB,0.7471022128556375,,0.6484721873038277,,,,,,,,,,250.0,H2-IAdB,H2
mixmhcpred,,H2-IAdB,0.704326923076923,,0.6212650730943534,,,,,,,,,,250.0,H2-IAdB,H2
netmhcpan,,H2-IEdB,0.6787982413287738,,0.3552676347150422,,,,,,,,,,112.0,H2-IEdB,H2
mixmhcpred,,H2-IEdB,0.6692721055202736,,0.35649472638709767,,,,,,,,,,112.0,H2-IEdB,H2
netmhcpan,,HLA-DPB1~01:01,0.9346843501768908,,0.9737792965362932,,,,,,,,,,2398.0,HLA-DPB1~01:01,DP
mixmhcpred,,HLA-DPB1~01:01,0.9256299646218544,,0.9700433437766134,,,,,,,,,,2398.0,HLA-DPB1~01:01,DP
netmhcpan,,HLA-DPB1~02:01,0.9443045376578825,,0.9837658307219074,,,,,,,,,,2513.0,HLA-DPB1~02:01,DP
mixmhcpred,,HLA-DPB1~02:01,0.9265918187015958,,0.9779022831162383,,,,,,,,,,2513.0,HLA-DPB1~02:01,DP
netmhcpan,,HLA-DPB1~04:01,0.9480092592592593,,0.9872101809816516,,,,,,,,,,3630.0,HLA-DPB1~04:01,DP
mixmhcpred,,HLA-DPB1~04:01,0.922299074074074,,0.9802082433885683,,,,,,,,,,3630.0,HLA-DPB1~04:01,DP
netmhcpan,,HLA-DPB1~04:02,0.9469305942009251,,0.9779234769427627,,,,,,,,,,2326.0,HLA-DPB1~04:02,DP
mixmhcpred,,HLA-DPB1~04:02,0.9308040206599644,,0.9696023514682844,,,,,,,,,,2326.0,HLA-DPB1~04:02,DP
netmhcpan,,HLA-DPB1~05:01,0.9279117505187575,,0.9492682713168831,,,,,,,,,,4945.0,HLA-DPB1~05:01,DP
mixmhcpred,,HLA-DPB1~05:01,0.9147838158409372,,0.9432762896341232,,,,,,,,,,4945.0,HLA-DPB1~05:01,DP
netmhcpan,,HLA-DQB1~02:01,0.8748704197116249,,0.9159155945837618,,,,,,,,,,1830.0,HLA-DQB1~02:01,DQ
mixmhcpred,,HLA-DQB1~02:01,0.8179260789586089,,0.864180463437394,,,,,,,,,,1830.0,HLA-DQB1~02:01,DQ
netmhcpan,,HLA-DQB1~03:01,0.8800024034247702,,0.963086657058505,,,,,,,,,,3171.0,HLA-DQB1~03:01,DQ
mixmhcpred,,HLA-DQB1~03:01,0.838864425895689,,0.9481611091256453,,,,,,,,,,3171.0,HLA-DQB1~03:01,DQ
netmhcpan,,HLA-DQB1~03:02,0.8328190969397645,,0.8204969053520328,,,,,,,,,,3975.0,HLA-DQB1~03:02,DQ
mixmhcpred,,HLA-DQB1~03:02,0.8281777771508196,,0.8122050522168025,,,,,,,,,,3975.0,HLA-DQB1~03:02,DQ
netmhcpan,,HLA-DQB1~03:03,0.7439258590116765,,0.7533079165572472,,,,,,,,,,774.0,HLA-DQB1~03:03,DQ
mixmhcpred,,HLA-DQB1~03:03,0.7036769380039478,,0.7263060918718356,,,,,,,,,,774.0,HLA-DQB1~03:03,DQ
netmhcpan,,HLA-DQB1~04:02,0.6804489834720846,,0.7788041138353068,,,,,,,,,,783.0,HLA-DQB1~04:02,DQ
mixmhcpred,,HLA-DQB1~04:02,0.6419234582320428,,0.727174013761442,,,,,,,,,,783.0,HLA-DQB1~04:02,DQ
netmhcpan,,HLA-DQB1~05:01,0.6391321924268967,,0.588236369182557,,,,,,,,,,1831.0,HLA-DQB1~05:01,DQ
mixmhcpred,,HLA-DQB1~05:01,0.5851025867533077,,0.49749540351497573,,,,,,,,,,1831.0,HLA-DQB1~05:01,DQ
netmhcpan,,HLA-DQB1~05:02,0.78551912568306,,0.7440649699179748,,,,,,,,,,169.0,HLA-DQB1~05:02,DQ
mixmhcpred,,HLA-DQB1~05:02,0.6720552519732848,,0.5978508912548521,,,,,,,,,,169.0,HLA-DQB1~05:02,DQ
netmhcpan,,HLA-DQB1~05:03,0.841446797968537,,0.8247967391167256,,,,,,,,,,186.0,HLA-DQB1~05:03,DQ
mixmhcpred,,HLA-DQB1~05:03,0.7469961600396382,,0.6929000757236744,,,,,,,,,,186.0,HLA-DQB1~05:03,DQ
netmhcpan,,HLA-DQB1~06:02,0.8513942389546267,,0.8122548249603077,,,,,,,,,,2198.0,HLA-DQB1~06:02,DQ
mixmhcpred,,HLA-DQB1~06:02,0.8452707783547573,,0.7949505533858807,,,,,,,,,,2198.0,HLA-DQB1~06:02,DQ
netmhcpan,,HLA-DQB1~06:03,0.8492158030573754,,0.7389322378735385,,,,,,,,,,280.0,HLA-DQB1~06:03,DQ
mixmhcpred,,HLA-DQB1~06:03,0.802395605850043,,0.697134404843958,,,,,,,,,,280.0,HLA-DQB1~06:03,DQ
netmhcpan,,HLA-DRB1~01:01,0.7982296638080375,,0.9288051887286748,,,,,,,,,,10657.0,HLA-DRB1~01:01,DR
mixmhcpred,,HLA-DRB1~01:01,0.780703851956871,,0.9208553314963821,,,,,,,,,,10657.0,HLA-DRB1~01:01,DR
netmhcpan,,HLA-DRB1~03:01,0.8286322682095804,,0.8616619243697861,,,,,,,,,,4148.0,HLA-DRB1~03:01,DR
mixmhcpred,,HLA-DRB1~03:01,0.812681681991653,,0.8501723213446756,,,,,,,,,,4148.0,HLA-DRB1~03:01,DR
netmhcpan,,HLA-DRB1~04:04,0.7397139313011344,,0.6510701609532376,,,,,,,,,,12471.0,HLA-DRB1~04:04,DR
mixmhcpred,,HLA-DRB1~04:04,0.7207796709962463,,0.6202104746826331,,,,,,,,,,12471.0,HLA-DRB1~04:04,DR
netmhcpan,,HLA-DRB1~04:05,0.8477839342908478,,0.9192504509192105,,,,,,,,,,2789.0,HLA-DRB1~04:05,DR
mixmhcpred,,HLA-DRB1~04:05,0.8448159741984443,,0.9178143458700996,,,,,,,,,,2789.0,HLA-DRB1~04:05,DR
netmhcpan,,HLA-DRB1~07:01,0.7822824971929005,,0.7015820720780335,,,,,,,,,,14278.0,HLA-DRB1~07:01,DR
mixmhcpred,,HLA-DRB1~07:01,0.7680222044666044,,0.6674159866265513,,,,,,,,,,14278.0,HLA-DRB1~07:01,DR
netmhcpan,,HLA-DRB1~08:01,0.902895029183689,,0.9701139228268821,,,,,,,,,,1765.0,HLA-DRB1~08:01,DR
mixmhcpred,,HLA-DRB1~08:01,0.8669817226518258,,0.9589909514819362,,,,,,,,,,1765.0,HLA-DRB1~08:01,DR
netmhcpan,,HLA-DRB1~08:02,0.711612283201458,,0.6506023372622025,,,,,,,,,,2115.0,HLA-DRB1~08:02,DR
mixmhcpred,,HLA-DRB1~08:02,0.6774710332557029,,0.5994656182438206,,,,,,,,,,2115.0,HLA-DRB1~08:02,DR
netmhcpan,,HLA-DRB1~09:01,0.7143784441150762,,0.7676925698752171,,,,,,,,,,2836.0,HLA-DRB1~09:01,DR
mixmhcpred,,HLA-DRB1~09:01,0.6880550805052001,,0.7387766235299105,,,,,,,,,,2836.0,HLA-DRB1~09:01,DR
netmhcpan,,HLA-DRB1~11:01,0.8217069987033835,,0.8631644729288275,,,,,,,,,,4611.0,HLA-DRB1~11:01,DR
mixmhcpred,,HLA-DRB1~11:01,0.8019420123428213,,0.8506920740387536,,,,,,,,,,4611.0,HLA-DRB1~11:01,DR
netmhcpan,,HLA-DRB1~12:01,0.8930046332873188,,0.9193607273787786,,,,,,,,,,1663.0,HLA-DRB1~12:01,DR
mixmhcpred,,HLA-DRB1~12:01,0.8764205902015089,,0.9036432659591611,,,,,,,,,,1663.0,HLA-DRB1~12:01,DR
netmhcpan,,HLA-DRB1~13:01,0.7997603422762658,,0.8997543359513331,,,,,,,,,,1181.0,HLA-DRB1~13:01,DR
mixmhcpred,,HLA-DRB1~13:01,0.7824197387891656,,0.8930211785838954,,,,,,,,,,1181.0,HLA-DRB1~13:01,DR
netmhcpan,,HLA-DRB1~13:02,0.6990437801212744,,0.6633788045581402,,,,,,,,,,2277.0,HLA-DRB1~13:02,DR
mixmhcpred,,HLA-DRB1~13:02,0.6450065620656887,,0.6140918768304627,,,,,,,,,,2277.0,HLA-DRB1~13:02,DR
netmhcpan,,HLA-DRB1~14:54,0.8507293916303328,,0.9504034431896979,,,,,,,,,,1029.0,HLA-DRB1~14:54,DR
mixmhcpred,,HLA-DRB1~14:54,0.8534747972780246,,0.9512194776332306,,,,,,,,,,1029.0,HLA-DRB1~14:54,DR
netmhcpan,,HLA-DRB1~15:01,0.7707226244592154,,0.65342895875107,,,,,,,,,,13552.0,HLA-DRB1~15:01,DR
mixmhcpred,,HLA-DRB1~15:01,0.744990344280095,,0.6124688148312132,,,,,,,,,,13552.0,HLA-DRB1~15:01,DR
netmhcpan,,HLA-DRB1~16:02,0.7220775462962963,,0.8949315193256366,,,,,,,,,,140.0,HLA-DRB1~16:02,DR
mixmhcpred,,HLA-DRB1~16:02,0.7442129629629629,,0.9041898476790866,,,,,,,,,,140.0,HLA-DRB1~16:02,DR
netmhcpan,,HLA-DRB3~01:01,0.8551877471229018,,0.8453396463029845,,,,,,,,,,3076.0,HLA-DRB3~01:01,DR
mixmhcpred,,HLA-DRB3~01:01,0.8219115492230817,,0.8105833716291311,,,,,,,,,,3076.0,HLA-DRB3~01:01,DR
netmhcpan,,HLA-DRB3~02:02,0.879717619803714,,0.9177687406253625,,,,,,,,,,2595.0,HLA-DRB3~02:02,DR
mixmhcpred,,HLA-DRB3~02:02,0.8571815423963963,,0.9043631507558227,,,,,,,,,,2595.0,HLA-DRB3~02:02,DR
netmhcpan,,HLA-DRB3~03:01,0.7184316530512367,,0.8415022332937763,,,,,,,,,,768.0,HLA-DRB3~03:01,DR
mixmhcpred,,HLA-DRB3~03:01,0.6936678838986561,,0.8198546887487139,,,,,,,,,,768.0,HLA-DRB3~03:01,DR
netmhcpan,,HLA-DRB4~01:01,0.7408942315650087,,0.761415016899498,,,,,,,,,,2199.0,HLA-DRB4~01:01,DR
mixmhcpred,,HLA-DRB4~01:01,0.728999006869155,,0.7486335889887017,,,,,,,,,,2199.0,HLA-DRB4~01:01,DR
netmhcpan,,HLA-DRB5~01:01,0.8149366299119669,,0.9037840142224398,,,,,,,,,,3483.0,HLA-DRB5~01:01,DR
mixmhcpred,,HLA-DRB5~01:01,0.7820571433579355,,0.8851661563864539,,,,,,,,,,3483.0,HLA-DRB5~01:01,DR
