model,lr,seed,molecule,roc_auc,pr_auc,f1,accuracy,mcc,n_folds
blosum,e3,s100,H2-IAbB_H2-IAbA,0.5753966758811069,0.8105216081410125,0.7539420985063435,0.640156709108717,0.056101558279602746,5
blosum,e3,s100,H2-IAdB_H2-IAdA,0.587045574288725,0.5033038682193987,0.5628547917553912,0.4824,0.06612482399686428,5
blosum,e3,s100,H2-IEdB_H2-IEdA,0.4943820224719101,0.2426101460962038,0.34214067870315357,0.2571428571428571,0.02886970705508173,5
blosum,e3,s100,HLA-DPB1~01:01_HLA-DPA1~02:01,0.7570711382633368,0.8728730644769932,0.8281043595904769,0.7101988997037664,0.14720750699698526,5
blosum,e3,s100,HLA-DPB1~02:01_HLA-DPA1~01:03,0.8851108515045839,0.9561640305991462,0.8781530362276928,0.7905103668261563,0.29233847343511593,5
blosum,e3,s100,HLA-DPB1~04:01_HLA-DPA1~01:03,0.8878177344475395,0.9626476614611642,0.9162453364300767,0.8589177250138045,0.5087385400901818,5
blosum,e3,s100,HLA-DPB1~04:02_HLA-DPA1~03:01,0.8104918833963669,0.5695445348383836,0.5520476930579881,0.660655737704918,0.3775094444776201,5
blosum,e3,s100,HLA-DPB1~05:01_HLA-DPA1~02:01,0.7210138670852956,0.36685880628027473,0.43150974074714377,0.5565573770491803,0.26092826825680243,5
blosum,e3,s100,HLA-DPB1~05:01_HLA-DPA1~02:02,0.7608370731381416,0.869568473041895,0.619694989877007,0.6133602218300983,0.33049891972847606,5
blosum,e3,s100,HLA-DQB1~02:01_HLA-DQA1~05:01,0.7894968507784738,0.8400645192958274,0.7652279572643147,0.7140350877192982,0.4126711615343906,5
blosum,e3,s100,HLA-DQB1~03:01_HLA-DQA1~02:01,0.7213147036759191,0.7429168530950564,0.7049544882849325,0.5986033519553072,0.22956753575423786,5
blosum,e3,s100,HLA-DQB1~03:01_HLA-DQA1~03:01,0.7443977591036415,0.7065821420320664,0.6448024549290372,0.6236842105263157,0.30747431916081747,5
blosum,e3,s100,HLA-DQB1~03:01_HLA-DQA1~05:01,0.7242799986773799,0.7852347876967001,0.744895387649819,0.5972027972027971,0.04326497377907196,5
blosum,e3,s100,HLA-DQB1~03:02_HLA-DQA1~03:01,0.618731151847356,0.5614391862854009,0.5407936485626694,0.5768825534552215,0.1661622506942299,5
blosum,e3,s100,HLA-DQB1~03:02_HLA-DQA1~05:01,0.7602250539922378,0.638539965603227,0.6156762388762458,0.673972602739726,0.35933294029483287,5
blosum,e3,s100,HLA-DQB1~03:03_HLA-DQA1~02:01,0.8042670479367727,0.784167113166774,0.6771971747390482,0.7095505617977528,0.4229609792509246,5
blosum,e3,s100,HLA-DQB1~03:03_HLA-DQA1~05:01,0.7993065268065268,0.7574940464493704,0.6443213395007106,0.7114068441064638,0.42151499679070586,5
blosum,e3,s100,HLA-DQB1~04:02_HLA-DQA1~02:01,0.7606297252213748,0.7067858247291858,0.641540721707489,0.6521367521367522,0.34005762471335155,5
blosum,e3,s100,HLA-DQB1~04:02_HLA-DQA1~03:03,0.6991645526805345,0.5143617390578985,0.5068834395097851,0.6239089184060721,0.2487020701875911,5
blosum,e3,s100,HLA-DQB1~04:02_HLA-DQA1~05:01,0.7344340347104901,0.773258962561888,0.5457539345228135,0.6121915820029027,0.3038862269418302,5
blosum,e3,s100,HLA-DQB1~04:02_HLA-DQA1~06:01,0.7692072237526782,0.6001275645497882,0.5703246959398932,0.6308571428571429,0.33091456715494444,5
blosum,e3,s100,HLA-DQB1~05:01_HLA-DQA1~01:01,0.6473486337959278,0.3473675954540158,0.42183349320255903,0.5585116279069767,0.17852576613456553,5
blosum,e3,s100,HLA-DQB1~05:01_HLA-DQA1~01:02,0.6669050051072523,0.729437477800104,0.39493832454306466,0.5034199726402189,0.1592599785493934,5
blosum,e3,s100,HLA-DQB1~05:02_HLA-DQA1~01:02,0.6188271604938271,0.46325078820581583,0.43998286140695814,0.6142857142857142,0.15972003487639078,5
blosum,e3,s100,HLA-DQB1~05:03_HLA-DQA1~01:04,0.5874871794871794,0.3618743198677614,0.23068020819629392,0.6574850299401198,0.05140736821966528,5
blosum,e3,s100,HLA-DQB1~06:02_HLA-DQA1~01:02,0.563008875782676,0.4249437591445906,0.41274202676886224,0.5727272727272728,0.08139880339333609,5
blosum,e3,s100,HLA-DQB1~06:03_HLA-DQA1~01:03,0.7396914446002805,0.44477471253569745,0.3950644851886061,0.7680297397769517,0.269830393784932,5
blosum,e3,s100,HLA-DRB1~01:01_HLA-DRA~01:01,0.6706742846470246,0.840305215882356,0.8561950503168804,0.7587313502861969,0.19345647104186464,5
blosum,e3,s100,HLA-DRB1~03:01_HLA-DRA~01:01,0.6801276865221952,0.6444051615659052,0.662425824991099,0.6271938283510126,0.2663712081187426,5
blosum,e3,s100,HLA-DRB1~04:04_HLA-DRA~01:01,0.5876530675566974,0.41042998253439456,0.5537997248076737,0.44254670836340304,0.1555554599968446,5
blosum,e3,s100,HLA-DRB1~04:05_HLA-DRA~01:01,0.7073109801689601,0.7738845040087713,0.8010935834503581,0.7087845105772679,0.32299916032882836,5
blosum,e3,s100,HLA-DRB1~07:01_HLA-DRA~01:01,0.7006313112766657,0.5134627660095723,0.5370523737362237,0.5417985712284634,0.24310731178229023,5
blosum,e3,s100,HLA-DRB1~08:01_HLA-DRA~01:01,0.7208555724019641,0.8814538658576149,0.45173490455709564,0.44226628895184134,0.19550477513240802,5
blosum,e3,s100,HLA-DRB1~08:02_HLA-DRA~01:01,0.6915741490792843,0.6176127134064362,0.6388298007804705,0.6086052009456264,0.2683997870438676,5
blosum,e3,s100,HLA-DRB1~09:01_HLA-DRA~01:01,0.7283847021117571,0.755005756129391,0.647216729808398,0.6497179125528915,0.3276965066736325,5
blosum,e3,s100,HLA-DRB1~11:01_HLA-DRA~01:01,0.815246326883536,0.8155290902651741,0.7753387603162432,0.7296031229668185,0.46561152200074857,5
blosum,e3,s100,HLA-DRB1~12:01_HLA-DRA~01:01,0.7291026008340495,0.6925026901014275,0.7241437030729979,0.6444978953698136,0.33527245474947326,5
blosum,e3,s100,HLA-DRB1~13:01_HLA-DRA~01:01,0.8729428038345235,0.9294198127173793,0.8513143686858626,0.8025402201524132,0.5595010482296221,5
blosum,e3,s100,HLA-DRB1~13:02_HLA-DRA~01:01,0.7142476529781563,0.6600766666297476,0.662932787633928,0.6578831796223101,0.3248893469972848,5
blosum,e3,s100,HLA-DRB1~14:54_HLA-DRA~01:01,0.8142893525121225,0.9215034682936253,0.8760764461639085,0.7912536443148688,0.3147010611960862,5
blosum,e3,s100,HLA-DRB1~15:01_HLA-DRA~01:01,0.7305039195246039,0.49382651666550836,0.46628820480555433,0.7167207792207793,0.2887776343098247,5
blosum,e3,s100,HLA-DRB1~16:02_HLA-DRA~01:01,0.6105902777777777,0.8432983740726507,0.8049309056308653,0.6942857142857143,0.06623361694373986,5
blosum,e3,s100,HLA-DRB3~01:01_HLA-DRA~01:01,0.6514955078204401,0.4950253687640953,0.5650506447917486,0.6037711313394019,0.22487028674135684,5
blosum,e3,s100,HLA-DRB3~02:02_HLA-DRA~01:01,0.6989060764648972,0.6916056260198898,0.5905323408634924,0.6157996146435453,0.24894852461942607,5
blosum,e3,s100,HLA-DRB3~03:01_HLA-DRA~01:01,0.7249331777284193,0.8189429457629119,0.7058626716818197,0.6544270833333334,0.3028558249717662,5
blosum,e3,s100,HLA-DRB4~01:01_HLA-DRA~01:01,0.7181377969047422,0.6936191963076607,0.6837196893770162,0.5686221009549796,0.22652679070983583,5
blosum,e3,s100,HLA-DRB5~01:01_HLA-DRA~01:01,0.7325430269532841,0.8160645558127655,0.7872068241412222,0.7119150157909848,0.35013327550647644,5
blosum,e3,s128,H2-IAbB_H2-IAbA,0.6139603253632911,0.8255844003498962,0.8127345791687617,0.7038197845249755,0.10202209367756769,5
blosum,e3,s128,H2-IAdB_H2-IAdA,0.5992689673340358,0.4907380637418489,0.5857595855790819,0.47919999999999996,0.10859565068820883,5
blosum,e3,s128,H2-IEdB_H2-IEdA,0.5684416218856864,0.27473993130079793,0.33447575137949004,0.21785714285714283,-0.0818073576015281,5
blosum,e3,s128,HLA-DPB1~01:01_HLA-DPA1~02:01,0.8325859086764995,0.9186780114206945,0.8308931397763608,0.7158696572154042,0.16844882646372777,5
blosum,e3,s128,HLA-DPB1~02:01_HLA-DPA1~01:03,0.8685813178843322,0.9486576688303462,0.8896713011253882,0.8152312599681022,0.397845854284744,5
blosum,e3,s128,HLA-DPB1~04:01_HLA-DPA1~01:03,0.8063614206128132,0.9301536514916838,0.8996371638511732,0.8298177802319161,0.3963725831550781,5
blosum,e3,s128,HLA-DPB1~04:02_HLA-DPA1~03:01,0.8120580019215498,0.5642619123878866,0.5351701692478181,0.5952868852459016,0.3579870875534108,5
blosum,e3,s128,HLA-DPB1~05:01_HLA-DPA1~02:01,0.7079369440083726,0.35813763745523153,0.419992646766736,0.5956967213114754,0.2341357057525098,5
blosum,e3,s128,HLA-DPB1~05:01_HLA-DPA1~02:02,0.7646104075619313,0.8729433796200181,0.5302461349522838,0.5600705823040081,0.2948506695100076,5
blosum,e3,s128,HLA-DQB1~02:01_HLA-DQA1~05:01,0.7486227002435923,0.8089491445309427,0.7453791190675767,0.6726973684210527,0.31136436945080703,5
blosum,e3,s128,HLA-DQB1~03:01_HLA-DQA1~02:01,0.745864591147787,0.7676929902705787,0.6909974421337259,0.661731843575419,0.33262881683829393,5
blosum,e3,s128,HLA-DQB1~03:01_HLA-DQA1~03:01,0.7955182072829132,0.7753949394640098,0.7038758031979099,0.718421052631579,0.44887602024233003,5
blosum,e3,s128,HLA-DQB1~03:01_HLA-DQA1~05:01,0.6765139867076678,0.7257490927134411,0.7454786819102426,0.5956043956043956,0.045560531511329064,5
blosum,e3,s128,HLA-DQB1~03:02_HLA-DQA1~03:01,0.6540076625445718,0.5902968700546164,0.5465098132208895,0.5865509761388286,0.18785809473396675,5
blosum,e3,s128,HLA-DQB1~03:02_HLA-DQA1~05:01,0.7637028713510412,0.641496805584131,0.6147597213699727,0.6808219178082192,0.36169579663580465,5
blosum,e3,s128,HLA-DQB1~03:03_HLA-DQA1~02:01,0.7698574208665951,0.7294969319793461,0.644213876255895,0.6966292134831461,0.38644249227267624,5
blosum,e3,s128,HLA-DQB1~03:03_HLA-DQA1~05:01,0.7966113053613053,0.7619773722123699,0.6852634313052202,0.7095057034220533,0.4260396803700022,5
blosum,e3,s128,HLA-DQB1~04:02_HLA-DQA1~02:01,0.7725254570653212,0.7182443604769491,0.6669152550013291,0.6905982905982906,0.39205516208632607,5
blosum,e3,s128,HLA-DQB1~04:02_HLA-DQA1~03:03,0.6771858616607476,0.48194106199728637,0.5042668200090346,0.5753320683111954,0.22131276981027437,5
blosum,e3,s128,HLA-DQB1~04:02_HLA-DQA1~05:01,0.7495196163757061,0.7779088440424823,0.6041378903711052,0.6458635703918723,0.3470588642082909,5
blosum,e3,s128,HLA-DQB1~04:02_HLA-DQA1~06:01,0.7705676291534878,0.6062744045111266,0.5738599028614932,0.6304761904761905,0.33414137366147867,5
blosum,e3,s128,HLA-DQB1~05:01_HLA-DQA1~01:01,0.6880316878782357,0.39421864652743654,0.4480806368070952,0.590139534883721,0.22360567903376505,5
blosum,e3,s128,HLA-DQB1~05:01_HLA-DQA1~01:02,0.6169238626541997,0.6817321830008397,0.48365446030647014,0.5162790697674419,0.1143693878248517,5
blosum,e3,s128,HLA-DQB1~05:02_HLA-DQA1~01:02,0.6379012345679012,0.4791910011331984,0.44943846125672715,0.6178571428571429,0.16599978648274538,5
blosum,e3,s128,HLA-DQB1~05:03_HLA-DQA1~01:04,0.6061538461538462,0.37353524690227513,0.374078109935741,0.6203592814371257,0.1320126994278647,5
blosum,e3,s128,HLA-DQB1~06:02_HLA-DQA1~01:02,0.575666683635253,0.43017995458843233,0.4648131984212326,0.5498622589531681,0.10761563413147135,5
blosum,e3,s128,HLA-DQB1~06:03_HLA-DQA1~01:03,0.7437587657784012,0.43799897224724377,0.40268110380675476,0.7472118959107806,0.2528152916292392,5
blosum,e3,s128,HLA-DRB1~01:01_HLA-DRA~01:01,0.6720093366480415,0.8403598638738778,0.8549933226977104,0.7574551937693534,0.194044123373084,5
blosum,e3,s128,HLA-DRB1~03:01_HLA-DRA~01:01,0.7070780653692503,0.6758418298473495,0.6809541279438374,0.619334619093539,0.27771911259246107,5
blosum,e3,s128,HLA-DRB1~04:04_HLA-DRA~01:01,0.584320202186925,0.40833169908778827,0.5505186058915921,0.43736669072247614,0.14249563133730864,5
blosum,e3,s128,HLA-DRB1~04:05_HLA-DRA~01:01,0.706687647170422,0.7785582812078304,0.7959470347361755,0.7043384725708138,0.31378147240430276,5
blosum,e3,s128,HLA-DRB1~07:01_HLA-DRA~01:01,0.7271091482006155,0.5435105568390878,0.5225927971022128,0.6390250735397115,0.28692345686991566,5
blosum,e3,s128,HLA-DRB1~08:01_HLA-DRA~01:01,0.7080288616371091,0.8772186183844605,0.466457403057474,0.45575070821529745,0.184690958868653,5
blosum,e3,s128,HLA-DRB1~08:02_HLA-DRA~01:01,0.6890503175131273,0.6169971539266875,0.6246496740227223,0.6254373522458628,0.2673934986655086,5
blosum,e3,s128,HLA-DRB1~09:01_HLA-DRA~01:01,0.7552813691584641,0.7788806465975469,0.6372619913863493,0.6540902679830747,0.3518003093313603,5
blosum,e3,s128,HLA-DRB1~11:01_HLA-DRA~01:01,0.8088913928566566,0.8095312943196937,0.7750031294092636,0.7399696378225982,0.4781381711747946,5
blosum,e3,s128,HLA-DRB1~12:01_HLA-DRA~01:01,0.7389104973910627,0.6983514222814421,0.7203695763761078,0.6736019242333133,0.3708048141344088,5
blosum,e3,s128,HLA-DRB1~13:01_HLA-DRA~01:01,0.8651502283986361,0.9202860218541307,0.8203313955295549,0.7762912785774767,0.5348764184246273,5
blosum,e3,s128,HLA-DRB1~13:02_HLA-DRA~01:01,0.7063559177760788,0.6514852515201721,0.6754166594368907,0.6401405357927097,0.3093872590410337,5
blosum,e3,s128,HLA-DRB1~14:54_HLA-DRA~01:01,0.8262519864716189,0.9283492055528502,0.8767238500186064,0.797667638483965,0.38255053117871085,5
blosum,e3,s128,HLA-DRB1~15:01_HLA-DRA~01:01,0.7259217991677995,0.485643391044027,0.41917320783841444,0.7156286894923258,0.26791247625179093,5
blosum,e3,s128,HLA-DRB1~16:02_HLA-DRA~01:01,0.6813078703703704,0.8580650148505053,0.8577014054257395,0.7642857142857142,0.19755643068770148,5
blosum,e3,s128,HLA-DRB3~01:01_HLA-DRA~01:01,0.6468208307041312,0.49566956440612736,0.5833299942670017,0.5957087126137841,0.23065560207011265,5
blosum,e3,s128,HLA-DRB3~02:02_HLA-DRA~01:01,0.6962361037712328,0.6867530274734975,0.5708170776848089,0.6107899807321773,0.24416804045491203,5
blosum,e3,s128,HLA-DRB3~03:01_HLA-DRA~01:01,0.7193871174189662,0.8190218209496818,0.7322310627927209,0.6692708333333333,0.3034096435514629,5
blosum,e3,s128,HLA-DRB4~01:01_HLA-DRA~01:01,0.7227079367706695,0.6941579845928951,0.6894614559591158,0.5826284674852206,0.2570308691235356,5
blosum,e3,s128,HLA-DRB5~01:01_HLA-DRA~01:01,0.7558519650788967,0.8328473685101067,0.7881567129726073,0.7186333620442148,0.37672715115966093,5
blosum,e3,s42,H2-IAbB_H2-IAbA,0.6221038912106543,0.8328609109782704,0.7581174116861316,0.6653281096963761,0.09080238935176557,5
blosum,e3,s42,H2-IAdB_H2-IAdA,0.5701988935721813,0.46102718888099536,0.5729654666589228,0.47359999999999997,0.047335661619197084,5
blosum,e3,s42,H2-IEdB_H2-IEdA,0.523790913531998,0.25635411183804024,0.341480299273044,0.22857142857142856,0.021063318227979032,5
blosum,e3,s42,HLA-DPB1~01:01_HLA-DPA1~02:01,0.8565011119347664,0.9278104092044785,0.8460875833675713,0.7466779517562421,0.27909791929987043,5
blosum,e3,s42,HLA-DPB1~02:01_HLA-DPA1~01:03,0.9135339155661135,0.968088937565199,0.8925721189691014,0.8190590111642744,0.43678099063471976,5
blosum,e3,s42,HLA-DPB1~04:01_HLA-DPA1~01:03,0.8667356081708449,0.9544252203049798,0.8977878780171661,0.8397570403092214,0.5293433164626787,5
blosum,e3,s42,HLA-DPB1~04:02_HLA-DPA1~03:01,0.7979884818091445,0.5412342230564672,0.5471616044257611,0.6502049180327869,0.3693352858520345,5
blosum,e3,s42,HLA-DPB1~05:01_HLA-DPA1~02:01,0.7078388278388278,0.3484998674973514,0.4295242397171564,0.5743852459016393,0.24802331435033625,5
blosum,e3,s42,HLA-DPB1~05:01_HLA-DPA1~02:02,0.7465118160937547,0.8568011010231305,0.6230178467536132,0.6114444164355937,0.32628322636160284,5
blosum,e3,s42,HLA-DQB1~02:01_HLA-DQA1~05:01,0.7910781698696369,0.847788989918771,0.7646657361226707,0.6694078947368421,0.3162781743246247,5
blosum,e3,s42,HLA-DQB1~03:01_HLA-DQA1~02:01,0.6780085646411602,0.6904551836361226,0.673448496970876,0.5547486033519553,0.1351755508145238,5
blosum,e3,s42,HLA-DQB1~03:01_HLA-DQA1~03:01,0.7659663865546219,0.7303788615607424,0.6673040162335434,0.6947368421052632,0.39440815208265423,5
blosum,e3,s42,HLA-DQB1~03:01_HLA-DQA1~05:01,0.6834407962173066,0.7555432791394241,0.7444145103888008,0.5932067932067933,0.015272483946809695,5
blosum,e3,s42,HLA-DQB1~03:02_HLA-DQA1~03:01,0.7027208513516932,0.6592555096503563,0.6082787518809092,0.6130771614502634,0.26099232197220346,5
blosum,e3,s42,HLA-DQB1~03:02_HLA-DQA1~05:01,0.7371618013882579,0.6057714303291594,0.618348927570955,0.647123287671233,0.3306562583694017,5
blosum,e3,s42,HLA-DQB1~03:03_HLA-DQA1~02:01,0.7690742285237698,0.7344288739058625,0.6619191364704863,0.6896067415730337,0.37777771727520637,5
blosum,e3,s42,HLA-DQB1~03:03_HLA-DQA1~05:01,0.798668414918415,0.7528731258489121,0.6485479611954129,0.711787072243346,0.4255803045221384,5
blosum,e3,s42,HLA-DQB1~04:02_HLA-DQA1~02:01,0.7842817663510295,0.7317777171309267,0.6863411334891425,0.6811965811965812,0.40687683184766454,5
blosum,e3,s42,HLA-DQB1~04:02_HLA-DQA1~03:03,0.6479519702350752,0.45346454004251413,0.4818920655730019,0.5817836812144213,0.18117306606238265,5
blosum,e3,s42,HLA-DQB1~04:02_HLA-DQA1~05:01,0.7530145565623987,0.7802649363826035,0.5940708201224899,0.6441219158200291,0.3506395542967217,5
blosum,e3,s42,HLA-DQB1~04:02_HLA-DQA1~06:01,0.7835118865421895,0.6245145110214457,0.5955902867447458,0.6719999999999999,0.3793706910584402,5
blosum,e3,s42,HLA-DQB1~05:01_HLA-DQA1~01:01,0.5567025041480046,0.2691060487547928,0.34329263212339384,0.5453023255813954,0.058333839177261856,5
blosum,e3,s42,HLA-DQB1~05:01_HLA-DQA1~01:02,0.6255378329535632,0.6830453287142257,0.38688148682780693,0.4870041039671683,0.10516984143594192,5
blosum,e3,s42,HLA-DQB1~05:02_HLA-DQA1~01:02,0.6666975308641975,0.5127372831346685,0.45390901094453007,0.5857142857142857,0.16666319206797775,5
blosum,e3,s42,HLA-DQB1~05:03_HLA-DQA1~01:04,0.6320683760683761,0.41544351997775814,0.33318402464743924,0.6874251497005989,0.16214927357122483,5
blosum,e3,s42,HLA-DQB1~06:02_HLA-DQA1~01:02,0.5772397624882736,0.43410963591288276,0.33649311060138315,0.5900826446280992,0.08850082497623155,5
blosum,e3,s42,HLA-DQB1~06:03_HLA-DQA1~01:03,0.7393641888733054,0.43062128050918336,0.3733215600224421,0.7553903345724906,0.24451743539948817,5
blosum,e3,s42,HLA-DRB1~01:01_HLA-DRA~01:01,0.6316666218605662,0.8132632986857222,0.8487512032879966,0.7472084076194051,0.15447117549512668,5
blosum,e3,s42,HLA-DRB1~03:01_HLA-DRA~01:01,0.6786564227315672,0.6501899371466237,0.640388598916817,0.6270973963355834,0.2599484078632265,5
blosum,e3,s42,HLA-DRB1~04:04_HLA-DRA~01:01,0.6041177469282322,0.423992471491441,0.552974393114964,0.43507337021890785,0.15258070456556647,5
blosum,e3,s42,HLA-DRB1~04:05_HLA-DRA~01:01,0.686821453681074,0.759734142333277,0.7452952442212835,0.666905700968089,0.2753497143107876,5
blosum,e3,s42,HLA-DRB1~07:01_HLA-DRA~01:01,0.7345443446554433,0.558992421208391,0.5615456458488562,0.6217257318952234,0.3036969500741286,5
blosum,e3,s42,HLA-DRB1~08:01_HLA-DRA~01:01,0.7249217486330888,0.881148234179246,0.5407365352287334,0.4951841359773371,0.21566457036513365,5
blosum,e3,s42,HLA-DRB1~08:02_HLA-DRA~01:01,0.6861531006350262,0.6153358441366412,0.6144560996595386,0.6150354609929078,0.25052341714609117,5
blosum,e3,s42,HLA-DRB1~09:01_HLA-DRA~01:01,0.731901544230355,0.7550467702087296,0.7067740975062511,0.6713681241184768,0.3402348405636473,5
blosum,e3,s42,HLA-DRB1~11:01_HLA-DRA~01:01,0.7939871109961253,0.7969697063728873,0.7575195346563246,0.6801127738017784,0.39242954512733874,5
blosum,e3,s42,HLA-DRB1~12:01_HLA-DRA~01:01,0.7098568050864871,0.6668818125172732,0.7179751607025271,0.6301864101022249,0.30975431117472424,5
blosum,e3,s42,HLA-DRB1~13:01_HLA-DRA~01:01,0.8568847712796757,0.9107071897248264,0.8465830035234136,0.7922099915325995,0.5297442133673879,5
blosum,e3,s42,HLA-DRB1~13:02_HLA-DRA~01:01,0.7008229666108479,0.6413838183384859,0.6119786880644,0.6396135265700483,0.286846725008394,5
blosum,e3,s42,HLA-DRB1~14:54_HLA-DRA~01:01,0.7888833992094861,0.9067072170188986,0.8786948493108545,0.8005830903790088,0.38138315690045443,5
blosum,e3,s42,HLA-DRB1~15:01_HLA-DRA~01:01,0.7356209457660803,0.4972484285084325,0.4518277020087821,0.7261953955135774,0.28356587477072476,5
blosum,e3,s42,HLA-DRB1~16:02_HLA-DRA~01:01,0.6266203703703703,0.8508591153850917,0.8264473016094807,0.72,0.09871031576456452,5
blosum,e3,s42,HLA-DRB3~01:01_HLA-DRA~01:01,0.6499351316191819,0.49728731059828135,0.5686192347534815,0.6005201560468141,0.2232912405433173,5
blosum,e3,s42,HLA-DRB3~02:02_HLA-DRA~01:01,0.7039952664246595,0.6868810169777351,0.6220817774935856,0.6298265895953757,0.27081885657174337,5
blosum,e3,s42,HLA-DRB3~03:01_HLA-DRA~01:01,0.7424402364190792,0.8294704345658376,0.7798980299153273,0.7088541666666667,0.3508986544670381,5
blosum,e3,s42,HLA-DRB4~01:01_HLA-DRA~01:01,0.7310093519821237,0.6945810617864379,0.696121039912571,0.5954524783992724,0.28483748959082555,5
blosum,e3,s42,HLA-DRB5~01:01_HLA-DRA~01:01,0.754942823047227,0.8318310332287323,0.8105185172081224,0.7293712316968131,0.36768630977023026,5
chai,e5,s100,H2-IAbB_H2-IAbA,0.6750083622005467,0.8632614446417787,0.7831408007764906,0.6846229187071499,0.1833024003353284,5
chai,e5,s100,H2-IAdB_H2-IAdA,0.6671891464699684,0.5584429717708213,0.5966560583989216,0.6032,0.24305067876926847,5
chai,e5,s100,H2-IEdB_H2-IEdA,0.6115290669272105,0.25457361383239435,0.37329889459997884,0.4196428571428571,0.13130121157717173,5
chai,e5,s100,HLA-DPB1~01:01_HLA-DPA1~02:01,0.9542174279798573,0.9816683757566811,0.8865847841745629,0.8231062209056285,0.5547189234124289,5
chai,e5,s100,HLA-DPB1~02:01_HLA-DPA1~01:03,0.9562330031312021,0.9854014690965462,0.9228878913526568,0.8714513556618819,0.5903164809465213,5
chai,e5,s100,HLA-DPB1~04:01_HLA-DPA1~01:03,0.975963695450325,0.9931831428217425,0.9597523356308203,0.9364439536167863,0.8098058708675901,5
chai,e5,s100,HLA-DPB1~04:02_HLA-DPA1~03:01,0.8511776433803725,0.6396122636153343,0.6407517354836514,0.7938524590163935,0.5076108655669787,5
chai,e5,s100,HLA-DPB1~05:01_HLA-DPA1~02:01,0.8570107273678703,0.6008909260248132,0.5765177945709408,0.775,0.4666915159030607,5
chai,e5,s100,HLA-DPB1~05:01_HLA-DPA1~02:02,0.8335314777143725,0.9070515700247993,0.8308794304819663,0.770960423493824,0.480952698302498,5
chai,e5,s100,HLA-DQB1~02:01_HLA-DQA1~05:01,0.8419990571414153,0.8959519864818206,0.779765813701901,0.7130482456140351,0.4080913906608853,5
chai,e5,s100,HLA-DQB1~03:01_HLA-DQA1~02:01,0.7888112653163291,0.8114034332916201,0.7353573226177562,0.6743016759776536,0.3691238505724411,5
chai,e5,s100,HLA-DQB1~03:01_HLA-DQA1~03:01,0.7764705882352942,0.7526591907823456,0.6771501985096575,0.6868421052631579,0.38311620210223096,5
chai,e5,s100,HLA-DQB1~03:01_HLA-DQA1~05:01,0.7731218794431769,0.8267797781554762,0.7535773974157234,0.6201798201798201,0.13666451216846004,5
chai,e5,s100,HLA-DQB1~03:02_HLA-DQA1~03:01,0.7321471246491161,0.6791895640932368,0.6220875837188431,0.6573287883483111,0.32425934335991724,5
chai,e5,s100,HLA-DQB1~03:02_HLA-DQA1~05:01,0.7690487006000908,0.6358532855493846,0.6547026122604807,0.684931506849315,0.40098852579914485,5
chai,e5,s100,HLA-DQB1~03:03_HLA-DQA1~02:01,0.890295881488542,0.8749754688219855,0.7589983561317857,0.7952247191011236,0.5920495389377142,5
chai,e5,s100,HLA-DQB1~03:03_HLA-DQA1~05:01,0.8420775058275058,0.8135855209763264,0.7426303045846799,0.7536121673003803,0.5120957583267263,5
chai,e5,s100,HLA-DQB1~04:02_HLA-DQA1~02:01,0.8465339386042805,0.8119166530791176,0.7087555807892049,0.7635327635327636,0.5219018515383029,5
chai,e5,s100,HLA-DQB1~04:02_HLA-DQA1~03:03,0.7584508709622865,0.5659022830463705,0.5539862117778893,0.559392789373814,0.3013177852486426,5
chai,e5,s100,HLA-DQB1~04:02_HLA-DQA1~05:01,0.8451782453625489,0.8761289364756104,0.6745923819962358,0.7108853410740202,0.4884173500579411,5
chai,e5,s100,HLA-DQB1~04:02_HLA-DQA1~06:01,0.8396830255416114,0.6868973833452613,0.6406660647169277,0.6952380952380952,0.4564893704634,5
chai,e5,s100,HLA-DQB1~05:01_HLA-DQA1~01:01,0.7090603930294341,0.46276353070999193,0.45983115613320613,0.6653023255813953,0.25163744162797075,5
chai,e5,s100,HLA-DQB1~05:01_HLA-DQA1~01:02,0.6810465938555825,0.7533717391824691,0.606269257944527,0.5972640218878249,0.2387063786601769,5
chai,e5,s100,HLA-DQB1~05:02_HLA-DQA1~01:02,0.7327160493827161,0.6170338273821516,0.5891817188371771,0.6107142857142857,0.2938532126708926,5
chai,e5,s100,HLA-DQB1~05:03_HLA-DQA1~01:04,0.6878974358974359,0.5086058971455498,0.4795972418287805,0.5664670658682635,0.19036023526420862,5
chai,e5,s100,HLA-DQB1~06:02_HLA-DQA1~01:02,0.6656711560697846,0.5183986796655524,0.44203222909916784,0.6438934802571167,0.19840861909819774,5
chai,e5,s100,HLA-DQB1~06:03_HLA-DQA1~01:03,0.819058750194795,0.5870490141693618,0.5499790384218285,0.7234200743494423,0.39439920487245567,5
chai,e5,s100,HLA-DRB1~01:01_HLA-DRA~01:01,0.7606811942193528,0.8914907656219506,0.8534606674550155,0.7739513934503144,0.3630763352339252,5
chai,e5,s100,HLA-DRB1~03:01_HLA-DRA~01:01,0.7338796811882072,0.7215646031607004,0.6700381385909561,0.6612825458052074,0.3265892593896146,5
chai,e5,s100,HLA-DRB1~04:04_HLA-DRA~01:01,0.7046574726178817,0.5585589879375057,0.5870362777942912,0.5496271349530912,0.2609164773670659,5
chai,e5,s100,HLA-DRB1~04:05_HLA-DRA~01:01,0.8380290602296696,0.8922401522347213,0.8274747725618911,0.7786303334528505,0.5192486903776802,5
chai,e5,s100,HLA-DRB1~07:01_HLA-DRA~01:01,0.7529708682235208,0.5632077190246231,0.5712077134046417,0.6903768034738759,0.3554308234403506,5
chai,e5,s100,HLA-DRB1~08:01_HLA-DRA~01:01,0.838606058193687,0.9417752912955851,0.8380228587681238,0.7707648725212465,0.46570698842031516,5
chai,e5,s100,HLA-DRB1~08:02_HLA-DRA~01:01,0.745083790195426,0.6634283814318911,0.6847137373622821,0.6835933806146572,0.38412575879650934,5
chai,e5,s100,HLA-DRB1~09:01_HLA-DRA~01:01,0.8214192731096164,0.8327194660335122,0.7636328666315746,0.745345557122708,0.4938712663771024,5
chai,e5,s100,HLA-DRB1~11:01_HLA-DRA~01:01,0.8695642528719981,0.8756327158879064,0.8010307861064048,0.781869442637172,0.5687652955074568,5
chai,e5,s100,HLA-DRB1~12:01_HLA-DRA~01:01,0.8042619876542139,0.8034347041625507,0.742622364767956,0.7259170174383643,0.4549030590935085,5
chai,e5,s100,HLA-DRB1~13:01_HLA-DRA~01:01,0.8939722061378111,0.942209514772739,0.8578704582719071,0.8150719729043183,0.5965670114871274,5
chai,e5,s100,HLA-DRB1~13:02_HLA-DRA~01:01,0.7388248330851923,0.6942422275016646,0.6766073365573015,0.6696530522617479,0.35112115118779064,5
chai,e5,s100,HLA-DRB1~14:54_HLA-DRA~01:01,0.9084684813169798,0.9665281517665724,0.906390785599557,0.8559766763848395,0.6011349049885104,5
chai,e5,s100,HLA-DRB1~15:01_HLA-DRA~01:01,0.7391641662043706,0.5064132019476408,0.5339343979812833,0.6297225501770957,0.31026685819170285,5
chai,e5,s100,HLA-DRB1~16:02_HLA-DRA~01:01,0.7837962962962962,0.9193706704834843,0.8729019504813154,0.7928571428571429,0.349238088282111,5
chai,e5,s100,HLA-DRB3~01:01_HLA-DRA~01:01,0.7649560503463476,0.6847890928379236,0.6444223139098091,0.6705461638491548,0.37003147127784464,5
chai,e5,s100,HLA-DRB3~02:02_HLA-DRA~01:01,0.850137963202655,0.8579536690517113,0.7942185679510969,0.7526011560693642,0.5166806084728133,5
chai,e5,s100,HLA-DRB3~03:01_HLA-DRA~01:01,0.7855106727402779,0.8670178059690041,0.7374353597504563,0.6903645833333334,0.3839474883096651,5
chai,e5,s100,HLA-DRB4~01:01_HLA-DRA~01:01,0.7882428204915998,0.7701239208738475,0.7308939850884701,0.6923146884947704,0.41291727955249086,5
chai,e5,s100,HLA-DRB5~01:01_HLA-DRA~01:01,0.8503060051502345,0.9088421577547006,0.843073118673124,0.7861039333907551,0.512605243295015,5
chai,e5,s128,H2-IAbB_H2-IAbA,0.6616191014447063,0.8598612024006134,0.7930851558527346,0.6882468168462291,0.15920364932695255,5
chai,e5,s128,H2-IAdB_H2-IAdA,0.6730110642781876,0.5602984548457501,0.6138066725733513,0.6288,0.2803210974704166,5
chai,e5,s128,H2-IEdB_H2-IEdA,0.6046897899364925,0.24969624293388426,0.3885531809830875,0.4392857142857142,0.17837301532787153,5
chai,e5,s128,HLA-DPB1~01:01_HLA-DPA1~02:01,0.9383652428789311,0.9747205457390304,0.8858240889604454,0.8266610241218789,0.5664045162813102,5
chai,e5,s128,HLA-DPB1~02:01_HLA-DPA1~01:03,0.9223157867308253,0.9729112221970059,0.9025658003063584,0.8362041467304625,0.48330629792518065,5
chai,e5,s128,HLA-DPB1~04:01_HLA-DPA1~01:03,0.9694876508820798,0.9914019320453263,0.9354679432329934,0.902263942573164,0.7457650019276368,5
chai,e5,s128,HLA-DPB1~04:02_HLA-DPA1~03:01,0.8476799786741307,0.6365813519157563,0.6339055896083253,0.7985655737704918,0.5001462318116918,5
chai,e5,s128,HLA-DPB1~05:01_HLA-DPA1~02:01,0.8466431187859758,0.5783697089855104,0.5749404862389277,0.8020491803278688,0.46009772564724677,5
chai,e5,s128,HLA-DPB1~05:01_HLA-DPA1~02:02,0.8263149983067208,0.9034034412950431,0.7998166280898438,0.7492311570456265,0.47845229035136694,5
chai,e5,s128,HLA-DQB1~02:01_HLA-DQA1~05:01,0.849208848100066,0.9022054531181665,0.7870498253466465,0.7379385964912281,0.4623988288752491,5
chai,e5,s128,HLA-DQB1~03:01_HLA-DQA1~02:01,0.7444095398849713,0.7642839148093068,0.7170821351268336,0.6379888268156424,0.2985669278936619,5
chai,e5,s128,HLA-DQB1~03:01_HLA-DQA1~03:01,0.811624649859944,0.8072901027233925,0.7076072645549485,0.7447368421052631,0.4844964174627931,5
chai,e5,s128,HLA-DQB1~03:01_HLA-DQA1~05:01,0.7618812617795854,0.8233542116280292,0.7548692363683707,0.6255744255744256,0.17247430119300386,5
chai,e5,s128,HLA-DQB1~03:02_HLA-DQA1~03:01,0.7121187694408618,0.6507572957663469,0.5725455514355187,0.6640223117446544,0.3055239695828652,5
chai,e5,s128,HLA-DQB1~03:02_HLA-DQA1~05:01,0.7826635108104016,0.6595328425186662,0.6577519810057246,0.7071232876712329,0.4175972482494978,5
chai,e5,s128,HLA-DQB1~03:03_HLA-DQA1~02:01,0.8796949839151674,0.8612620501555999,0.7404979802954408,0.7831460674157303,0.5700489832357796,5
chai,e5,s128,HLA-DQB1~03:03_HLA-DQA1~05:01,0.8478787878787879,0.8225648807114851,0.7302159550075944,0.7475285171102661,0.5032823606963787,5
chai,e5,s128,HLA-DQB1~04:02_HLA-DQA1~02:01,0.845539722980655,0.8032613186685097,0.7366830443222032,0.7712250712250712,0.5400836499541037,5
chai,e5,s128,HLA-DQB1~04:02_HLA-DQA1~03:03,0.7331608320649418,0.5345062433555268,0.5390712429171188,0.5115749525616698,0.26331563669752633,5
chai,e5,s128,HLA-DQB1~04:02_HLA-DQA1~05:01,0.8433335039847097,0.8746322387150489,0.7343629325514661,0.743976777939042,0.5213271178536169,5
chai,e5,s128,HLA-DQB1~04:02_HLA-DQA1~06:01,0.8491072339557189,0.6960320679676911,0.6501198796867652,0.7028571428571428,0.4732056669917809,5
chai,e5,s128,HLA-DQB1~05:01_HLA-DQA1~01:01,0.7293333461210163,0.4822609887251028,0.46753626462985337,0.6952558139534883,0.27814526601832557,5
chai,e5,s128,HLA-DQB1~05:01_HLA-DQA1~01:02,0.6935318613970299,0.7675928504349876,0.5608119635467171,0.5808481532147743,0.23759928380071188,5
chai,e5,s128,HLA-DQB1~05:02_HLA-DQA1~01:02,0.7358641975308642,0.6313738659750011,0.5866169830518614,0.6666666666666666,0.34193802840271587,5
chai,e5,s128,HLA-DQB1~05:03_HLA-DQA1~01:04,0.667042735042735,0.49353469984099674,0.47776256445014387,0.6107784431137725,0.20690848274373025,5
chai,e5,s128,HLA-DQB1~06:02_HLA-DQA1~01:02,0.681492120515748,0.5533164407539828,0.46617935988629056,0.6657483930211203,0.24024919892575364,5
chai,e5,s128,HLA-DQB1~06:03_HLA-DQA1~01:03,0.8523453327099892,0.6232588553665077,0.6096555171447258,0.7717472118959108,0.4824954126987122,5
chai,e5,s128,HLA-DRB1~01:01_HLA-DRA~01:01,0.7571584018277115,0.8861939367945089,0.8539609852066319,0.774176597541522,0.3611414937591018,5
chai,e5,s128,HLA-DRB1~03:01_HLA-DRA~01:01,0.7712179923523854,0.7602118515534608,0.6894148441243442,0.6959016393442623,0.39594845110077936,5
chai,e5,s128,HLA-DRB1~04:04_HLA-DRA~01:01,0.6922713679023034,0.5352262486131694,0.5777114868236384,0.5174404618715419,0.23265026213157336,5
chai,e5,s128,HLA-DRB1~04:05_HLA-DRA~01:01,0.8186436885511178,0.8790860056152712,0.7868132712294711,0.7429903191107924,0.4723131986301395,5
chai,e5,s128,HLA-DRB1~07:01_HLA-DRA~01:01,0.7494556977029779,0.5805195281653182,0.5755325024902452,0.6568426950553299,0.3367575428461865,5
chai,e5,s128,HLA-DRB1~08:01_HLA-DRA~01:01,0.853566995835037,0.9467188273816379,0.8489841798692398,0.7836827195467422,0.4881113979890473,5
chai,e5,s128,HLA-DRB1~08:02_HLA-DRA~01:01,0.7420178718664564,0.6643799775365615,0.6801689527360854,0.6766903073286052,0.37265255466353286,5
chai,e5,s128,HLA-DRB1~09:01_HLA-DRA~01:01,0.8064828791851937,0.8157553472098483,0.7860012819252318,0.7437235543018336,0.4790890366008531,5
chai,e5,s128,HLA-DRB1~11:01_HLA-DRA~01:01,0.8687282794034656,0.8761564903501953,0.8075129496040316,0.7748427672955975,0.5557020914565636,5
chai,e5,s128,HLA-DRB1~12:01_HLA-DRA~01:01,0.8019783355472402,0.801109258859561,0.746188678727893,0.7232711966325918,0.45506980462391206,5
chai,e5,s128,HLA-DRB1~13:01_HLA-DRA~01:01,0.8932252460914881,0.9404673830814734,0.8671277132424609,0.8243861134631668,0.609473893578368,5
chai,e5,s128,HLA-DRB1~13:02_HLA-DRA~01:01,0.7418744912077606,0.6963701100321997,0.6904917203822769,0.6750109793588054,0.36675081834025836,5
chai,e5,s128,HLA-DRB1~14:54_HLA-DRA~01:01,0.9128152887005421,0.9688803131139299,0.9018157727307162,0.8546161321671526,0.6244933499604022,5
chai,e5,s128,HLA-DRB1~15:01_HLA-DRA~01:01,0.7523012855553005,0.5323556022750562,0.5447178021049807,0.6384297520661157,0.32846446409342667,5
chai,e5,s128,HLA-DRB1~16:02_HLA-DRA~01:01,0.7627893518518518,0.917162149820266,0.8407811904774952,0.7514285714285714,0.2663848476570401,5
chai,e5,s128,HLA-DRB3~01:01_HLA-DRA~01:01,0.7647922002400307,0.6959385567681657,0.6384747712647831,0.6844603381014304,0.3679980370518696,5
chai,e5,s128,HLA-DRB3~02:02_HLA-DRA~01:01,0.8438821998241611,0.8554498342286829,0.785198818720793,0.7478998073217726,0.503772325081934,5
chai,e5,s128,HLA-DRB3~03:01_HLA-DRA~01:01,0.7630147197229229,0.8485798652368635,0.7780745578207823,0.7138020833333333,0.3769197412441715,5
chai,e5,s128,HLA-DRB4~01:01_HLA-DRA~01:01,0.7892528345609534,0.7719994242695768,0.7259623923396316,0.693587994542974,0.4075455034809966,5
chai,e5,s128,HLA-DRB5~01:01_HLA-DRA~01:01,0.8456656086727264,0.9058991544176243,0.8339787158802263,0.7795578524260696,0.5098084957500528,5
chai,e5,s42,H2-IAbB_H2-IAbA,0.76801576835487,0.9053938630200354,0.8343348968960583,0.7509304603330069,0.3326854729397939,5
chai,e5,s42,H2-IAdB_H2-IAdA,0.6599183350895681,0.569416392876426,0.5961117185960618,0.6064,0.23816259141352153,5
chai,e5,s42,H2-IEdB_H2-IEdA,0.6174890083048363,0.26864743171490346,0.3738421567320997,0.46428571428571425,0.1428309280907078,5
chai,e5,s42,HLA-DPB1~01:01_HLA-DPA1~02:01,0.9398299293644504,0.9756343766474849,0.8784612518846903,0.8095641134151503,0.5126060415539748,5
chai,e5,s42,HLA-DPB1~02:01_HLA-DPA1~01:03,0.8740138016094641,0.9500815426024267,0.8935688591561727,0.8192982456140351,0.38682023862575454,5
chai,e5,s42,HLA-DPB1~04:01_HLA-DPA1~01:03,0.9704834726090994,0.9916886192913074,0.9556027768861934,0.9282716731087797,0.7737543786381871,5
chai,e5,s42,HLA-DPB1~04:02_HLA-DPA1~03:01,0.8453463509993723,0.6285696883884299,0.6007825766653974,0.7819672131147541,0.4566933859780663,5
chai,e5,s42,HLA-DPB1~05:01_HLA-DPA1~02:01,0.8486917844060701,0.5715969096166271,0.5700821991386418,0.7760245901639344,0.4516014906880246,5
chai,e5,s42,HLA-DPB1~05:01_HLA-DPA1~02:02,0.8238528033561485,0.9016974534199527,0.8348888082432155,0.7675321401562895,0.45308204744320496,5
chai,e5,s42,HLA-DQB1~02:01_HLA-DQA1~05:01,0.8315303727245537,0.8894177542396433,0.7723929936798836,0.7,0.37801859558856077,5
chai,e5,s42,HLA-DQB1~03:01_HLA-DQA1~02:01,0.7473743435858965,0.7705900775470401,0.71414589898893,0.6622905027932962,0.3327046151181251,5
chai,e5,s42,HLA-DQB1~03:01_HLA-DQA1~03:01,0.8110644257703081,0.7976663141044434,0.7107445212132009,0.7342105263157894,0.46778668323507605,5
chai,e5,s42,HLA-DQB1~03:01_HLA-DQA1~05:01,0.7680297920179876,0.8280339100982076,0.7540848397444453,0.6201798201798201,0.1657224362900988,5
chai,e5,s42,HLA-DQB1~03:02_HLA-DQA1~03:01,0.7027579944617252,0.6439605513002734,0.5942694814612851,0.6431360396653238,0.28324355626420095,5
chai,e5,s42,HLA-DQB1~03:02_HLA-DQA1~05:01,0.7608418804440513,0.630771187679715,0.633774473365883,0.67013698630137,0.37145841349277725,5
chai,e5,s42,HLA-DQB1~03:03_HLA-DQA1~02:01,0.8820906310814568,0.867259895464296,0.740276499079026,0.7828651685393259,0.5769177760719627,5
chai,e5,s42,HLA-DQB1~03:03_HLA-DQA1~05:01,0.8358041958041958,0.8081564709353705,0.7426815422694681,0.7319391634980988,0.49022835728812486,5
chai,e5,s42,HLA-DQB1~04:02_HLA-DQA1~02:01,0.8526784899209108,0.8178851567060393,0.7418615430025035,0.778062678062678,0.5503960751018745,5
chai,e5,s42,HLA-DQB1~04:02_HLA-DQA1~03:03,0.7409572129206833,0.527849384070766,0.5531517380336725,0.5612903225806452,0.29310032795797575,5
chai,e5,s42,HLA-DQB1~04:02_HLA-DQA1~05:01,0.8351695421423575,0.8654480367942595,0.7510288374744561,0.7471698113207548,0.5102011511393912,5
chai,e5,s42,HLA-DQB1~04:02_HLA-DQA1~06:01,0.8516647961092405,0.6968566938821228,0.6425349484105678,0.6899047619047619,0.4632090469955531,5
chai,e5,s42,HLA-DQB1~05:01_HLA-DQA1~01:01,0.7135469515762417,0.46136369210814526,0.45843745422163595,0.5871627906976744,0.23775210941624544,5
chai,e5,s42,HLA-DQB1~05:01_HLA-DQA1~01:02,0.6940803017207511,0.7613629128657526,0.6350550597444535,0.612859097127223,0.25308600405469317,5
chai,e5,s42,HLA-DQB1~05:02_HLA-DQA1~01:02,0.7079938271604937,0.598999724531889,0.5818173345153018,0.6345238095238095,0.2926957602215953,5
chai,e5,s42,HLA-DQB1~05:03_HLA-DQA1~01:04,0.6514871794871795,0.4708715917492167,0.4703856764750277,0.5700598802395209,0.171399943151123,5
chai,e5,s42,HLA-DQB1~06:02_HLA-DQA1~01:02,0.6699456035604943,0.5180991288210738,0.43469783234565157,0.642516069788797,0.1980892860703,5
chai,e5,s42,HLA-DQB1~06:03_HLA-DQA1~01:03,0.844818450989559,0.6145414409459462,0.591314677665822,0.7486988847583643,0.45558631358133306,5
chai,e5,s42,HLA-DRB1~01:01_HLA-DRA~01:01,0.758545230815089,0.888132907368659,0.8629262027844298,0.7827343530074129,0.35867317724363784,5
chai,e5,s42,HLA-DRB1~03:01_HLA-DRA~01:01,0.7486164038729067,0.7349875679360824,0.6921695175164795,0.676808100289296,0.35983721453046297,5
chai,e5,s42,HLA-DRB1~04:04_HLA-DRA~01:01,0.6879938763255087,0.5228723990452291,0.5774860061559528,0.5084115147141368,0.2321661118568607,5
chai,e5,s42,HLA-DRB1~04:05_HLA-DRA~01:01,0.8205530817904851,0.8781146808323109,0.7863893226985047,0.7445679455001792,0.4780241650045941,5
chai,e5,s42,HLA-DRB1~07:01_HLA-DRA~01:01,0.7393286349645767,0.5551127827064108,0.5628153085623098,0.6461969463510295,0.3216284346457067,5
chai,e5,s42,HLA-DRB1~08:01_HLA-DRA~01:01,0.8503500957109205,0.9468840074878242,0.8516524169141549,0.7856090651558073,0.4830974108255594,5
chai,e5,s42,HLA-DRB1~08:02_HLA-DRA~01:01,0.7462178689733984,0.6724640909171447,0.6698348975269705,0.6813238770685579,0.3697278058586496,5
chai,e5,s42,HLA-DRB1~09:01_HLA-DRA~01:01,0.8150522302030682,0.8198746539102008,0.7970288420966973,0.756135401974612,0.503561864918827,5
chai,e5,s42,HLA-DRB1~11:01_HLA-DRA~01:01,0.8606121331233328,0.8685265404326703,0.7989183242890073,0.763912383430926,0.5347696876186194,5
chai,e5,s42,HLA-DRB1~12:01_HLA-DRA~01:01,0.8017036953432713,0.8048648943874419,0.7111615356368512,0.7177390258568852,0.44251704450027124,5
chai,e5,s42,HLA-DRB1~13:01_HLA-DRA~01:01,0.9085234510712217,0.9515127985000559,0.8698350440401186,0.8304826418289585,0.6302813605883772,5
chai,e5,s42,HLA-DRB1~13:02_HLA-DRA~01:01,0.7306525850514906,0.6840641634959701,0.6879489594589556,0.6664909969257795,0.3515697292143639,5
chai,e5,s42,HLA-DRB1~14:54_HLA-DRA~01:01,0.8914561346318406,0.9590291148417946,0.8952585173797537,0.8363459669582118,0.5351439656580864,5
chai,e5,s42,HLA-DRB1~15:01_HLA-DRA~01:01,0.7507154471875134,0.5253272747815554,0.5435796506165321,0.6307851239669422,0.3236812567531556,5
chai,e5,s42,HLA-DRB1~16:02_HLA-DRA~01:01,0.7478587962962963,0.9072942726348344,0.8571752185967852,0.77,0.27511745058536563,5
chai,e5,s42,HLA-DRB3~01:01_HLA-DRA~01:01,0.7537909117100684,0.6704228895782067,0.631405901073863,0.6549414824447334,0.34612869709619376,5
chai,e5,s42,HLA-DRB3~02:02_HLA-DRA~01:01,0.8693413912273774,0.8765744204631734,0.8058184739335793,0.7623892100192678,0.5426532197875924,5
chai,e5,s42,HLA-DRB3~03:01_HLA-DRA~01:01,0.7679072393931408,0.8516887710997277,0.740198162007282,0.6890625,0.37101103950179676,5
chai,e5,s42,HLA-DRB4~01:01_HLA-DRA~01:01,0.7735272697177853,0.7552610639680559,0.7226618506103852,0.6876762164620283,0.397656144585945,5
chai,e5,s42,HLA-DRB5~01:01_HLA-DRA~01:01,0.8536648316095287,0.9086758505983564,0.8463066419045029,0.7933964972724663,0.5336187060764954,5
deepneo,e3,s100,H2-IAbB,0.5219014042089102,0.7632745946846247,0.7882939788766317,0.666307541625857,-0.015012991376465099,5
deepneo,e3,s100,H2-IAdB,0.42988672286617496,0.3595902300225522,0.0,0.5808,-0.03031722106431107,5
deepneo,e3,s100,H2-IEdB,0.6161211529066927,0.2659988203857642,0.3785560341107471,0.5946428571428571,0.16987775747194184,5
deepneo,e3,s100,HLA-DPB1~01:01,0.9264165442894333,0.9685819515706273,0.8409260445997255,0.7343619683069225,0.26536601055692505,5
deepneo,e3,s100,HLA-DPB1~02:01,0.9504386056101323,0.9836787393192953,0.932225063273399,0.8979705531237565,0.7268029217486154,5
deepneo,e3,s100,HLA-DPB1~04:01,0.942241574074074,0.9834346316312856,0.8555952043642954,0.7973002754820937,0.5869784472249968,5
deepneo,e3,s100,HLA-DPB1~04:02,0.9415005451031071,0.9689904557844518,0.9159692629903983,0.8826311263972485,0.723383480163772,5
deepneo,e3,s100,HLA-DPB1~05:01,0.8255500372002595,0.864380761056103,0.7783034296797254,0.6810920121334681,0.3619214316330493,5
deepneo,e3,s100,HLA-DQB1~02:01,0.8095188731318714,0.8668040832742241,0.769082630779996,0.6834972677595628,0.34540993614674725,5
deepneo,e3,s100,HLA-DQB1~03:01,0.761508711312303,0.909359216078643,0.6745013020306085,0.6066855881425418,0.3133841356280921,5
deepneo,e3,s100,HLA-DQB1~03:02,0.718976093558892,0.6375468078556745,0.6246104278323719,0.5528553459119496,0.2508315437361711,5
deepneo,e3,s100,HLA-DQB1~03:03,0.8413503295526782,0.8556996014677949,0.6419700723102598,0.7056847545219638,0.46986751128701554,5
deepneo,e3,s100,HLA-DQB1~04:02,0.6947306234976165,0.7669243197266629,0.7548036901787636,0.6411238825031929,0.20458943760617476,5
deepneo,e3,s100,HLA-DQB1~05:01,0.6375179046449764,0.5160970029957712,0.2673614317400791,0.6233752048061169,0.13908790208630367,5
deepneo,e3,s100,HLA-DQB1~05:02,0.7236490588949605,0.6217068432888768,0.5670849512633132,0.6970414201183432,0.3485211525956472,5
deepneo,e3,s100,HLA-DQB1~05:03,0.6954539824105042,0.6134389345987257,0.5662474571427989,0.5870967741935484,0.229297640229459,5
deepneo,e3,s100,HLA-DQB1~06:02,0.5221056439942113,0.3947519019924021,0.179033373545808,0.6137397634212921,0.03814283992310256,5
deepneo,e3,s100,HLA-DQB1~06:03,0.7985441069419628,0.5835370919500706,0.5768977258923786,0.7071428571428571,0.40182900311531233,5
deepneo,e3,s100,HLA-DRB1~01:01,0.7829374785107583,0.9107835111263862,0.8669242057481578,0.7781739701604579,0.2870409796301555,5
deepneo,e3,s100,HLA-DRB1~03:01,0.7320615361439061,0.721243905672457,0.1440895774788693,0.5330761812921889,0.15416442853304158,5
deepneo,e3,s100,HLA-DRB1~04:04,0.721638452649134,0.5771827896606591,0.5561514313349767,0.4348167749178093,0.16745723964418563,5
deepneo,e3,s100,HLA-DRB1~04:05,0.8263816442911827,0.8808368437931262,0.8140147465479342,0.7645751165292219,0.4943971082136079,5
deepneo,e3,s100,HLA-DRB1~07:01,0.6988975833723611,0.49452397849238017,0.5123989539077451,0.4322594200868469,0.18873852725848503,5
deepneo,e3,s100,HLA-DRB1~08:01,0.8047336196820734,0.9237283218746015,0.8057593794560702,0.7303116147308781,0.4024400139682955,5
deepneo,e3,s100,HLA-DRB1~08:02,0.7304167088570974,0.6599830442374431,0.5437134988586905,0.6539952718676123,0.2917132882380136,5
deepneo,e3,s100,HLA-DRB1~09:01,0.7798545205791815,0.7946095891014142,0.5411026645836288,0.6133286318758815,0.32508559273789084,5
deepneo,e3,s100,HLA-DRB1~11:01,0.8522947805510543,0.8608045275554528,0.7961477045829415,0.7467360659292994,0.5108123923787302,5
deepneo,e3,s100,HLA-DRB1~12:01,0.8059766801816272,0.7981599838267688,0.7514697801654783,0.690198436560433,0.42055677861891694,5
deepneo,e3,s100,HLA-DRB1~13:01,0.8281084732677089,0.898112322179586,0.8323291705846965,0.7744284504657071,0.48926305183621965,5
deepneo,e3,s100,HLA-DRB1~13:02,0.7346829160334171,0.6758908455454808,0.6967417124046261,0.6333772507685551,0.3343619275408404,5
deepneo,e3,s100,HLA-DRB1~14:54,0.9018244977792266,0.9654304024046485,0.8696669275600948,0.8159378036929057,0.5763221677052085,5
deepneo,e3,s100,HLA-DRB1~15:01,0.7362556642261504,0.5151861120853303,0.4596794757666435,0.7397136953955136,0.3020244489916427,5
deepneo,e3,s100,HLA-DRB1~16:02,0.7869502314814815,0.9242873390027553,0.8753068364536606,0.7871428571428571,0.24582478050329915,5
deepneo,e3,s100,HLA-DRB3~01:01,0.7222526384816204,0.6287983582144869,0.6268175434069416,0.6283485045513654,0.312445607986569,5
deepneo,e3,s100,HLA-DRB3~02:02,0.8076418969135132,0.8134932067381161,0.6765075747067361,0.7033526011560693,0.4344089273365174,5
deepneo,e3,s100,HLA-DRB3~03:01,0.7547761924481422,0.8446558438028848,0.8108006340761003,0.7184895833333333,0.3219794136864128,5
deepneo,e3,s100,HLA-DRB4~01:01,0.7458736240999752,0.7153319100464528,0.6997676071028234,0.6083674397453388,0.2977826610830475,5
deepneo,e3,s100,HLA-DRB5~01:01,0.8060715000387072,0.8775022536350191,0.8065260902295253,0.6890611541774333,0.2363035149100079,5
deepneo,e3,s128,H2-IAbB,0.6454670465220295,0.8246779857421336,0.8226139819171496,0.7190989226248775,0.1611671295594181,5
deepneo,e3,s128,H2-IAdB,0.5283192834562698,0.4642288295393615,0.032916887086345735,0.5871999999999999,0.04470674891091526,5
deepneo,e3,s128,H2-IEdB,0.6016609672691744,0.29344387078731365,0.35027906375290574,0.6053571428571429,0.12247947019237168,5
deepneo,e3,s128,HLA-DPB1~01:01,0.9354509044790067,0.9721672675767481,0.8418234855113413,0.7360300250208507,0.27454364282231325,5
deepneo,e3,s128,HLA-DPB1~02:01,0.9532127449451634,0.9847119795158485,0.9313222918623149,0.8981297254277756,0.7379868248896131,5
deepneo,e3,s128,HLA-DPB1~04:01,0.9440885185185186,0.9836611764754031,0.7907480708976138,0.7251239669421488,0.5157308937690537,5
deepneo,e3,s128,HLA-DPB1~04:02,0.9375855657724921,0.9680396649023016,0.9092630739912373,0.8735167669819432,0.7037696934861507,5
deepneo,e3,s128,HLA-DPB1~05:01,0.8335740560224503,0.8708503360360533,0.7898501877789589,0.705803842264914,0.41009358038222726,5
deepneo,e3,s128,HLA-DQB1~02:01,0.7987767131217864,0.855409893245495,0.7684658574010379,0.6867759562841529,0.35088431941736625,5
deepneo,e3,s128,HLA-DQB1~03:01,0.7656175754295019,0.9115421755499223,0.637558745438852,0.5795648060548723,0.30972729772579666,5
deepneo,e3,s128,HLA-DQB1~03:02,0.7149015962879891,0.6300694312419614,0.6203686482113,0.5454088050314465,0.2389438805347189,5
deepneo,e3,s128,HLA-DQB1~03:03,0.8337997256515776,0.8513084067961749,0.6526968951817911,0.7131782945736435,0.4842924916723188,5
deepneo,e3,s128,HLA-DQB1~04:02,0.7015617997365313,0.7710744268134343,0.7471407287625168,0.6469987228607919,0.22325272886851533,5
deepneo,e3,s128,HLA-DQB1~05:01,0.650232198914991,0.5338046046789298,0.2965682902687985,0.6293828509011469,0.16147945397613045,5
deepneo,e3,s128,HLA-DQB1~05:02,0.7230115361262902,0.5969561518022118,0.5798878916998242,0.7029585798816568,0.3526530146473816,5
deepneo,e3,s128,HLA-DQB1~05:03,0.7042239563978694,0.5806729321612617,0.5767211880949608,0.624731182795699,0.2700288973829219,5
deepneo,e3,s128,HLA-DQB1~06:02,0.5186091839051106,0.3833440887157707,0.25581488818004267,0.5898999090081893,0.019626503876693274,5
deepneo,e3,s128,HLA-DQB1~06:03,0.7918469988749917,0.5467007981508069,0.5648776153475235,0.7035714285714285,0.38660735478011643,5
deepneo,e3,s128,HLA-DRB1~01:01,0.7805091718087562,0.9113342859985156,0.8641631594343366,0.773557286290701,0.26823911220438007,5
deepneo,e3,s128,HLA-DRB1~03:01,0.7265764835851541,0.7088997884415754,0.1404715424285968,0.5309064609450338,0.14240866543123837,5
deepneo,e3,s128,HLA-DRB1~04:04,0.715139397122563,0.5709052932886716,0.5544022895898031,0.4292999759441905,0.16095250050942825,5
deepneo,e3,s128,HLA-DRB1~04:05,0.8143091499548026,0.8698949439237328,0.8152709234472983,0.7635711724632486,0.4874501431977694,5
deepneo,e3,s128,HLA-DRB1~07:01,0.7004890074772862,0.4973512363384821,0.5045217505315971,0.40023812858943825,0.16793098550752159,5
deepneo,e3,s128,HLA-DRB1~08:01,0.7926619215279009,0.9188494417218409,0.7826791149162544,0.7044759206798867,0.3745064166050315,5
deepneo,e3,s128,HLA-DRB1~08:02,0.7276462440873125,0.6572447406941376,0.5438162843905773,0.6526713947990543,0.28874485849720183,5
deepneo,e3,s128,HLA-DRB1~09:01,0.7792553744030201,0.7907269536985168,0.45283695709050853,0.5752468265162201,0.2846698347297793,5
deepneo,e3,s128,HLA-DRB1~11:01,0.8411497977913642,0.8504252102788357,0.7814104851960954,0.719843851659076,0.46682742781460085,5
deepneo,e3,s128,HLA-DRB1~12:01,0.8081639622275665,0.8029215426859079,0.747345626002152,0.6788935658448587,0.4061176746857302,5
deepneo,e3,s128,HLA-DRB1~13:01,0.8285884320916168,0.8957533626306662,0.8302505705848867,0.7759525825571549,0.5014601580570682,5
deepneo,e3,s128,HLA-DRB1~13:02,0.7425287632053834,0.6898359250944806,0.6964855669402263,0.62512077294686,0.3298490839545417,5
deepneo,e3,s128,HLA-DRB1~14:54,0.8943767572633552,0.9629016833427274,0.8557628445508417,0.7988338192419825,0.5470655767047512,5
deepneo,e3,s128,HLA-DRB1~15:01,0.7243143747963696,0.49736036655672666,0.4054742671527743,0.737883707201889,0.26895806741067757,5
deepneo,e3,s128,HLA-DRB1~16:02,0.7900462962962963,0.9248076815662998,0.8694020226578054,0.7785714285714286,0.21810656891868724,5
deepneo,e3,s128,HLA-DRB3~01:01,0.7108894038295323,0.6068542492584628,0.6186278061521756,0.6130039011703511,0.29065387134504733,5
deepneo,e3,s128,HLA-DRB3~02:02,0.7972399008907664,0.8030725666192332,0.545548538313889,0.642466281310212,0.36094035259761237,5
deepneo,e3,s128,HLA-DRB3~03:01,0.7595361969657042,0.8502931921144518,0.8105726135067461,0.7169270833333333,0.3164094096830516,5
deepneo,e3,s128,HLA-DRB4~01:01,0.7388360506496732,0.7107133435155304,0.6985645715979718,0.6110050022737609,0.29540263275962364,5
deepneo,e3,s128,HLA-DRB5~01:01,0.814925675073653,0.8830293286959037,0.8077780199261761,0.691358024691358,0.24716336208349743,5
deepneo,e3,s42,H2-IAbB,0.6108761151202683,0.8229724039275519,0.7994874070619367,0.6886385896180215,0.07997596427143455,5
deepneo,e3,s42,H2-IAdB,0.4788461538461538,0.3949264143223882,0.46049320636690394,0.44960000000000006,-0.06125395139681389,5
deepneo,e3,s42,H2-IEdB,0.6089887640449438,0.29049083776017226,0.3563825384434284,0.6535714285714286,0.15028326923609586,5
deepneo,e3,s42,HLA-DPB1~01:01,0.9283502436419464,0.9685501631096745,0.8385233122463747,0.7291909924937447,0.2434885300008137,5
deepneo,e3,s42,HLA-DPB1~02:01,0.9453019041183707,0.9815537853423747,0.9285563446869153,0.8925586947871069,0.7128202924534188,5
deepneo,e3,s42,HLA-DPB1~04:01,0.9397767592592594,0.9824001145498054,0.8186351725966091,0.7551515151515151,0.5426693906796978,5
deepneo,e3,s42,HLA-DPB1~04:02,0.9415870422182999,0.969765141458588,0.9160890436343887,0.8832330180567498,0.7265501455803847,5
deepneo,e3,s42,HLA-DPB1~05:01,0.8361801706851221,0.8737196998166145,0.7808365007358097,0.685015166835187,0.372520776433115,5
deepneo,e3,s42,HLA-DQB1~02:01,0.7902467502426379,0.8484936406310479,0.765341760106491,0.6860109289617486,0.34771513692132605,5
deepneo,e3,s42,HLA-DQB1~03:01,0.7546880564121279,0.9056816364427569,0.5896937909736047,0.5429202144433932,0.2908926959468131,5
deepneo,e3,s42,HLA-DQB1~03:02,0.7024057172324182,0.6155742131732804,0.6165490250912566,0.5239748427672956,0.2215740814025411,5
deepneo,e3,s42,HLA-DQB1~03:03,0.8257097929003981,0.8410676062838986,0.6013568625300353,0.6824289405684755,0.4338010044019354,5
deepneo,e3,s42,HLA-DQB1~04:02,0.6857122485841946,0.754369458782804,0.746759398025603,0.6439335887611749,0.2149161168809131,5
deepneo,e3,s42,HLA-DQB1~05:01,0.622806400255531,0.5132938527311772,0.2359424395067112,0.6258874931731294,0.1425784800770827,5
deepneo,e3,s42,HLA-DQB1~05:02,0.7238008500303582,0.5964865456876851,0.584359245320706,0.6745562130177515,0.3295976823636909,5
deepneo,e3,s42,HLA-DQB1~05:03,0.6842313885792147,0.5750532965825887,0.5573584185385003,0.5688172043010753,0.20139091292437442,5
deepneo,e3,s42,HLA-DQB1~06:02,0.5143698036378083,0.38676380300488444,0.2680280078894163,0.5801637852593267,0.011433904043426838,5
deepneo,e3,s42,HLA-DQB1~06:03,0.7918469988749918,0.563190494586199,0.5781878899508172,0.7485714285714286,0.41220436421681245,5
deepneo,e3,s42,HLA-DRB1~01:01,0.7734413490503701,0.9090441158548638,0.8612886046928722,0.7722623627662569,0.2809857759708262,5
deepneo,e3,s42,HLA-DRB1~03:01,0.7212263150846965,0.7018149097870823,0.2560609508270043,0.557473481195757,0.19231893127111876,5
deepneo,e3,s42,HLA-DRB1~04:04,0.714278065466417,0.5733054906534696,0.5540518658189698,0.4293801619757838,0.1589053852327495,5
deepneo,e3,s42,HLA-DRB1~04:05,0.8199574810003682,0.8730958691180719,0.8115367567703121,0.7630692004302617,0.49395432398832917,5
deepneo,e3,s42,HLA-DRB1~07:01,0.688969851165944,0.4817937799917883,0.5165775609762917,0.45243031236867914,0.19863757026381956,5
deepneo,e3,s42,HLA-DRB1~08:01,0.7916465535022237,0.9188592140614154,0.7771767300914971,0.6980169971671388,0.3650907996461591,5
deepneo,e3,s42,HLA-DRB1~08:02,0.7284985209240428,0.6556572752612984,0.5505723444806188,0.654468085106383,0.2926375771876276,5
deepneo,e3,s42,HLA-DRB1~09:01,0.7842614677155779,0.8005237558133225,0.5226960407162974,0.607475317348378,0.3250767861232081,5
deepneo,e3,s42,HLA-DRB1~11:01,0.8519081974306719,0.8579719485550639,0.7672656726325666,0.6841899804814574,0.42023883754482805,5
deepneo,e3,s42,HLA-DRB1~12:01,0.8076252449043968,0.8023497151983683,0.7542906522160054,0.695009019843656,0.42932537715798025,5
deepneo,e3,s42,HLA-DRB1~13:01,0.8257411696583672,0.8933259100405987,0.8330956386231225,0.7761219305673158,0.49363032971195653,5
deepneo,e3,s42,HLA-DRB1~13:02,0.7419021168852474,0.6833597279896347,0.7032314654004038,0.6515590689503733,0.35702668194830334,5
deepneo,e3,s42,HLA-DRB1~14:54,0.8947180229004523,0.9630294954975819,0.8607146354358726,0.8050534499514092,0.5603524995429148,5
deepneo,e3,s42,HLA-DRB1~15:01,0.726963435607423,0.5044926915382166,0.4244398123304121,0.739241440377804,0.2806672323257549,5
deepneo,e3,s42,HLA-DRB1~16:02,0.765162037037037,0.9131301801049739,0.8686304574263369,0.7757142857142857,0.18858167638586157,5
deepneo,e3,s42,HLA-DRB3~01:01,0.699923244974468,0.5892659171263701,0.6166395223763579,0.5783485045513654,0.27047487601419506,5
deepneo,e3,s42,HLA-DRB3~02:02,0.7983861943748233,0.8015145679679252,0.5943443539973894,0.6619653179190752,0.38089787996424684,5
deepneo,e3,s42,HLA-DRB3~03:01,0.7429326506795165,0.8280404206776286,0.8023555925407289,0.71953125,0.339060424939795,5
deepneo,e3,s42,HLA-DRB4~01:01,0.7374805925680709,0.7063773597422628,0.6990122648030518,0.6089131423374261,0.29518767474040086,5
deepneo,e3,s42,HLA-DRB5~01:01,0.8105394673611548,0.879617793840336,0.806081316776952,0.6883720930232557,0.2323882748183177,5
esm3_small,e5,s100,H2-IAbB_H2-IAbA,0.6793554249215362,0.8738720687570632,0.7112439056545952,0.6226248775710088,0.21660408176676071,5
esm3_small,e5,s100,H2-IAdB_H2-IAdA,0.6120653319283457,0.5093487459096118,0.5731088624134303,0.5608,0.16715980230184033,5
esm3_small,e5,s100,H2-IEdB_H2-IEdA,0.5321934538348803,0.2019899614107446,0.3329885658566602,0.5196428571428571,0.07571457683491786,5
esm3_small,e5,s100,HLA-DPB1~01:01_HLA-DPA1~02:01,0.9645358417900021,0.984830096777511,0.9174636597477355,0.8894625476089717,0.7579542654412609,5
esm3_small,e5,s100,HLA-DPB1~02:01_HLA-DPA1~01:03,0.9457191124931057,0.9819878552321839,0.8981528398499062,0.8283094098883572,0.4587240140852746,5
esm3_small,e5,s100,HLA-DPB1~04:01_HLA-DPA1~01:03,0.9717951717734448,0.9919750531061924,0.9553637391095547,0.9299282164549971,0.7943050661058009,5
esm3_small,e5,s100,HLA-DPB1~04:02_HLA-DPA1~03:01,0.8450553417415015,0.6351637634015604,0.6282065974738659,0.7854508196721312,0.4899748596750201,5
esm3_small,e5,s100,HLA-DPB1~05:01_HLA-DPA1~02:01,0.828453689167975,0.5696711287062509,0.5421097209718899,0.7469262295081968,0.4177483221703676,5
esm3_small,e5,s100,HLA-DPB1~05:01_HLA-DPA1~02:02,0.8536031713851946,0.9221364925489823,0.8203798185097252,0.7717670783967734,0.5190509475098332,5
esm3_small,e5,s100,HLA-DQB1~02:01_HLA-DQA1~05:01,0.8445487141550645,0.898933468016135,0.7829349335841047,0.718640350877193,0.41716579715251545,5
esm3_small,e5,s100,HLA-DQB1~03:01_HLA-DQA1~02:01,0.7651569142285573,0.7715561894311365,0.7272399030098978,0.6754189944134078,0.3634280380619256,5
esm3_small,e5,s100,HLA-DQB1~03:01_HLA-DQA1~03:01,0.8698879551820727,0.8601963183741319,0.7576448524769944,0.7763157894736843,0.5598558465833919,5
esm3_small,e5,s100,HLA-DQB1~03:01_HLA-DQA1~05:01,0.7572301854974705,0.8110522313892039,0.7445665577949798,0.5938061938061938,0.029642284426800197,5
esm3_small,e5,s100,HLA-DQB1~03:02_HLA-DQA1~03:01,0.672948751991503,0.6233320410901755,0.5675121493644351,0.6032228075612023,0.2154051849865494,5
esm3_small,e5,s100,HLA-DQB1~03:02_HLA-DQA1~05:01,0.6914082610116272,0.537163896829712,0.4857193380101304,0.6419178082191781,0.2206532344186268,5
esm3_small,e5,s100,HLA-DQB1~03:03_HLA-DQA1~02:01,0.8419698955478772,0.7930835406087804,0.6921540461618735,0.7463483146067416,0.4918047374567139,5
esm3_small,e5,s100,HLA-DQB1~03:03_HLA-DQA1~05:01,0.8483391608391608,0.8199897411096468,0.7364763228103881,0.7463878326996198,0.5134701381242567,5
esm3_small,e5,s100,HLA-DQB1~04:02_HLA-DQA1~02:01,0.8413786235341958,0.7997693657004973,0.6756237162846214,0.7638176638176638,0.5186254760981454,5
esm3_small,e5,s100,HLA-DQB1~04:02_HLA-DQA1~03:03,0.7909183155758498,0.6156611341782069,0.6058524592556169,0.7005692599620493,0.4001168200921275,5
esm3_small,e5,s100,HLA-DQB1~04:02_HLA-DQA1~05:01,0.8415792078363111,0.869025269592228,0.6380219944840316,0.6920174165457185,0.46883737556517174,5
esm3_small,e5,s100,HLA-DQB1~04:02_HLA-DQA1~06:01,0.8528585518484508,0.7213655034677148,0.6433601733920911,0.6845714285714286,0.46622829645901415,5
esm3_small,e5,s100,HLA-DQB1~05:01_HLA-DQA1~01:01,0.7056719767519926,0.4569679995089098,0.4467150283628488,0.6809302325581396,0.24322920870469344,5
esm3_small,e5,s100,HLA-DQB1~05:01_HLA-DQA1~01:02,0.6531154239019407,0.7243662303551419,0.559625498507721,0.5627906976744186,0.1806278669550073,5
esm3_small,e5,s100,HLA-DQB1~05:02_HLA-DQA1~01:02,0.729074074074074,0.6185174657184762,0.5739292942859755,0.6678571428571429,0.3152414766856433,5
esm3_small,e5,s100,HLA-DQB1~05:03_HLA-DQA1~01:04,0.6554188034188033,0.4770871370474781,0.44935152836150766,0.6383233532934132,0.19821461385623287,5
esm3_small,e5,s100,HLA-DQB1~06:02_HLA-DQA1~01:02,0.7401759157582413,0.6245398046776989,0.5372074230553119,0.6928374655647384,0.3169759564540463,5
esm3_small,e5,s100,HLA-DQB1~06:03_HLA-DQA1~01:03,0.8215832943743182,0.5534132944178005,0.5727838930363083,0.7509293680297399,0.4318778181748918,5
esm3_small,e5,s100,HLA-DRB1~01:01_HLA-DRA~01:01,0.7595469490111293,0.8912283305625575,0.867769234253322,0.7784179412592662,0.2821766906191692,5
esm3_small,e5,s100,HLA-DRB1~03:01_HLA-DRA~01:01,0.7190836997195379,0.7060957086782998,0.6708613840059277,0.6492767598842816,0.3102247673170863,5
esm3_small,e5,s100,HLA-DRB1~04:04_HLA-DRA~01:01,0.6419959397725897,0.4590259058866898,0.5720519491422124,0.5313126453371823,0.22422347473496318,5
esm3_small,e5,s100,HLA-DRB1~04:05_HLA-DRA~01:01,0.7936231544410594,0.8682958117064012,0.7448222807692063,0.7089279311581211,0.43067605543128834,5
esm3_small,e5,s100,HLA-DRB1~07:01_HLA-DRA~01:01,0.7890002330851835,0.61387432225225,0.590725835331524,0.7353690993136294,0.4127160650025791,5
esm3_small,e5,s100,HLA-DRB1~08:01_HLA-DRA~01:01,0.806789504727649,0.9276948330279098,0.7333681875718752,0.6635694050991502,0.3767105321744823,5
esm3_small,e5,s100,HLA-DRB1~08:02_HLA-DRA~01:01,0.722328803286514,0.6501018823821633,0.6346919332108809,0.6644917257683215,0.3271382205664464,5
esm3_small,e5,s100,HLA-DRB1~09:01_HLA-DRA~01:01,0.7924342593648259,0.8020040972722644,0.7669988578104855,0.7329337094499294,0.45656193412800816,5
esm3_small,e5,s100,HLA-DRB1~11:01_HLA-DRA~01:01,0.8463602445567069,0.8590597693443176,0.7885842524921259,0.7622207764042507,0.5247731764674808,5
esm3_small,e5,s100,HLA-DRB1~12:01_HLA-DRA~01:01,0.7813319905192697,0.7802761979687586,0.7059404716887081,0.7039085989176188,0.414386207481854,5
esm3_small,e5,s100,HLA-DRB1~13:01_HLA-DRA~01:01,0.8440790066267774,0.9037513541852397,0.7695947446342944,0.7287044877222693,0.46920207519718293,5
esm3_small,e5,s100,HLA-DRB1~13:02_HLA-DRA~01:01,0.7297786231424247,0.68303704782843,0.6748788124521075,0.6645586297760211,0.34005054161475856,5
esm3_small,e5,s100,HLA-DRB1~14:54_HLA-DRA~01:01,0.8975989160995883,0.9641759645207459,0.8901609548953537,0.8367346938775511,0.573754513914938,5
esm3_small,e5,s100,HLA-DRB1~15:01_HLA-DRA~01:01,0.7783630753891245,0.5775143523262619,0.578353666657245,0.6944067296340023,0.3835148607385114,5
esm3_small,e5,s100,HLA-DRB1~16:02_HLA-DRA~01:01,0.750462962962963,0.9181857856315643,0.8273793566190071,0.7357142857142857,0.2608727649834541,5
esm3_small,e5,s100,HLA-DRB3~01:01_HLA-DRA~01:01,0.6959663179328374,0.6096834188273341,0.6052110535159485,0.5905071521456438,0.258255659268314,5
esm3_small,e5,s100,HLA-DRB3~02:02_HLA-DRA~01:01,0.8325488179780429,0.8433680027424172,0.7804278266991455,0.7482851637764932,0.49784168541741264,5
esm3_small,e5,s100,HLA-DRB3~03:01_HLA-DRA~01:01,0.6951880435191808,0.7812267614931591,0.6038385861003973,0.5815104166666666,0.236615930703089,5
esm3_small,e5,s100,HLA-DRB4~01:01_HLA-DRA~01:01,0.787374327567657,0.7784076470714775,0.7272878976498368,0.68731241473397,0.40500681845453484,5
esm3_small,e5,s100,HLA-DRB5~01:01_HLA-DRA~01:01,0.8244005147313362,0.8930525218515788,0.8154192750576248,0.7533161068044789,0.4524703325424816,5
esm3_small,e5,s128,H2-IAbB_H2-IAbA,0.7480690044944425,0.9031209349445056,0.7833054883302454,0.7004897159647404,0.3032832637081161,5
esm3_small,e5,s128,H2-IAdB_H2-IAdA,0.630795574288725,0.532916917936407,0.5591004921342829,0.5671999999999999,0.16423540355687855,5
esm3_small,e5,s128,H2-IEdB_H2-IEdA,0.44904738641915004,0.20897777379718846,0.24760354083752537,0.4660714285714286,-0.06499343019601614,5
esm3_small,e5,s128,HLA-DPB1~01:01_HLA-DPA1~02:01,0.966542607124903,0.9860165473773954,0.9265103146546307,0.9005501481168008,0.7782184858956335,5
esm3_small,e5,s128,HLA-DPB1~02:01_HLA-DPA1~01:03,0.9393524795559861,0.9794471844578323,0.8994137353189131,0.8312599681020734,0.478266442481868,5
esm3_small,e5,s128,HLA-DPB1~04:01_HLA-DPA1~01:03,0.9706685236768802,0.9918470334381324,0.940079704674579,0.9089453340695748,0.7597612538466895,5
esm3_small,e5,s128,HLA-DPB1~04:02_HLA-DPA1~03:01,0.8420419519834725,0.6258530570575724,0.6252634270653952,0.7979508196721312,0.49232877203568953,5
esm3_small,e5,s128,HLA-DPB1~05:01_HLA-DPA1~02:01,0.8130913134484562,0.5172198278031235,0.5336835029560263,0.7698770491803278,0.40192098318817127,5
esm3_small,e5,s128,HLA-DPB1~05:01_HLA-DPA1~02:02,0.843060838253826,0.9180892372026879,0.8006733029125265,0.7537685908747165,0.4961985856961985,5
esm3_small,e5,s128,HLA-DQB1~02:01_HLA-DQA1~05:01,0.8406923486902759,0.8941466599801352,0.7834986052297868,0.7173245614035088,0.41562086283033917,5
esm3_small,e5,s128,HLA-DQB1~03:01_HLA-DQA1~02:01,0.7452191172793199,0.7602934672129381,0.7186571369802598,0.6729050279329609,0.35507925643195365,5
esm3_small,e5,s128,HLA-DQB1~03:01_HLA-DQA1~03:01,0.8140056022408964,0.8089536488911039,0.685465120172027,0.7052631578947368,0.4226566613662408,5
esm3_small,e5,s128,HLA-DQB1~03:01_HLA-DQA1~05:01,0.7700054558079555,0.8284953812192454,0.761866611370625,0.6663336663336663,0.2793180252630918,5
esm3_small,e5,s128,HLA-DQB1~03:02_HLA-DQA1~03:01,0.7018501615330146,0.6543577610670237,0.5985762949349906,0.627579795475674,0.26735852735537435,5
esm3_small,e5,s128,HLA-DQB1~03:02_HLA-DQA1~05:01,0.8132275005777767,0.6949183109269048,0.6727622393163795,0.733972602739726,0.4567641848287984,5
esm3_small,e5,s128,HLA-DQB1~03:03_HLA-DQA1~02:01,0.8431756622582309,0.7869517357877125,0.7365009910122546,0.7716292134831461,0.5405647913939615,5
esm3_small,e5,s128,HLA-DQB1~03:03_HLA-DQA1~05:01,0.8463432400932401,0.8329782714743471,0.7162742155799858,0.7562737642585551,0.5102108882007579,5
esm3_small,e5,s128,HLA-DQB1~04:02_HLA-DQA1~02:01,0.8525191498543532,0.8234202197446059,0.7494659387644431,0.7826210826210825,0.5603527616129946,5
esm3_small,e5,s128,HLA-DQB1~04:02_HLA-DQA1~03:03,0.7263351936411298,0.5202793747730304,0.5477119986240384,0.6648956356736242,0.3107664093776446,5
esm3_small,e5,s128,HLA-DQB1~04:02_HLA-DQA1~05:01,0.8511203262854317,0.8800331570112583,0.7305081135024739,0.7457184325108853,0.5336470013185095,5
esm3_small,e5,s128,HLA-DQB1~04:02_HLA-DQA1~06:01,0.845396728225011,0.7021831523989202,0.6539614596093272,0.7108571428571429,0.4784752137341937,5
esm3_small,e5,s128,HLA-DQB1~05:01_HLA-DQA1~01:01,0.6928587184823579,0.43201484165948695,0.42971414249467293,0.6610232558139535,0.22454879645753315,5
esm3_small,e5,s128,HLA-DQB1~05:01_HLA-DQA1~01:02,0.6537078651685393,0.7314730940793506,0.5260450834202931,0.5452804377564979,0.15862495981016295,5
esm3_small,e5,s128,HLA-DQB1~05:02_HLA-DQA1~01:02,0.7472839506172839,0.6202711124520184,0.6070813984853201,0.6797619047619048,0.35600472630076985,5
esm3_small,e5,s128,HLA-DQB1~05:03_HLA-DQA1~01:04,0.6474871794871795,0.44841380976979817,0.4747018440801282,0.6479041916167665,0.22005190522613355,5
esm3_small,e5,s128,HLA-DQB1~06:02_HLA-DQA1~01:02,0.7068657324247868,0.594784062285173,0.47154550893804775,0.6730027548209366,0.27198889016433664,5
esm3_small,e5,s128,HLA-DQB1~06:03_HLA-DQA1~01:03,0.8082437275985663,0.5174658960228965,0.5541223475780246,0.7427509293680298,0.4019666493275908,5
esm3_small,e5,s128,HLA-DRB1~01:01_HLA-DRA~01:01,0.7657894386833233,0.894362589511975,0.8711771215833621,0.7890213005536267,0.3445905428600735,5
esm3_small,e5,s128,HLA-DRB1~03:01_HLA-DRA~01:01,0.7278222896720007,0.711258710441024,0.6869400937083208,0.6663452266152363,0.33822196547422506,5
esm3_small,e5,s128,HLA-DRB1~04:04_HLA-DRA~01:01,0.6670005633896088,0.4857678942740041,0.5803003703784795,0.5455536845481517,0.24525537902104966,5
esm3_small,e5,s128,HLA-DRB1~04:05_HLA-DRA~01:01,0.8434661354581674,0.897165637176174,0.8187579372512725,0.7730369307995698,0.5197136381060828,5
esm3_small,e5,s128,HLA-DRB1~07:01_HLA-DRA~01:01,0.7628890401798093,0.589195681889228,0.5686085170292274,0.660778820563104,0.3513000070417513,5
esm3_small,e5,s128,HLA-DRB1~08:01_HLA-DRA~01:01,0.8037256697050511,0.9249780356928049,0.7457334097217073,0.6724079320113314,0.372918215314528,5
esm3_small,e5,s128,HLA-DRB1~08:02_HLA-DRA~01:01,0.7258727994676774,0.6516743590606697,0.5903130402908227,0.6577777777777778,0.302292436647613,5
esm3_small,e5,s128,HLA-DRB1~09:01_HLA-DRA~01:01,0.7748280571073868,0.7843579666780851,0.7556846603795437,0.7174894217207334,0.4235295946616051,5
esm3_small,e5,s128,HLA-DRB1~11:01_HLA-DRA~01:01,0.8375727550151222,0.8472983182022844,0.7858508961535352,0.7411407503795272,0.4917498104039881,5
esm3_small,e5,s128,HLA-DRB1~12:01_HLA-DRA~01:01,0.8173474791849349,0.8219549925697855,0.7273818741253435,0.7314491882140709,0.4654310060090941,5
esm3_small,e5,s128,HLA-DRB1~13:01_HLA-DRA~01:01,0.8750704497201311,0.927438186699387,0.8330254474591585,0.7898391193903471,0.5583795308924705,5
esm3_small,e5,s128,HLA-DRB1~13:02_HLA-DRA~01:01,0.7255997944711502,0.684422312517097,0.6338977601374044,0.6546332894158982,0.3107532201832545,5
esm3_small,e5,s128,HLA-DRB1~14:54_HLA-DRA~01:01,0.9018153294486778,0.9661766306099487,0.8878269038373278,0.8357628765792031,0.5879942198482807,5
esm3_small,e5,s128,HLA-DRB1~15:01_HLA-DRA~01:01,0.7790564773251455,0.581727261457808,0.5799502386267528,0.716956906729634,0.39066671923564333,5
esm3_small,e5,s128,HLA-DRB1~16:02_HLA-DRA~01:01,0.681886574074074,0.8777813741425504,0.7954646567743541,0.6942857142857143,0.17683193181528872,5
esm3_small,e5,s128,HLA-DRB3~01:01_HLA-DRA~01:01,0.7112089734004288,0.6281146868805698,0.6133222662830045,0.6007152145643693,0.2754436415410668,5
esm3_small,e5,s128,HLA-DRB3~02:02_HLA-DRA~01:01,0.8334814563856145,0.8471892563891303,0.7384350044478054,0.7347976878612716,0.48490229917037053,5
esm3_small,e5,s128,HLA-DRB3~03:01_HLA-DRA~01:01,0.7930022964273613,0.8674806629403408,0.7808753983709845,0.7260416666666667,0.4229347184659608,5
esm3_small,e5,s128,HLA-DRB4~01:01_HLA-DRA~01:01,0.7885321526111065,0.7754546521128669,0.7283824238535315,0.6989540700318326,0.417588093723524,5
esm3_small,e5,s128,HLA-DRB5~01:01_HLA-DRA~01:01,0.8389921767847988,0.9074878197938909,0.8361049981350593,0.7688774045363193,0.4643973476078694,5
esm3_small,e5,s42,H2-IAbB_H2-IAbA,0.77743397706258,0.9171755910477236,0.7710483752118416,0.6970617042115573,0.35881403950891233,5
esm3_small,e5,s42,H2-IAdB_H2-IAdA,0.6343256059009483,0.5339343850704535,0.564698408801963,0.5848,0.19209816176811595,5
esm3_small,e5,s42,H2-IEdB_H2-IEdA,0.5027845627747924,0.20113538294288072,0.3184839872513562,0.46964285714285714,0.04217695678770912,5
esm3_small,e5,s42,HLA-DPB1~01:01_HLA-DPA1~02:01,0.9479836064176956,0.9788450154396513,0.894733582173776,0.8387642826914938,0.5946911435024262,5
esm3_small,e5,s42,HLA-DPB1~02:01_HLA-DPA1~01:03,0.9059503263659382,0.9664866490495772,0.8889615890608165,0.8091706539074959,0.3349402032371985,5
esm3_small,e5,s42,HLA-DPB1~04:01_HLA-DPA1~01:03,0.9682273909006499,0.9908293975052803,0.9481942844324713,0.9196024295969079,0.7729523361345912,5
esm3_small,e5,s42,HLA-DPB1~04:02_HLA-DPA1~03:01,0.8422840894575788,0.622543672586197,0.6165310346694797,0.7936475409836066,0.48067277210054166,5
esm3_small,e5,s42,HLA-DPB1~05:01_HLA-DPA1~02:01,0.7887218733647305,0.4870733562785139,0.49774081545800125,0.6909836065573771,0.3518460771574356,5
esm3_small,e5,s42,HLA-DPB1~05:01_HLA-DPA1~02:02,0.8395211360405834,0.9141300905938626,0.7743661970619119,0.7328459793294682,0.4849200371790173,5
esm3_small,e5,s42,HLA-DQB1~02:01_HLA-DQA1~05:01,0.8409774218602871,0.8971950655919478,0.7779303483063104,0.7031798245614035,0.3876636761227109,5
esm3_small,e5,s42,HLA-DQB1~03:01_HLA-DQA1~02:01,0.722435296324081,0.7340506712894476,0.7103272069497553,0.6363128491620111,0.2901394426474342,5
esm3_small,e5,s42,HLA-DQB1~03:01_HLA-DQA1~03:01,0.8630252100840335,0.8465659505231088,0.7412735720281576,0.7710526315789474,0.5483698333595866,5
esm3_small,e5,s42,HLA-DQB1~03:01_HLA-DQA1~05:01,0.7594344145752736,0.8193836763861316,0.7521337291056283,0.6561438561438562,0.2526585845461148,5
esm3_small,e5,s42,HLA-DQB1~03:02_HLA-DQA1~03:01,0.6607700398932808,0.6262007246530064,0.5446595096033391,0.6158661295320732,0.2202375780753528,5
esm3_small,e5,s42,HLA-DQB1~03:02_HLA-DQA1~05:01,0.7658338712633784,0.6226958187116723,0.5516283263626027,0.6931506849315069,0.33672510455135224,5
esm3_small,e5,s42,HLA-DQB1~03:03_HLA-DQA1~02:01,0.8539957901425792,0.8155623987524159,0.7127934370969629,0.7573033707865169,0.5212383400581174,5
esm3_small,e5,s42,HLA-DQB1~03:03_HLA-DQA1~05:01,0.8562645687645688,0.8308534780725033,0.7561209781160415,0.7623574144486692,0.5347424397434052,5
esm3_small,e5,s42,HLA-DQB1~04:02_HLA-DQA1~02:01,0.8650572213416101,0.8291260288204125,0.6734636042619553,0.7678062678062678,0.534496725189961,5
esm3_small,e5,s42,HLA-DQB1~04:02_HLA-DQA1~03:03,0.7446203280906477,0.5391716666604431,0.5831443929205122,0.6493358633776092,0.35067923163947917,5
esm3_small,e5,s42,HLA-DQB1~04:02_HLA-DQA1~05:01,0.8427038004061502,0.8712190607587514,0.6662639252058441,0.7059506531204645,0.4831650745571719,5
esm3_small,e5,s42,HLA-DQB1~04:02_HLA-DQA1~06:01,0.8457062204536951,0.6912676613172211,0.6400916295254824,0.6860952380952381,0.45924972701344463,5
esm3_small,e5,s42,HLA-DQB1~05:01_HLA-DQA1~01:01,0.7309023948133159,0.47789168327689646,0.46764149324183135,0.7093953488372093,0.284969015867533,5
esm3_small,e5,s42,HLA-DQB1~05:01_HLA-DQA1~01:02,0.6694492024829103,0.7438184458986408,0.5315285775987437,0.5548563611491109,0.19172582003430247,5
esm3_small,e5,s42,HLA-DQB1~05:02_HLA-DQA1~01:02,0.7602469135802469,0.6599276937026046,0.5602964768516586,0.6726190476190477,0.33545454833483623,5
esm3_small,e5,s42,HLA-DQB1~05:03_HLA-DQA1~01:04,0.6674529914529914,0.4715022461329683,0.47412104400394284,0.6275449101796406,0.20315464464736316,5
esm3_small,e5,s42,HLA-DQB1~06:02_HLA-DQA1~01:02,0.6843259350297071,0.5664846912691291,0.4691316085842746,0.6670339761248852,0.24410465384441463,5
esm3_small,e5,s42,HLA-DQB1~06:03_HLA-DQA1~01:03,0.7987688951223313,0.4950603302426465,0.534087577051795,0.7412639405204461,0.381821249976365,5
esm3_small,e5,s42,HLA-DRB1~01:01_HLA-DRA~01:01,0.7400953002173802,0.8799449716438079,0.8674484237065279,0.7816083325513746,0.3122252303618137,5
esm3_small,e5,s42,HLA-DRB1~03:01_HLA-DRA~01:01,0.7330021908779134,0.7224698302707718,0.6560913998969187,0.6602217936354869,0.3295687400885533,5
esm3_small,e5,s42,HLA-DRB1~04:04_HLA-DRA~01:01,0.6788798257908886,0.49888801514724346,0.5819428279197136,0.5204394194531312,0.24464686554292947,5
esm3_small,e5,s42,HLA-DRB1~04:05_HLA-DRA~01:01,0.8435932460633655,0.8960289131136852,0.8339801345446773,0.7816421656507708,0.5209663699489749,5
esm3_small,e5,s42,HLA-DRB1~07:01_HLA-DRA~01:01,0.6770417835081586,0.46370643635162007,0.42675607477849303,0.6361255077741981,0.1997696588869651,5
esm3_small,e5,s42,HLA-DRB1~08:01_HLA-DRA~01:01,0.7788730355740665,0.9147954983741318,0.7095102917746836,0.6372804532577904,0.34004284997269973,5
esm3_small,e5,s42,HLA-DRB1~08:02_HLA-DRA~01:01,0.7226027397260274,0.6484519691558246,0.6205568307299832,0.6608037825059101,0.3166828126537693,5
esm3_small,e5,s42,HLA-DRB1~09:01_HLA-DRA~01:01,0.7921626572416676,0.8054244631865414,0.7686297055465268,0.7345557122708039,0.45916227397820586,5
esm3_small,e5,s42,HLA-DRB1~11:01_HLA-DRA~01:01,0.8269473644793639,0.8319460312065411,0.7556139347564288,0.7203643461288224,0.46310702295253653,5
esm3_small,e5,s42,HLA-DRB1~12:01_HLA-DRA~01:01,0.7896921656638971,0.7930624587804063,0.6458448661306184,0.6909200240529165,0.4043743351917145,5
esm3_small,e5,s42,HLA-DRB1~13:01_HLA-DRA~01:01,0.8854172296210512,0.934410874507206,0.841674593116586,0.8010160880609654,0.5835554755674626,5
esm3_small,e5,s42,HLA-DRB1~13:02_HLA-DRA~01:01,0.7179446186418381,0.6721629406223218,0.6856387783984703,0.6538427755819061,0.33518406875159784,5
esm3_small,e5,s42,HLA-DRB1~14:54_HLA-DRA~01:01,0.9026506662320198,0.9666718291529243,0.8938945470701884,0.8435374149659864,0.6011380832055471,5
esm3_small,e5,s42,HLA-DRB1~15:01_HLA-DRA~01:01,0.7697714639100959,0.5777716940836088,0.5709162811004667,0.7211186540731995,0.3827941773967252,5
esm3_small,e5,s42,HLA-DRB1~16:02_HLA-DRA~01:01,0.7866319444444444,0.9219257565066487,0.8739812246244367,0.7871428571428571,0.2646051932363005,5
esm3_small,e5,s42,HLA-DRB3~01:01_HLA-DRA~01:01,0.6798900949340799,0.5857104358904713,0.5902450741131255,0.5935630689206761,0.23744477380304282,5
esm3_small,e5,s42,HLA-DRB3~02:02_HLA-DRA~01:01,0.8367895909060001,0.8504769922441341,0.7439455756860986,0.7433526011560694,0.49318792216762475,5
esm3_small,e5,s42,HLA-DRB3~03:01_HLA-DRA~01:01,0.7704295448556262,0.8513954487855211,0.7674851598100547,0.709375,0.38762947081206106,5
esm3_small,e5,s42,HLA-DRB4~01:01_HLA-DRA~01:01,0.7939806339485227,0.7837520985416604,0.7266763363013122,0.6826739427012278,0.3996526716860471,5
esm3_small,e5,s42,HLA-DRB5~01:01_HLA-DRA~01:01,0.832051994583928,0.9010166833156376,0.8350691871846374,0.7714613838644846,0.47440771255575037,5
esmc_small,e5,s100,H2-IAbB_H2-IAbA,0.695396752774905,0.8781724703045708,0.7291915690506778,0.6397649363369246,0.2281248201234028,5
esmc_small,e5,s100,H2-IAdB_H2-IAdA,0.6858008429926239,0.6051646219039732,0.5658109997838908,0.6352,0.25411149355009005,5
esmc_small,e5,s100,H2-IEdB_H2-IEdA,0.6347826086956522,0.2902113781183994,0.3937865296718157,0.5107142857142858,0.17916984321105403,5
esmc_small,e5,s100,HLA-DPB1~01:01_HLA-DPA1~02:01,0.9694108023823521,0.987988783003068,0.9316874662685499,0.9067287346593315,0.7882915472983449,5
esmc_small,e5,s100,HLA-DPB1~02:01_HLA-DPA1~01:03,0.9218192241046108,0.9713568344887806,0.8870451080753641,0.8070175438596492,0.36458823817857755,5
esmc_small,e5,s100,HLA-DPB1~04:01_HLA-DPA1~01:03,0.9758992571959146,0.9935129579022737,0.9558723092008883,0.9302595251242407,0.7920335721245306,5
esmc_small,e5,s100,HLA-DPB1~04:02_HLA-DPA1~03:01,0.8304893287349427,0.6050534870133754,0.593915232380145,0.7864754098360656,0.4511720603721671,5
esmc_small,e5,s100,HLA-DPB1~05:01_HLA-DPA1~02:01,0.8257914704343277,0.5379187340873577,0.5483054156881583,0.771311475409836,0.42099495413652094,5
esmc_small,e5,s100,HLA-DPB1~05:01_HLA-DPA1~02:02,0.846574507739553,0.9167344049633771,0.8313574183072238,0.7765061759516007,0.503821598347608,5
esmc_small,e5,s100,HLA-DQB1~02:01_HLA-DQA1~05:01,0.858245273705939,0.9074280833885868,0.7940490657233508,0.7380482456140351,0.46206491243024655,5
esmc_small,e5,s100,HLA-DQB1~03:01_HLA-DQA1~02:01,0.7220461365341335,0.7371284642257103,0.7153418139756622,0.6477653631284916,0.3090720573120725,5
esmc_small,e5,s100,HLA-DQB1~03:01_HLA-DQA1~03:01,0.8473389355742297,0.8321478808686601,0.7582691101856187,0.7973684210526316,0.5910752676126442,5
esmc_small,e5,s100,HLA-DQB1~03:01_HLA-DQA1~05:01,0.7816660053566113,0.8421825295188612,0.751279728099979,0.6117882117882119,0.14505983584646556,5
esmc_small,e5,s100,HLA-DQB1~03:02_HLA-DQA1~03:01,0.7098717693397061,0.6764293087786398,0.5891805917350978,0.6474744344592501,0.2871738303179957,5
esmc_small,e5,s100,HLA-DQB1~03:02_HLA-DQA1~05:01,0.7537587363824005,0.5920366104993903,0.524805645126791,0.6873972602739726,0.3079396256456195,5
esmc_small,e5,s100,HLA-DQB1~03:03_HLA-DQA1~02:01,0.8792183962826166,0.8520785889534783,0.7298721558901156,0.7808988764044944,0.5676327776836284,5
esmc_small,e5,s100,HLA-DQB1~03:03_HLA-DQA1~05:01,0.847488344988345,0.8194450609479592,0.7383055051005444,0.7368821292775666,0.4994540067616892,5
esmc_small,e5,s100,HLA-DQB1~04:02_HLA-DQA1~02:01,0.8603965243947982,0.8310224448391971,0.7385036855727393,0.788888888888889,0.568153116095089,5
esmc_small,e5,s100,HLA-DQB1~04:02_HLA-DQA1~03:03,0.7894233045831219,0.6196839005951761,0.6051644267643258,0.6709677419354839,0.39385113666696664,5
esmc_small,e5,s100,HLA-DQB1~04:02_HLA-DQA1~05:01,0.8342531442516083,0.8607730963623819,0.7222570523763447,0.734978229317852,0.5048246622182211,5
esmc_small,e5,s100,HLA-DQB1~04:02_HLA-DQA1~06:01,0.8532122572526613,0.7189176114825688,0.6731793599596113,0.7371428571428571,0.5092891959145762,5
esmc_small,e5,s100,HLA-DQB1~05:01_HLA-DQA1~01:01,0.7493367987954003,0.5251621124242335,0.49519352634016156,0.7374883720930233,0.32494424757302226,5
esmc_small,e5,s100,HLA-DQB1~05:01_HLA-DQA1~01:02,0.6688520468295749,0.7435663759808603,0.4901170067129422,0.5447332421340629,0.19958035624089018,5
esmc_small,e5,s100,HLA-DQB1~05:02_HLA-DQA1~01:02,0.7392901234567901,0.6440528470486574,0.5811286632516712,0.6797619047619048,0.33402693064580796,5
esmc_small,e5,s100,HLA-DQB1~05:03_HLA-DQA1~01:04,0.6707692307692307,0.48461046812317754,0.4909775442058389,0.5976047904191617,0.20770256851981023,5
esmc_small,e5,s100,HLA-DQB1~06:02_HLA-DQA1~01:02,0.7202526743704049,0.5991738342663464,0.5455010714943872,0.6777777777777778,0.2982906884516606,5
esmc_small,e5,s100,HLA-DQB1~06:03_HLA-DQA1~01:03,0.867882187938289,0.682516296353258,0.6162181202577173,0.8133828996282528,0.5039278730834126,5
esmc_small,e5,s100,HLA-DRB1~01:01_HLA-DRA~01:01,0.7633510199519207,0.8901954149809047,0.86482213891362,0.7851928310030966,0.36379602302050296,5
esmc_small,e5,s100,HLA-DRB1~03:01_HLA-DRA~01:01,0.7763895708259871,0.76980091117238,0.6935135356122655,0.6983606557377049,0.3996384511544058,5
esmc_small,e5,s100,HLA-DRB1~04:04_HLA-DRA~01:01,0.730835089400392,0.5958974557184767,0.588711024669956,0.5296447758800417,0.26588764179891966,5
esmc_small,e5,s100,HLA-DRB1~04:05_HLA-DRA~01:01,0.8296060575624672,0.8879721384219046,0.827589389199413,0.7708856220867695,0.4939631323032151,5
esmc_small,e5,s100,HLA-DRB1~07:01_HLA-DRA~01:01,0.7663806607845395,0.6012922711310595,0.5749502337434986,0.6092730074240089,0.32746853394506215,5
esmc_small,e5,s100,HLA-DRB1~08:01_HLA-DRA~01:01,0.8140577449855799,0.9296981683199889,0.7247375522721575,0.6568838526912181,0.3835466233998234,5
esmc_small,e5,s100,HLA-DRB1~08:02_HLA-DRA~01:01,0.7407474577251885,0.6716309190210517,0.6342084952116085,0.6725295508274232,0.3464861590125618,5
esmc_small,e5,s100,HLA-DRB1~09:01_HLA-DRA~01:01,0.8004007144757344,0.806187911497634,0.7713593093910951,0.7398448519040903,0.47296471146845853,5
esmc_small,e5,s100,HLA-DRB1~11:01_HLA-DRA~01:01,0.8708031684648333,0.8793610265853928,0.7920426053305283,0.7816091954022989,0.568613059387746,5
esmc_small,e5,s100,HLA-DRB1~12:01_HLA-DRA~01:01,0.8156753283961764,0.818142342700179,0.72664150177944,0.732291040288635,0.4681283247508519,5
esmc_small,e5,s100,HLA-DRB1~13:01_HLA-DRA~01:01,0.88085247378241,0.9309514243341948,0.8316313992466938,0.7920406435224386,0.5749635280765151,5
esmc_small,e5,s100,HLA-DRB1~13:02_HLA-DRA~01:01,0.7275713547260803,0.6821759337019877,0.6375112152235202,0.663768115942029,0.3254711164790215,5
esmc_small,e5,s100,HLA-DRB1~14:54_HLA-DRA~01:01,0.8625657063689337,0.9460063823132228,0.894220460411705,0.8336248785228377,0.518635178798112,5
esmc_small,e5,s100,HLA-DRB1~15:01_HLA-DRA~01:01,0.7531363769679753,0.5424566546399543,0.544170131896697,0.7192443919716647,0.3503780140080865,5
esmc_small,e5,s100,HLA-DRB1~16:02_HLA-DRA~01:01,0.804050925925926,0.9337564639591511,0.8704162614013431,0.7828571428571428,0.2603490099368681,5
esmc_small,e5,s100,HLA-DRB3~01:01_HLA-DRA~01:01,0.7694739474795895,0.6957285865884189,0.6543808846798663,0.6665799739921977,0.3739824330353187,5
esmc_small,e5,s100,HLA-DRB3~02:02_HLA-DRA~01:01,0.8495463855788191,0.8591344022906989,0.7863362966186702,0.7277071290944124,0.48623216257472146,5
esmc_small,e5,s100,HLA-DRB3~03:01_HLA-DRA~01:01,0.7721928998983548,0.85551489510345,0.7629033003945844,0.7080729166666666,0.39179065302878413,5
esmc_small,e5,s100,HLA-DRB4~01:01_HLA-DRA~01:01,0.7821140445253663,0.7724234570872978,0.7245211451227982,0.6895861755343338,0.40119728050734843,5
esmc_small,e5,s100,HLA-DRB5~01:01_HLA-DRA~01:01,0.8497634485246752,0.9088912640364359,0.8442298033792535,0.7800746482917026,0.49157175840006007,5
esmc_small,e5,s128,H2-IAbB_H2-IAbA,0.7150246636857504,0.8873911815290793,0.7455874241316652,0.6599412340842311,0.27022132978166025,5
esmc_small,e5,s128,H2-IAdB_H2-IAdA,0.6481691253951528,0.5470551391256665,0.5603394744464781,0.612,0.21785207180153288,5
esmc_small,e5,s128,H2-IEdB_H2-IEdA,0.6310698583292623,0.28230566594226597,0.40940122183112837,0.46964285714285714,0.22999478867661086,5
esmc_small,e5,s128,HLA-DPB1~01:01_HLA-DPA1~02:01,0.9614418513500848,0.9847699486884102,0.9184969001270422,0.8895471857807872,0.7530998054238661,5
esmc_small,e5,s128,HLA-DPB1~02:01_HLA-DPA1~01:03,0.9178763414009199,0.9722444856779735,0.8709351642767439,0.7752791068580542,0.19155883332086765,5
esmc_small,e5,s128,HLA-DPB1~04:01_HLA-DPA1~01:03,0.974862209842154,0.9930806656261348,0.9583409585954155,0.9340695748205411,0.8019218769880008,5
esmc_small,e5,s128,HLA-DPB1~04:02_HLA-DPA1~03:01,0.8218645696228541,0.6072133473064485,0.5905633934293,0.7629098360655738,0.4386142752989438,5
esmc_small,e5,s128,HLA-DPB1~05:01_HLA-DPA1~02:01,0.8303702250130822,0.5175995365584554,0.544371296469067,0.7448770491803278,0.42179707990786525,5
esmc_small,e5,s128,HLA-DPB1~05:01_HLA-DPA1~02:02,0.8679448140733387,0.9277202288163299,0.8517729522895049,0.802117469120242,0.5555243765429247,5
esmc_small,e5,s128,HLA-DQB1~02:01_HLA-DQA1~05:01,0.8438823125391576,0.8981359345062436,0.7888532956882716,0.7354166666666667,0.4530385917871965,5
esmc_small,e5,s128,HLA-DQB1~03:01_HLA-DQA1~02:01,0.748179232308077,0.7653896813526686,0.7229608466961921,0.6472067039106145,0.3183119439136056,5
esmc_small,e5,s128,HLA-DQB1~03:01_HLA-DQA1~03:01,0.8739495798319327,0.8585867022756709,0.7710788189691546,0.8131578947368421,0.6266823236239457,5
esmc_small,e5,s128,HLA-DQB1~03:01_HLA-DQA1~05:01,0.7849452765929306,0.8474233832866747,0.7521683920511947,0.6135864135864135,0.14634209753977528,5
esmc_small,e5,s128,HLA-DQB1~03:02_HLA-DQA1~03:01,0.7337384303163644,0.7024909312334078,0.6193075226901998,0.6661915091416176,0.3281848932186425,5
esmc_small,e5,s128,HLA-DQB1~03:02_HLA-DQA1~05:01,0.7812577202923151,0.6328456453232723,0.6078806346518393,0.712054794520548,0.3836805083874307,5
esmc_small,e5,s128,HLA-DQB1~03:03_HLA-DQA1~02:01,0.8510806624568092,0.8190985775487787,0.6942422493792095,0.7550561797752808,0.5147433182615767,5
esmc_small,e5,s128,HLA-DQB1~03:03_HLA-DQA1~05:01,0.8522144522144522,0.8320518010531508,0.7546150020947339,0.7631178707224334,0.5308585741197216,5
esmc_small,e5,s128,HLA-DQB1~04:02_HLA-DQA1~02:01,0.8570072283957277,0.8274426781425618,0.7215964860968159,0.7806267806267806,0.5518910099717198,5
esmc_small,e5,s128,HLA-DQB1~04:02_HLA-DQA1~03:03,0.7832031117875866,0.6067146492197268,0.6100059017273348,0.6774193548387097,0.40251346601404653,5
esmc_small,e5,s128,HLA-DQB1~04:02_HLA-DQA1~05:01,0.846258468574549,0.876244818898096,0.7247844617622777,0.7381712626995646,0.5140054136182329,5
esmc_small,e5,s128,HLA-DQB1~04:02_HLA-DQA1~06:01,0.8597422031765465,0.7255941170886542,0.6894608342754864,0.7683809523809524,0.5344413484668593,5
esmc_small,e5,s128,HLA-DQB1~05:01_HLA-DQA1~01:01,0.7524662644940394,0.5200092415212443,0.48540638710493045,0.738046511627907,0.31940484785166334,5
esmc_small,e5,s128,HLA-DQB1~05:01_HLA-DQA1~01:02,0.703936512925277,0.7701897682557602,0.6499025265152654,0.6281805745554034,0.2838499572614374,5
esmc_small,e5,s128,HLA-DQB1~05:02_HLA-DQA1~01:02,0.7385185185185186,0.6684160642099305,0.5550978585520447,0.6785714285714286,0.3092522822056378,5
esmc_small,e5,s128,HLA-DQB1~05:03_HLA-DQA1~01:04,0.6641025641025641,0.5099319512487467,0.47722961760381627,0.6227544910179641,0.21900277640027038,5
esmc_small,e5,s128,HLA-DQB1~06:02_HLA-DQA1~01:02,0.7089615952410389,0.5812574695974944,0.5291085702621483,0.6622589531680441,0.2711827649526168,5
esmc_small,e5,s128,HLA-DQB1~06:03_HLA-DQA1~01:03,0.8395823593579553,0.596808437987351,0.586763643902553,0.7479553903345725,0.4529086947272954,5
esmc_small,e5,s128,HLA-DRB1~01:01_HLA-DRA~01:01,0.7624755040332565,0.8930107614949542,0.8646860201030891,0.7859059772919208,0.368975478821694,5
esmc_small,e5,s128,HLA-DRB1~03:01_HLA-DRA~01:01,0.7756858349885806,0.7635516941679239,0.6905526766506556,0.7026036644165863,0.40818486814131144,5
esmc_small,e5,s128,HLA-DRB1~04:04_HLA-DRA~01:01,0.6880473569494006,0.5293716337760238,0.5794744267035432,0.5272391949322428,0.23970440495043904,5
esmc_small,e5,s128,HLA-DRB1~04:05_HLA-DRA~01:01,0.8007411251353131,0.870031309761227,0.7996524710130893,0.7407673001075654,0.4336390999241755,5
esmc_small,e5,s128,HLA-DRB1~07:01_HLA-DRA~01:01,0.7807569677610283,0.6267011884869048,0.5929477929086897,0.6562964000560303,0.36769699483061236,5
esmc_small,e5,s128,HLA-DRB1~08:01_HLA-DRA~01:01,0.8114067876954476,0.9284970182784569,0.8003863864018061,0.7255524079320114,0.4013503950258143,5
esmc_small,e5,s128,HLA-DRB1~08:02_HLA-DRA~01:01,0.737242879460734,0.6652948367436391,0.6516590146343675,0.6755555555555556,0.3527651756698935,5
esmc_small,e5,s128,HLA-DRB1~09:01_HLA-DRA~01:01,0.8040337982492811,0.812080523148462,0.7836265783251306,0.743511988716502,0.4760238455330744,5
esmc_small,e5,s128,HLA-DRB1~11:01_HLA-DRA~01:01,0.8716439077934673,0.8769315899797846,0.8161401193730373,0.7879852526566905,0.5776092386218638,5
esmc_small,e5,s128,HLA-DRB1~12:01_HLA-DRA~01:01,0.8353400300396766,0.8473843546818234,0.6908291016109083,0.7301262778111847,0.4904769632600753,5
esmc_small,e5,s128,HLA-DRB1~13:01_HLA-DRA~01:01,0.8684604001801454,0.9201301994958884,0.8476016472496571,0.7989839119390347,0.5592252639429152,5
esmc_small,e5,s128,HLA-DRB1~13:02_HLA-DRA~01:01,0.7204755021373143,0.6776992359722531,0.6643113607489489,0.6592007026789635,0.3252805258879932,5
esmc_small,e5,s128,HLA-DRB1~14:54_HLA-DRA~01:01,0.8956297624383683,0.9610538460259892,0.9049616154225827,0.8509232264334304,0.5713168391713198,5
esmc_small,e5,s128,HLA-DRB1~15:01_HLA-DRA~01:01,0.729576908096919,0.5206671158162841,0.5298822829437995,0.6792650531286896,0.31089433014712925,5
esmc_small,e5,s128,HLA-DRB1~16:02_HLA-DRA~01:01,0.8076388888888889,0.9352744608281895,0.8652429920783467,0.7842857142857144,0.330587401510591,5
esmc_small,e5,s128,HLA-DRB3~01:01_HLA-DRA~01:01,0.7773311522003107,0.7139876507440509,0.6541953742204563,0.6464889466840053,0.36587778526102205,5
esmc_small,e5,s128,HLA-DRB3~02:02_HLA-DRA~01:01,0.847896076071228,0.8625051585328599,0.7877828673578567,0.746204238921002,0.5044102365974099,5
esmc_small,e5,s128,HLA-DRB3~03:01_HLA-DRA~01:01,0.7887964461845425,0.8688472224911689,0.773221695392957,0.7205729166666667,0.4204341934193475,5
esmc_small,e5,s128,HLA-DRB4~01:01_HLA-DRA~01:01,0.7838304229082181,0.7792992270685913,0.7191309698865158,0.6922237380627558,0.3992838760697541,5
esmc_small,e5,s128,HLA-DRB5~01:01_HLA-DRA~01:01,0.8523504701086282,0.9123723064094476,0.8458266520857964,0.7909847832328453,0.5252995291458713,5
esmc_small,e5,s42,H2-IAbB_H2-IAbA,0.7244931096749058,0.8922606668322904,0.7312370326535368,0.6508325171400587,0.28092818938625064,5
esmc_small,e5,s42,H2-IAdB_H2-IAdA,0.664581138040042,0.5832109264346721,0.5125427745520599,0.624,0.21401782442683795,5
esmc_small,e5,s42,H2-IEdB_H2-IEdA,0.5921836834391793,0.3073810131679264,0.36226877299443194,0.42142857142857143,0.1027076132685292,5
esmc_small,e5,s42,HLA-DPB1~01:01_HLA-DPA1~02:01,0.9669708511200292,0.9868283193834019,0.9291346416966431,0.9002962336013542,0.7626387204505318,5
esmc_small,e5,s42,HLA-DPB1~02:01_HLA-DPA1~01:03,0.9230868181166751,0.9734547241561998,0.8697862171521166,0.7729665071770335,0.1783414987772382,5
esmc_small,e5,s42,HLA-DPB1~04:01_HLA-DPA1~01:03,0.9774244196843082,0.9937294206242756,0.9622292019226462,0.9400331308669244,0.8175268227252479,5
esmc_small,e5,s42,HLA-DPB1~04:02_HLA-DPA1~03:01,0.8255854895231114,0.6076368847123056,0.5832113260722818,0.7754098360655738,0.43671223124313097,5
esmc_small,e5,s42,HLA-DPB1~05:01_HLA-DPA1~02:01,0.8113291470434328,0.4927936803115496,0.5440800343472632,0.7549180327868853,0.4166051480651484,5
esmc_small,e5,s42,HLA-DPB1~05:01_HLA-DPA1~02:02,0.8370045430565186,0.9144031729107166,0.8230763229994353,0.7673304764305521,0.48727927827684303,5
esmc_small,e5,s42,HLA-DQB1~02:01_HLA-DQA1~05:01,0.8580030353645822,0.9078412368917382,0.7910453996476153,0.7336622807017543,0.44871373160163663,5
esmc_small,e5,s42,HLA-DQB1~03:01_HLA-DQA1~02:01,0.6931295323830957,0.7149137694323768,0.7011761024133031,0.6164804469273742,0.24968303444036732,5
esmc_small,e5,s42,HLA-DQB1~03:01_HLA-DQA1~03:01,0.826610644257703,0.8225103294838055,0.7024201902056861,0.7684210526315789,0.5392269609907683,5
esmc_small,e5,s42,HLA-DQB1~03:01_HLA-DQA1~05:01,0.77806682538108,0.8464334694498341,0.7568769485750941,0.6331668331668332,0.20461832780700834,5
esmc_small,e5,s42,HLA-DQB1~03:02_HLA-DQA1~03:01,0.7081614476645677,0.6629916310024528,0.5600073514148178,0.6599938022931515,0.2910915287712585,5
esmc_small,e5,s42,HLA-DQB1~03:02_HLA-DQA1~05:01,0.7126337851945713,0.5460432975378071,0.5775386204438473,0.6542465753424658,0.29336573490802276,5
esmc_small,e5,s42,HLA-DQB1~03:03_HLA-DQA1~02:01,0.8944755550260137,0.879396515654683,0.7497303250839809,0.7963483146067416,0.5972836321162858,5
esmc_small,e5,s42,HLA-DQB1~03:03_HLA-DQA1~05:01,0.8520775058275059,0.824759269829215,0.7666116838531478,0.7692015209125476,0.5485822607935291,5
esmc_small,e5,s42,HLA-DQB1~04:02_HLA-DQA1~02:01,0.8627849656008033,0.8297026138282588,0.690235918663048,0.7777777777777778,0.5507116068678906,5
esmc_small,e5,s42,HLA-DQB1~04:02_HLA-DQA1~03:03,0.7757855572467445,0.5974398581633563,0.5646296385971662,0.5764705882352941,0.3234795216206443,5
esmc_small,e5,s42,HLA-DQB1~04:02_HLA-DQA1~05:01,0.8562671717947404,0.8782276750227087,0.7755379008545467,0.7703918722786647,0.5539377412745884,5
esmc_small,e5,s42,HLA-DQB1~04:02_HLA-DQA1~06:01,0.8578546406829235,0.7214420005787024,0.6818374050821888,0.7558095238095237,0.5234455482429299,5
esmc_small,e5,s42,HLA-DQB1~05:01_HLA-DQA1~01:01,0.7321213806861231,0.5087177559492548,0.4710155006367951,0.6552558139534883,0.26818528736896974,5
esmc_small,e5,s42,HLA-DQB1~05:01_HLA-DQA1~01:02,0.6461758466252848,0.7201029497029092,0.5609076587772881,0.5671682626538987,0.18573965011184962,5
esmc_small,e5,s42,HLA-DQB1~05:02_HLA-DQA1~01:02,0.7707716049382716,0.6906057234862832,0.6141987214412843,0.7130952380952381,0.39617927541299597,5
esmc_small,e5,s42,HLA-DQB1~05:03_HLA-DQA1~01:04,0.6736410256410256,0.5269947360010212,0.46552122181465305,0.6131736526946108,0.18989529698142332,5
esmc_small,e5,s42,HLA-DQB1~06:02_HLA-DQA1~01:02,0.7391443469154747,0.6300487493245757,0.5825320533793442,0.6795224977043158,0.32628482965483957,5
esmc_small,e5,s42,HLA-DQB1~06:03_HLA-DQA1~01:03,0.8616643291257597,0.6439024906865423,0.6040920943011777,0.7866171003717473,0.4782851085677554,5
esmc_small,e5,s42,HLA-DRB1~01:01_HLA-DRA~01:01,0.7540914855674834,0.88589375678761,0.8642752424759461,0.7844421506990711,0.361109189207889,5
esmc_small,e5,s42,HLA-DRB1~03:01_HLA-DRA~01:01,0.7814186399446515,0.7675530278400633,0.6406974720757177,0.6909836065573771,0.3978011491619853,5
esmc_small,e5,s42,HLA-DRB1~04:04_HLA-DRA~01:01,0.7306190557910157,0.5931127628204023,0.5911298760183459,0.5387057974500842,0.26878255393903305,5
esmc_small,e5,s42,HLA-DRB1~04:05_HLA-DRA~01:01,0.8282800450857634,0.8931568028780177,0.812326275977945,0.7589100035855145,0.47889372618605963,5
esmc_small,e5,s42,HLA-DRB1~07:01_HLA-DRA~01:01,0.7539292252268994,0.5894609923945465,0.5605158942472424,0.5784143437456226,0.2982983051715906,5
esmc_small,e5,s42,HLA-DRB1~08:01_HLA-DRA~01:01,0.829887860815696,0.9389751753610316,0.7765697222787631,0.7054957507082154,0.4184590266616266,5
esmc_small,e5,s42,HLA-DRB1~08:02_HLA-DRA~01:01,0.7568903603303874,0.6926964098914343,0.6759001039067121,0.6877541371158392,0.38186617195746964,5
esmc_small,e5,s42,HLA-DRB1~09:01_HLA-DRA~01:01,0.81533558823902,0.8266312803837721,0.7617775985376788,0.7413963328631876,0.4834021327441196,5
esmc_small,e5,s42,HLA-DRB1~11:01_HLA-DRA~01:01,0.8678192483255188,0.8730872300618421,0.8077226737416915,0.7869876382563434,0.572525457342958,5
esmc_small,e5,s42,HLA-DRB1~12:01_HLA-DRA~01:01,0.8034759783876393,0.8088091564978404,0.7310686204208475,0.7321707757065544,0.4672339501419798,5
esmc_small,e5,s42,HLA-DRB1~13:01_HLA-DRA~01:01,0.8867786141671491,0.9312445801922449,0.8476578813229981,0.8057578323454699,0.5888227271244536,5
esmc_small,e5,s42,HLA-DRB1~13:02_HLA-DRA~01:01,0.7369595968663041,0.6962800998696681,0.6689517023854868,0.6737812911725956,0.3517133528896552,5
esmc_small,e5,s42,HLA-DRB1~14:54_HLA-DRA~01:01,0.8704474145307852,0.9506793124777204,0.8942565246482553,0.8326530612244898,0.5142590252434307,5
esmc_small,e5,s42,HLA-DRB1~15:01_HLA-DRA~01:01,0.7517604677012614,0.5578974582469831,0.5437795914609218,0.7108471074380165,0.3449885567295111,5
esmc_small,e5,s42,HLA-DRB1~16:02_HLA-DRA~01:01,0.7803819444444444,0.9245630366156903,0.8607365475979831,0.7728571428571429,0.2674459079988195,5
esmc_small,e5,s42,HLA-DRB3~01:01_HLA-DRA~01:01,0.7598309180024782,0.6811657803000137,0.6429554154969415,0.6172301690507151,0.33719710009963216,5
esmc_small,e5,s42,HLA-DRB3~02:02_HLA-DRA~01:01,0.8529690420832503,0.8648960758796062,0.7908996544402813,0.7536030828516378,0.5170651447191642,5
esmc_small,e5,s42,HLA-DRB3~03:01_HLA-DRA~01:01,0.7494108346195837,0.8382627505227305,0.7675733372125979,0.69921875,0.3423166180732054,5
esmc_small,e5,s42,HLA-DRB4~01:01_HLA-DRA~01:01,0.7916782256062236,0.7857769582551641,0.7289587187606164,0.7034106412005456,0.4215163771820184,5
esmc_small,e5,s42,HLA-DRB5~01:01_HLA-DRA~01:01,0.8547262093776338,0.9104586245740827,0.8463574202866024,0.788975021533161,0.5206838247686514,5
